-- MySQL Administrator dump 1.4
--
-- ------------------------------------------------------
-- Server version	5.1.39-community


/*!40101 SET @OLD_CHARACTER_SET_CLIENT=@@CHARACTER_SET_CLIENT */;
/*!40101 SET @OLD_CHARACTER_SET_RESULTS=@@CHARACTER_SET_RESULTS */;
/*!40101 SET @OLD_COLLATION_CONNECTION=@@COLLATION_CONNECTION */;
/*!40101 SET NAMES utf8 */;

/*!40014 SET @OLD_UNIQUE_CHECKS=@@UNIQUE_CHECKS, UNIQUE_CHECKS=0 */;
/*!40014 SET @OLD_FOREIGN_KEY_CHECKS=@@FOREIGN_KEY_CHECKS, FOREIGN_KEY_CHECKS=0 */;
/*!40101 SET @OLD_SQL_MODE=@@SQL_MODE, SQL_MODE='NO_AUTO_VALUE_ON_ZERO' */;


--
-- Create schema shop_list
--

CREATE DATABASE IF NOT EXISTS shop_list;
USE shop_list;

--
-- Definition of table `action_state`
--

DROP TABLE IF EXISTS `action_state`;
CREATE TABLE `action_state` (
  `id` int(10) unsigned NOT NULL AUTO_INCREMENT,
  `name` varchar(50) DEFAULT NULL,
  PRIMARY KEY (`id`)
) ENGINE=InnoDB AUTO_INCREMENT=6 DEFAULT CHARSET=cp1251;

--
-- Dumping data for table `action_state`
--

/*!40000 ALTER TABLE `action_state` DISABLE KEYS */;
INSERT INTO `action_state` (`id`,`name`) VALUES 
 (1,'DONE'),
 (2,'ERROR'),
 (3,'IN_PROCESS'),
 (4,'NEW'),
 (5,'STOPPED');
/*!40000 ALTER TABLE `action_state` ENABLE KEYS */;


--
-- Definition of table `actions`
--

DROP TABLE IF EXISTS `actions`;
CREATE TABLE `actions` (
  `id` int(10) unsigned NOT NULL AUTO_INCREMENT,
  `date_write` timestamp NOT NULL DEFAULT CURRENT_TIMESTAMP,
  `id_action_state` int(10) unsigned DEFAULT NULL,
  `device_id` varchar(255) DEFAULT NULL,
  PRIMARY KEY (`id`)
) ENGINE=InnoDB AUTO_INCREMENT=23 DEFAULT CHARSET=cp1251;

--
-- Dumping data for table `actions`
--

/*!40000 ALTER TABLE `actions` DISABLE KEYS */;
INSERT INTO `actions` (`id`,`date_write`,`id_action_state`,`device_id`) VALUES 
 (12,'2010-12-07 14:04:39',1,'-1328606889'),
 (13,'2010-12-07 14:20:52',1,'-536281959'),
 (14,'2010-12-07 14:22:17',1,'810073143'),
 (15,'2010-12-07 19:52:14',1,'-1328606889'),
 (16,'2010-12-08 08:07:25',1,'-536281959'),
 (17,'2010-12-08 09:28:28',1,'810073143'),
 (18,'2010-12-08 11:41:02',1,'-536281959'),
 (19,'2010-12-08 17:19:29',1,'810073143'),
 (20,'2010-12-08 19:49:38',3,'810073143'),
 (21,'2010-12-08 19:50:10',1,'-536281959'),
 (22,'2010-12-08 23:47:27',1,'-1328606889');
/*!40000 ALTER TABLE `actions` ENABLE KEYS */;


--
-- Definition of table `computers`
--

DROP TABLE IF EXISTS `computers`;
CREATE TABLE `computers` (
  `id` int(10) unsigned NOT NULL AUTO_INCREMENT,
  `hdd_value` varchar(45) NOT NULL,
  `computer_name` varchar(45) NOT NULL,
  PRIMARY KEY (`id`)
) ENGINE=InnoDB AUTO_INCREMENT=4 DEFAULT CHARSET=cp1251;

--
-- Dumping data for table `computers`
--

/*!40000 ALTER TABLE `computers` DISABLE KEYS */;
INSERT INTO `computers` (`id`,`hdd_value`,`computer_name`) VALUES 
 (1,'810073143','panasonic'),
 (2,'-1328606889','main computer'),
 (3,'-536281959','acer');
/*!40000 ALTER TABLE `computers` ENABLE KEYS */;


--
-- Definition of table `currency_value`
--

DROP TABLE IF EXISTS `currency_value`;
CREATE TABLE `currency_value` (
  `id` int(10) unsigned NOT NULL AUTO_INCREMENT,
  `usd_course` float NOT NULL,
  `time_set` timestamp NOT NULL DEFAULT CURRENT_TIMESTAMP ON UPDATE CURRENT_TIMESTAMP,
  PRIMARY KEY (`id`)
) ENGINE=InnoDB AUTO_INCREMENT=2 DEFAULT CHARSET=cp1251;

--
-- Dumping data for table `currency_value`
--

/*!40000 ALTER TABLE `currency_value` DISABLE KEYS */;
INSERT INTO `currency_value` (`id`,`usd_course`,`time_set`) VALUES 
 (1,7.95,'2010-10-16 11:27:37');
/*!40000 ALTER TABLE `currency_value` ENABLE KEYS */;


--
-- Definition of table `current_action`
--

DROP TABLE IF EXISTS `current_action`;
CREATE TABLE `current_action` (
  `id` int(10) unsigned NOT NULL AUTO_INCREMENT,
  `id_actions` int(10) unsigned NOT NULL,
  `id_shop` int(10) unsigned NOT NULL,
  `id_parse_session` int(10) unsigned DEFAULT NULL,
  `parser_class_name` varchar(255) DEFAULT NULL,
  PRIMARY KEY (`id`)
) ENGINE=InnoDB AUTO_INCREMENT=2514 DEFAULT CHARSET=cp1251;

--
-- Dumping data for table `current_action`
--

/*!40000 ALTER TABLE `current_action` DISABLE KEYS */;
INSERT INTO `current_action` (`id`,`id_actions`,`id_shop`,`id_parse_session`,`parser_class_name`) VALUES 
 (1736,12,312,4299,'shops.soner_com_ua'),
 (1737,12,204,4300,'shops.cdma_trade_com_ua'),
 (1738,12,269,4310,'shops.lentiaev_net'),
 (1739,12,248,4302,'shops.hlebopechka_kiev_ua'),
 (1740,12,549,4311,'shops.etehnika_com_ua'),
 (1741,12,341,4304,'shops.tshop_net_ua'),
 (1742,12,475,4312,'shops.hi_star_com_ua'),
 (1743,12,460,4306,'shops.telemarket_com_ua'),
 (1744,12,203,4307,'shops.cata_ua_com'),
 (1745,12,419,4313,'shops.progress_sound_com'),
 (1746,12,212,4314,'shops.daikin_ua_net'),
 (1747,12,461,4315,'shops.tehnos_com_ua'),
 (1748,12,345,4316,'shops.vasap_com_ua'),
 (1749,12,299,4317,'shops.pyle_sos_kiev_ua'),
 (1750,12,476,4318,'shops.challenge_kiev_ua_photo'),
 (1751,12,351,4319,'shops._2000_com_ua'),
 (1752,12,444,4320,'shops.ton_kiev_ua'),
 (1753,12,189,4321,'shops.azvuk_ua'),
 (1754,12,281,4322,'shops.mirbt_com_ua'),
 (1755,12,292,4323,'shops.panasonic_ua_net'),
 (1756,12,237,4514,'shops.forsale_com_ua'),
 (1757,12,339,4325,'shops.toshiba_ua_net'),
 (1758,12,477,4393,'shops.taxfree_com_ua'),
 (1759,12,413,4327,'shops.pixelplus_com_ua'),
 (1760,12,478,4328,'shops.ipodshop_com_ua'),
 (1761,12,246,4329,'shops.haier_ua_com'),
 (1762,12,217,4330,'shops.dom_market_com_ua'),
 (1763,12,371,4331,'shops.denon_com_ua'),
 (1764,12,241,4332,'shops.gcomputers_com_ua'),
 (1765,12,286,4353,'shops.msr_kiev_ua'),
 (1766,12,405,4334,'shops.multi_com_ua'),
 (1767,12,194,4354,'shops.best_optics_com_ua'),
 (1768,12,462,4336,'shops.video_ochki_com_ua'),
 (1769,12,463,4337,'shops.teploprofi_com_ua'),
 (1770,12,438,4338,'shops.techsales_kiev_ua'),
 (1771,12,200,4339,'shops.btcomfort_com_ua'),
 (1772,12,441,4340,'shops.tehnoman_kiev_ua'),
 (1773,12,479,4341,'shops.asteks_com_ua'),
 (1774,12,343,4342,'shops.ukrclimate_com_ua'),
 (1775,12,230,4343,'shops.eplus_kiev_ua'),
 (1776,12,182,4344,'shops.arkada_bt_com'),
 (1777,12,268,4345,'shops.lavka_kiev_ua'),
 (1778,12,211,4346,'shops.cordi_com_ua'),
 (1779,12,313,4347,'shops.sony_reader_com_ua'),
 (1780,12,218,4348,'shops.domashniy_kinoteatr_com_ua'),
 (1781,12,480,4349,'shops.kooperator_com_ua'),
 (1782,12,321,4355,'shops.technograd_com_ua'),
 (1783,12,400,4500,'shops.mirit_com_ua'),
 (1784,12,481,4357,'shops.electromag_com_ua'),
 (1785,12,294,4358,'shops.pda_news_net'),
 (1786,12,482,4359,'shops.notebooki_com_ua'),
 (1787,12,397,4360,'shops.loras_com_ua'),
 (1788,12,464,4361,'shops.btstile_com_ua'),
 (1789,12,205,4362,'shops.cifrolend_com_ua'),
 (1790,12,315,4363,'shops.sova_shop_com_ua'),
 (1791,12,382,4364,'shops.gelezka_kiev_ua'),
 (1792,12,401,4366,'shops.mitsubishi_ua_net'),
 (1793,12,256,4367,'shops.internetmarket_kiev_ua'),
 (1794,12,439,4368,'shops.tehno_kiev_ua'),
 (1795,12,337,4369,'shops.texnosvit_com_ua'),
 (1796,12,293,4370,'shops.panflat_com_ua'),
 (1797,12,369,4371,'shops.creation_kiev_ua'),
 (1798,12,358,4372,'shops.atlas_com_ua'),
 (1799,12,483,4373,'shops.xolodilnik_kiev_ua'),
 (1800,12,177,4374,'shops.alphatech_com_ua'),
 (1801,12,465,4375,'shops.xclusive_com_ua'),
 (1802,12,180,4376,'shops.appliance_shoplive_com_ua'),
 (1803,12,338,4377,'shops.topcomfort_com_ua'),
 (1804,12,232,4378,'shops.evrotel_com_ua'),
 (1805,12,202,4379,'shops.btpriisk_com_ua'),
 (1806,12,443,4380,'shops.teploresurs_com_ua'),
 (1807,12,323,4381,'shops.technounity_com_ua_parts'),
 (1808,12,206,4491,'shops.cityshop_com_ua'),
 (1809,12,169,4385,'shops._224_com_ua'),
 (1810,12,484,4386,'shops.ion_ua'),
 (1811,12,215,4387,'shops.digital_in_ua'),
 (1812,12,195,4389,'shops.bigmag_biz_ua'),
 (1813,12,326,4510,'shops.tehno_com_ua'),
 (1814,12,250,4398,'shops.homestore_com_ua'),
 (1815,12,271,4399,'shops.lg_ua_net'),
 (1816,12,353,4400,'shops.agsat_com_ua'),
 (1817,12,411,4401,'shops.permyco_kiev_ua_2'),
 (1818,12,411,4402,'shops.permyco_kiev_ua_3'),
 (1819,12,396,4403,'shops.ktc_com_ua'),
 (1820,12,466,4404,'shops.gb_ua'),
 (1821,12,390,4405,'shops.itformat_kiev_ua'),
 (1822,12,411,4406,'shops.permyco_kiev_ua_1'),
 (1823,12,260,4407,'shops.itcyfra_net'),
 (1824,12,375,4408,'shops.dmarket_com_ua'),
 (1825,12,448,4409,'shops.umapalata_com_ua'),
 (1826,12,270,4410,'shops.lg_ua_com'),
 (1827,12,311,4411,'shops.soloshop_com_ua'),
 (1828,12,367,4413,'shops.ciframir_com_ua'),
 (1829,12,332,4414,'shops.tehnosvit_com_ua'),
 (1830,12,376,4415,'shops.domotech_kiev_ua'),
 (1831,12,342,4416,'shops.tvplaneta_com_ua'),
 (1832,12,263,4417,'shops.kievgas_com_ua'),
 (1833,12,426,4419,'shops.skidka_com_ua'),
 (1834,12,285,4420,'shops.mobimania_kiev_ua'),
 (1835,12,404,4421,'shops.mobitech_com_ua'),
 (1836,12,476,4422,'shops.challenge_kiev_ua_notebook'),
 (1837,12,209,4423,'shops.colibriua_com'),
 (1838,12,303,4424,'shops.samsung_ua_net'),
 (1839,12,282,4425,'shops.mitsubishi_heavy_net_ua'),
 (1840,12,213,4426,'shops.diant_kiev_ua'),
 (1841,12,298,4427,'shops.pspclub_com_ua'),
 (1842,12,180,4428,'shops.appliance_shoplive_com_ua_mobile'),
 (1843,12,184,4429,'shops.atlant_ua_com'),
 (1844,12,429,4430,'shops.softservice_com_ua'),
 (1845,12,235,4431,'shops.flashki_kiev_ua'),
 (1846,12,314,4432,'shops.sotomarket_com_ua'),
 (1847,12,186,4433,'shops.avtocomfort_com_ua'),
 (1848,12,188,4434,'shops.azhiotazh_com_ua'),
 (1849,12,395,4435,'shops.kpiservice_com_ua'),
 (1850,12,388,4436,'shops.incosoft_com_ua'),
 (1851,12,173,4438,'shops.akaba_com_ua'),
 (1852,12,305,4439,'shops.santehnika_com_ua'),
 (1853,12,389,4440,'shops.ipod_apple_com_ua'),
 (1854,12,179,4441,'shops.antena_com_ua'),
 (1855,12,242,4442,'shops.giperon_ua'),
 (1856,12,427,4443,'shops.skytel_com_ua'),
 (1857,12,416,4444,'shops.porto_com_ua'),
 (1858,12,276,4445,'shops.masteraudio_com_ua'),
 (1859,12,258,4446,'shops.it_select_com_ua'),
 (1860,12,192,4447,'shops.battup_com_ua'),
 (1861,12,284,4448,'shops.mkp_kiev_ua'),
 (1862,12,485,4449,'shops.medex_com_ua'),
 (1863,12,335,4450,'shops.terabyte_kiev_ua'),
 (1864,12,399,4451,'shops.mediamart_com_ua'),
 (1865,12,356,4453,'shops.alant_com_ua'),
 (1866,12,476,4454,'shops.challenge_kiev_ua_proector'),
 (1867,12,168,4455,'shops._1Brovary_com_ua'),
 (1868,12,418,4456,'shops.pro100r_com_ua'),
 (1869,12,216,4457,'shops.digitalvideo_com_ua'),
 (1870,12,348,4458,'shops.whirlpool_ua_com'),
 (1871,12,340,4459,'shops.trixi_com_ua'),
 (1872,12,372,4460,'shops.digitalframe_com_ua'),
 (1873,12,245,4461,'shops.hacker_ua'),
 (1874,12,289,4462,'shops.nord_ua_net'),
 (1875,12,267,4463,'shops.kruche_net_ua'),
 (1876,12,300,4465,'shops.pyramida_ua_com'),
 (1877,12,487,4466,'shops.clubmac_kiev_ua'),
 (1878,12,488,4467,'shops._1in_com_ua'),
 (1879,12,214,4468,'shops.digishop_com_ua'),
 (1880,12,190,4469,'shops.b_t_kiev_ua'),
 (1881,12,275,4470,'shops.marketus_com_ua'),
 (1882,12,489,4471,'shops.exoticmobile_com_ua'),
 (1883,12,265,4472,'shops.kkshop_com_ua'),
 (1884,12,262,4473,'shops.kaiser_ua_com'),
 (1885,12,360,4474,'shops.aspark_com_ua'),
 (1886,12,264,4475,'shops.kinofoto_tv'),
 (1887,12,175,4476,'shops.allshop_kiev_ua'),
 (1888,12,310,4477,'shops.shop_pcforsage_com_ua'),
 (1889,12,273,4478,'shops.Lubny'),
 (1890,12,393,4480,'shops.kipit_com_ua'),
 (1891,12,243,4481,'shops.gorenje_ua_com'),
 (1892,12,261,4482,'shops.jera_ua_com'),
 (1893,12,387,4484,'shops.iline_in_ua'),
 (1894,12,379,4485,'shops.flashtrade_com_ua'),
 (1895,12,467,4486,'shops.mobiles_net_ua'),
 (1896,12,317,4487,'shops.sunport_com_ua'),
 (1897,12,490,4523,'shops.fixer_com_ua'),
 (1898,12,330,4495,'shops.technogroup_com_ua'),
 (1899,12,207,4496,'shops.climat_s_com'),
 (1900,12,280,4497,'shops.miele_ua_com'),
 (1901,12,236,4516,'shops.forcom_kiev_ua'),
 (1902,12,283,4518,'shops.mitsubishi_ua_com'),
 (1903,12,240,4519,'shops.gamepost_com_ua'),
 (1904,12,491,4520,'shops.radiola_com_ua'),
 (1905,12,492,4521,'shops.c_tech_com_ua'),
 (1906,12,318,4524,'shops.t4k_com_ua'),
 (1907,12,456,4525,'shops.zanussi_ua_com'),
 (1908,12,493,4526,'shops.cdma_mobile_net'),
 (1909,12,434,4527,'shops.te_com_ua'),
 (1910,12,494,4528,'shops.novostar_net'),
 (1911,12,226,4530,'shops.eldoradocentr_kiev_ua'),
 (1912,12,368,4531,'shops.cost_com_ua'),
 (1913,12,181,4532,'shops.ariston_ua_com'),
 (1914,12,319,4533,'shops.tdd_com_ua'),
 (1915,12,278,4534,'shops.meloch_com_ua'),
 (1916,12,172,4536,'shops.actsia_com'),
 (1917,12,359,4537,'shops.aport_kiev_ua'),
 (1918,12,370,4538,'shops.daikin_ua_com_ua'),
 (1919,12,290,4539,'shops.ntools_com_ua'),
 (1920,12,495,4540,'shops.joseph_kiev_ua'),
 (1921,12,247,4541,'shops.hilink_com_ua'),
 (1922,12,233,4542,'shops.first_line_kiev_ua'),
 (1923,12,252,4543,'shops.ihop_com_ua'),
 (1924,12,361,4544,'shops.astech_com_ua'),
 (1925,12,277,4546,'shops.megabite_com_ua'),
 (1926,12,239,4547,'shops.fotox_com_ua'),
 (1927,12,446,4548,'shops.tradestar_com_ua'),
 (1928,12,187,4549,'shops.avtrade_com_ua'),
 (1929,12,398,4550,'shops.mc_trade_kiev_ua'),
 (1930,12,497,4551,'shops.cdma_mobile_com'),
 (1931,12,333,4552,'shops.tel_in_ua'),
 (1932,12,406,4553,'shops.mvideo_kiev_ua'),
 (1933,12,468,4554,'shops.super_market_kiev_ua'),
 (1934,12,331,4555,'shops.technohata_ua'),
 (1935,12,352,4616,'shops.acs_net_ua'),
 (1936,12,231,4557,'shops.eps_kiev_ua'),
 (1937,12,449,4558,'shops.upas_kiev_ua'),
 (1938,12,287,4559,'shops.new_torg_com_ua'),
 (1939,12,363,4561,'shops.bkt_com_ua'),
 (1940,12,425,4562,'shops.sewing_kiev_ua'),
 (1941,12,198,4563,'shops.bosch_kiev_com_ua'),
 (1942,12,354,4564,'shops.akerman_com_ua'),
 (1943,12,498,4565,'shops.mvclimate_com_ua'),
 (1944,12,499,4566,'shops.maf_com_ua'),
 (1945,12,176,4567,'shops.alma2k_kiev_ua'),
 (1946,12,424,4568,'shops.seldom_com_ua'),
 (1947,12,292,4569,'shops.tehno_store_com_ua'),
 (1948,12,430,4570,'shops.soundplanet_com_ua'),
 (1949,12,500,4572,'shops.kievmarket_com_ua'),
 (1950,12,320,4573,'shops.technobazar_kiev_ua'),
 (1951,12,223,4574,'shops.edam_com_ua'),
 (1952,12,344,4575,'shops.ukrmobile_com_ua'),
 (1953,12,431,4576,'shops.spark_ua'),
 (1954,12,171,4577,'shops.absolutua_com'),
 (1955,12,328,4583,'shops.technobrend_com_ua'),
 (1956,12,259,4579,'shops.itcity_com_ua'),
 (1957,12,454,4584,'shops.xcomp_kiev_ua'),
 (1958,12,323,4585,'shops.technounity_com_ua_notebooks'),
 (1959,12,309,4586,'shops.shop_gratis_com_ua'),
 (1960,12,501,4587,'shops.tehnika_ltd_ua'),
 (1961,12,469,4588,'shops.unikom_com_ua'),
 (1962,12,291,4589,'shops.nuzhno_com_ua'),
 (1963,12,408,4590,'shops.notebookshop_com_ua'),
 (1964,12,422,4591,'shops.s_mobile_com_ua'),
 (1965,12,364,4592,'shops.bm_com_ua'),
 (1966,12,254,4593,'shops.indesit_ua_com'),
 (1967,12,377,4594,'shops.dtrade_com_ua'),
 (1968,12,433,4595,'shops.svitbt_com_ua'),
 (1969,12,219,4596,'shops.dyson_shop_com_ua'),
 (1970,12,362,4597,'shops.batareyka_com_ua'),
 (1971,12,227,4598,'shops.electrotorg_com_ua'),
 (1972,12,502,4599,'shops.ucrf_com_ua'),
 (1973,12,503,4600,'shops.tpobut_com'),
 (1974,12,279,4601,'shops.microstore_com_ua'),
 (1975,12,183,4602,'shops.ateks_com_ua'),
 (1976,12,199,4603,'shops.bt_shop_com_ua'),
 (1977,12,417,4604,'shops.pristavki_ua'),
 (1978,12,470,4605,'shops.fotomost_com_ua'),
 (1979,12,504,4617,'shops.sis_tema_com_ua'),
 (1980,12,415,4607,'shops.pobytova_kiev_ua'),
 (1981,12,505,4608,'shops.tolstoy_com_ua'),
 (1982,12,302,4609,'shops.samsung_ua_com'),
 (1983,12,288,4610,'shops.newworld_co_ua'),
 (1984,12,295,4611,'shops.pilesos_kiev_ua'),
 (1985,12,255,4612,'shops.inkiev_com_ua'),
 (1986,12,391,4613,'shops.kgb_kiev_ua'),
 (1987,12,296,4614,'shops.plazzma_prom_ua_photo'),
 (1988,12,432,4618,'shops.sticom_net_ua'),
 (1989,12,412,4619,'shops.pioneru_com_ua'),
 (1990,12,476,4620,'shops.challenge_kiev_ua_comp'),
 (1991,12,329,4621,'shops.tehnocity_kiev_ua'),
 (1992,12,366,4622,'shops.cen_net_ua'),
 (1993,12,225,4623,'shops.ekoklimat_com_ua'),
 (1994,12,355,4624,'shops.aksmarket_com_ua'),
 (1995,12,306,4625,'shops.segment_service_com_ua'),
 (1996,12,381,4626,'shops.fullhouse_com_ua'),
 (1997,12,437,4627,'shops.tehnopark_ua'),
 (1998,12,229,4629,'shops.elfor_ua'),
 (1999,12,307,4630,'shops.servik_com_ua'),
 (2000,12,174,4631,'shops.akviss_com_ua'),
 (2001,12,423,4632,'shops.satmaster_kiev_ua'),
 (2002,12,350,4633,'shops._100k_com_ua'),
 (2003,12,471,4634,'shops.liebherr_ua_com'),
 (2004,12,472,4635,'shops.pspmarket_com_ua'),
 (2005,12,373,4636,'shops.dinstex_com_ua'),
 (2006,12,349,4637,'shops.whitebox_com_ua'),
 (2007,12,410,4638,'shops.pc_hard_com_ua'),
 (2008,12,365,4639,'shops.bt_dinstex_com_ua'),
 (2009,12,272,4640,'shops.linecom_kiev_ua'),
 (2010,12,374,4641,'shops.diport_com_ua'),
 (2011,12,506,4642,'shops.photoboom_com_ua'),
 (2012,12,507,4643,'shops.emix_com_ua'),
 (2013,12,238,4644,'shops.fotostop_com_ua'),
 (2014,12,409,4645,'shops.numberone_kiev_ua'),
 (2015,12,221,4646,'shops.e_home_com_ua'),
 (2016,12,334,4648,'shops.teplobud_com_ua'),
 (2017,12,414,4649,'shops.pleer_kiev_ua'),
 (2018,12,473,4650,'shops.comfortshop_com_ua'),
 (2019,12,297,4651,'shops.proxlada_com_ua'),
 (2020,12,428,4652,'shops.soft_shop_com_ua'),
 (2021,12,301,4653,'shops.randl_com_ua'),
 (2022,12,322,4654,'shops.technosila_com_ua'),
 (2023,12,325,4655,'shops.techno_store_com_ua'),
 (2024,12,436,4656,'shops.technogorod_com_ua'),
 (2025,12,420,4657,'shops.raznotorg_com_ua'),
 (2026,12,191,4658,'shops.bant_com_ua'),
 (2027,12,170,4659,'shops._4elements_in_ua'),
 (2028,12,474,4660,'shops.comport_in_ua'),
 (2029,12,201,4661,'shops.btplus_com_ua'),
 (2030,12,336,4663,'shops.terios_com_ua'),
 (2031,12,222,4665,'shops.e34_com_ua'),
 (2032,12,508,4666,'shops.portaplas_com_ua'),
 (2033,12,421,4667,'shops.rodnik_in_ua'),
 (2034,12,384,4668,'shops.ggshop_com_ua'),
 (2035,12,440,4669,'shops.tehnohit_com_ua'),
 (2036,12,244,4670,'shops.graymo_com_ua'),
 (2037,12,450,4671,'shops.vataga_com_ua'),
 (2038,12,442,4672,'shops.teplahata_com_ua'),
 (2039,12,228,4673,'shops.electrovoz_com_ua'),
 (2040,12,196,4674,'shops.bmcable_com_ua'),
 (2041,12,357,4675,'shops.alsi_com_ua'),
 (2042,12,316,4676,'shops.starstore_com_ua'),
 (2043,12,383,4677,'shops.germes_in_ua'),
 (2044,12,296,4678,'shops.plazzma_prom_ua'),
 (2045,12,220,4679,'shops.dyson_ua_com'),
 (2046,12,385,4689,'shops.grand_ua'),
 (2047,12,257,4690,'shops.istok_kiev_ua'),
 (2048,12,451,4682,'shops.videotech_com_ua'),
 (2049,12,447,4683,'shops.uatechno_com_ua'),
 (2050,12,347,4684,'shops.vkladovke_com_ua'),
 (2051,12,308,4685,'shops.shop_prior_com_ua'),
 (2052,12,224,4686,'shops.edemkvam_com_ua'),
 (2053,12,274,4687,'shops.m_store_com_ua'),
 (2054,12,197,4691,'shops.boom_net_ua'),
 (2055,12,251,4692,'shops.i_mart_com_ua'),
 (2056,12,452,4693,'shops.vilka_com_ua'),
 (2057,12,249,4694,'shops.hlebopechki_kiev_ua'),
 (2058,12,208,4695,'shops.climatmarka_com_ua'),
 (2059,12,378,4696,'shops.elsys_kiev_ua'),
 (2060,13,674,4365,'shops.cezar_ua'),
 (2061,13,594,4382,'shops.clean_bt_com_ua'),
 (2062,13,524,4388,'shops.bt_kiev_ua'),
 (2063,13,510,4513,'shops._5_star_com_ua'),
 (2064,13,518,4535,'shops.audiovideomir_com_ua'),
 (2065,13,526,4664,'shops.begalet_com_ua'),
 (2066,13,552,4708,'shops.avtoprogress_com_ua'),
 (2067,13,641,4717,'shops.deltacom_com_ua'),
 (2068,13,642,4721,'shops.cyfromir_com_ua'),
 (2069,13,717,4732,'shops.cbm_com_ua'),
 (2070,13,629,4736,'shops.aidatreyd_com_ua'),
 (2071,13,631,4751,'shops.allprojectors_com_ua'),
 (2072,13,561,4753,'shops._1palladium_com_ua'),
 (2073,13,553,4755,'shops.bosch_ukraine_com_ua'),
 (2074,13,514,4757,'shops.attis_ua'),
 (2075,13,607,4766,'shops.buytut_com'),
 (2076,13,533,4768,'shops.a_trade_com_ua'),
 (2077,13,570,4770,'shops.chist_com_ua'),
 (2078,13,718,4772,'shops.bt_land_com_ua'),
 (2079,13,719,4785,'shops.best_shot_com_ua'),
 (2080,13,720,4789,'shops.digistok_com_ua'),
 (2081,13,575,4793,'shops.datamart_com_ua'),
 (2082,13,509,4796,'shops._5ok_com_ua'),
 (2083,13,536,4806,'shops.coolmart_com_ua'),
 (2084,13,527,4808,'shops.avento_com_ua'),
 (2085,13,647,4813,'shops.digiman_com_ua'),
 (2086,13,721,4815,'shops.dom5_com_ua'),
 (2087,13,618,4826,'shops.duhovka_kiev_ua'),
 (2088,13,554,4828,'shops.allo_ua'),
 (2089,13,517,4831,'shops._590_com_ua'),
 (2090,13,515,4833,'shops.cesar_com_ua'),
 (2091,13,722,4836,'shops.belkashop_com_ua'),
 (2092,13,723,4845,'shops._3ona51_com'),
 (2093,13,724,4847,'shops.climatshop_com_ua'),
 (2094,13,637,4850,'shops.avshop_ua'),
 (2095,13,577,4852,'shops.diatrade_com_ua'),
 (2096,13,519,4853,'shops.dezhevle_net'),
 (2097,13,556,4856,'shops.climateplus_com_ua'),
 (2098,13,600,4859,'shops.dipro_com_ua'),
 (2099,13,725,4875,'shops._044_com_ua'),
 (2100,13,726,4877,'shops.avmix_com_ua'),
 (2101,13,727,4879,'shops.b_smart_com_ua'),
 (2102,13,578,4881,'shops.automusic_net_ua'),
 (2103,13,638,4884,'shops.auvrora_com'),
 (2104,13,580,4886,'shops.delon_com_ua'),
 (2105,13,546,4895,'shops.citrus_ua'),
 (2106,13,608,4897,'shops.asvtrade_com_ua'),
 (2107,13,699,4901,'shops.digi_com_ua'),
 (2108,13,619,4904,'shops._002_kiev_ua'),
 (2109,13,562,4906,'shops._3kita_com_ua'),
 (2110,14,728,4769,'shops.delonghi_market_com'),
 (2111,14,729,4771,'shops.domino_shop_com_ua'),
 (2112,14,730,4773,'shops.diawest_com'),
 (2113,14,627,4775,'shops.bestsound_kiev_ua'),
 (2114,14,628,4776,'shops.abtech_kiev_ua'),
 (2115,14,521,4784,'shops.dewelve_net_ua'),
 (2116,14,513,4787,'shops.all_trade_in_ua'),
 (2117,14,731,4792,'shops.acdc_kiev_ua'),
 (2118,14,630,4794,'shops.autosayt_com_ua'),
 (2119,14,589,4795,'shops._101_net_ua'),
 (2120,14,632,4797,'shops.b2_com_ua'),
 (2121,14,704,4805,'shops.dexline_com_ua'),
 (2122,14,633,4807,'shops.all_shop_com_ua'),
 (2123,14,486,4827,'shops.comtrading_ua'),
 (2124,14,707,4830,'shops.drobak_com_ua'),
 (2125,14,602,4832,'shops.avtozvuk_ua'),
 (2126,14,511,4835,'shops.avmarket_com_ua'),
 (2127,14,541,4844,'shops.btmax_com_ua'),
 (2128,14,709,4846,'shops.digita_com_ua'),
 (2129,14,634,4849,'shops.autoaudio_com_ua'),
 (2130,14,732,4854,'shops.displanet_com_ua'),
 (2131,14,565,4857,'shops.bt_hi_tech_com_ua'),
 (2132,14,733,4858,'shops.ciscosb_com_ua'),
 (2133,14,635,4874,'shops._24_com_ua'),
 (2134,14,623,4876,'shops.bosch_siemens_com_ua'),
 (2135,14,533,4907,'shops.a_trade_ua'),
 (2136,14,523,4880,'shops.computerland_kiev_ua'),
 (2137,14,712,4883,'shops.citycom_ua'),
 (2138,14,636,4885,'shops.automusic_com_ua'),
 (2139,14,624,4908,'shops._707_com_ua'),
 (2140,14,591,4916,'shops.abrand_com_ua'),
 (2141,14,613,4917,'shops.adelan_kiev_ua'),
 (2142,14,734,4946,'shops.cifrovik_com_ua'),
 (2143,14,605,4933,'shops.climatica_com_ua'),
 (2144,14,593,4934,'shops.cyfrovychok_ua'),
 (2145,14,615,4947,'shops.chibis_ua'),
 (2146,14,675,4383,'shops.itop_com_ua'),
 (2147,14,735,4391,'shops.iphone_in_ua'),
 (2148,14,559,4397,'shops.elektromir_net_ua'),
 (2149,14,736,4412,'shops.fialca_com_ua'),
 (2150,14,677,4418,'shops.holodok_com_ua'),
 (2151,14,679,4437,'shops.fotosale_com_ua'),
 (2152,14,737,4452,'shops.gpsgarmin_kiev_ua'),
 (2153,14,738,4464,'shops.happybuy_com_ua'),
 (2154,14,739,4479,'shops.gefest_com_ua'),
 (2155,14,683,4483,'shops.electrohata_kiev_ua'),
 (2156,14,682,4494,'shops.electromarket_com_ua'),
 (2157,14,740,4508,'shops.fotoshop_ua'),
 (2158,14,741,4517,'shops.e_trading_com_ua'),
 (2159,14,534,4529,'shops.eurocomfort_com_ua'),
 (2160,14,617,4545,'shops.gps_com_ua'),
 (2161,14,535,4560,'shops.iguan_ua'),
 (2162,14,742,4571,'shops.elektrod_in_ua'),
 (2163,14,695,4581,'shops.foto_ua'),
 (2164,14,696,4628,'shops.eldorado_com_ua'),
 (2165,14,585,4647,'shops.e_market_kiev_ua'),
 (2166,14,743,4662,'shops.e_on_com_ua'),
 (2167,14,744,4706,'shops.fortyna_com_ua'),
 (2168,14,586,4710,'shops.flash_card_com_ua'),
 (2169,14,545,4716,'shops.innotec_com_ua'),
 (2170,14,538,4728,'shops.foxtrot_com_ua'),
 (2171,14,697,4733,'shops.instep_com_ua'),
 (2172,14,579,4735,'shops.hi_tech_com_ua'),
 (2173,14,520,4737,'shops.foxmart_com_ua'),
 (2174,14,652,4745,'shops.e7_com_ua'),
 (2175,14,745,4746,'shops.hadros_com_ua'),
 (2176,14,621,4747,'shops.gsl_ua'),
 (2177,14,705,4750,'shops.island_com_ua'),
 (2178,14,564,4752,'shops.gpsworld_com_ua'),
 (2179,14,708,4754,'shops.gsm_ka_com_ua'),
 (2180,14,746,4756,'shops.itkom_com_ua'),
 (2181,14,583,4765,'shops.elman_com_ua'),
 (2182,14,522,4948,'shops.e_m_kiev_ua'),
 (2183,14,747,4949,'shops.igromarket_com_ua'),
 (2184,14,542,4950,'shops.inet_market_com_ua'),
 (2185,14,748,4965,'shops.it_sklad_in_ua'),
 (2186,14,543,4966,'shops.freeon_com_ua'),
 (2187,14,665,4967,'shops.goodmarket_com_ua'),
 (2188,14,668,4968,'shops.fotomag_com_ua'),
 (2189,14,604,4976,'shops.freeshop_com_ua'),
 (2190,14,566,4977,'shops.izona_com_ua'),
 (2191,14,749,4978,'shops.e_on_ua'),
 (2192,14,750,4979,'shops.ibit_com_ua'),
 (2193,14,671,4980,'shops.fotos_ua'),
 (2194,14,716,4987,'shops.gadgetstyle_com_ua'),
 (2195,14,751,4988,'shops.it_shop_co_ua'),
 (2196,15,639,4697,'shops.xtrade_kiev_ua'),
 (2197,15,568,4698,'shops.portativ_ua'),
 (2198,15,640,4699,'shops.tehnoinet_com_ua'),
 (2199,15,569,4700,'shops.shopochem_com_ua'),
 (2200,15,550,4701,'shops.pro_teplo_com_ua'),
 (2201,15,551,4702,'shops.radiocom_com_ua'),
 (2202,15,752,4703,'shops.mirmobilok_com_ua'),
 (2203,15,753,5052,'shops.viptrade_com_ua'),
 (2204,15,584,4705,'shops.procity_com_ua'),
 (2205,15,754,4707,'shops.osminog_com_ua'),
 (2206,15,755,4709,'shops.topmobila_com_ua'),
 (2207,15,531,4711,'shops.technix_com_ua'),
 (2208,15,643,4712,'shops.tcshop_com_ua'),
 (2209,15,644,4713,'shops.zumer_com_ua'),
 (2210,15,532,4992,'shops.tehnogarant_com_ua'),
 (2211,15,606,4715,'shops.superprice_com_ua'),
 (2212,15,756,4993,'shops.tehnostar_com_ua'),
 (2213,15,645,4719,'shops.notus_com_ua'),
 (2214,15,757,4840,'shops.slig_com_ua'),
 (2215,15,758,4722,'shops.robotronic_com_ua'),
 (2216,15,646,4723,'shops.panasonic_shop_kiev_ua'),
 (2217,15,759,4724,'shops.mobihata_kiev_ua'),
 (2218,15,760,4725,'shops.pro_holod_kiev_ua'),
 (2219,15,761,4726,'shops.komora_com_ua'),
 (2220,15,762,5004,'shops.toxic_com_ua'),
 (2221,15,763,4729,'shops.vareos_com_ua'),
 (2222,15,764,5006,'shops.kam_in_ua'),
 (2223,15,765,4731,'shops.telik_com_ua'),
 (2224,15,555,4744,'shops.motormusic_kiev_ua'),
 (2225,15,648,4748,'shops.texliniya_com_ua'),
 (2226,15,537,4764,'shops.pikmarket_kiev_ua'),
 (2227,15,571,4783,'shops.setka_ua'),
 (2228,15,766,4786,'shops.videosvit_com_ua'),
 (2229,15,649,4788,'shops.leader_net_ua'),
 (2230,15,767,4790,'shops.mir_audio_com_ua'),
 (2231,15,650,4804,'shops.voltex_com_ua'),
 (2232,15,768,4810,'shops.syndyk_kiev_ua'),
 (2233,15,587,4811,'shops.mobi_lux_com_ua'),
 (2234,15,539,4823,'shops.tehnoshop_ua'),
 (2235,15,651,4825,'shops.tehnocenter_com_ua'),
 (2236,15,769,4829,'shops.portativ_org_ua'),
 (2237,15,770,4843,'shops.superok_com_ua'),
 (2238,15,653,4848,'shops.mshop_kiev_ua'),
 (2239,15,654,5026,'shops.pokupai_mobi'),
 (2240,15,655,4873,'shops.y_ua'),
 (2241,15,588,4893,'shops.kym_com_ua'),
 (2242,15,572,4899,'shops.mtrade_com_ua'),
 (2243,15,656,4900,'shops.torgline_com_ua'),
 (2244,15,657,4902,'shops.telemob_com_ua'),
 (2245,15,771,5027,'shops.tehnomix_kiev_ua'),
 (2246,15,772,5036,'shops.nazakaz_com_ua'),
 (2247,15,658,5037,'shops.technoline_com_ua'),
 (2248,15,659,5038,'shops.vodovorot_com_ua'),
 (2249,15,660,5053,'shops.tehnobit_com_ua'),
 (2250,15,661,5040,'shops.technotema_com'),
 (2251,15,609,5047,'shops.laptoper_com_ua'),
 (2252,15,540,5054,'shops.tehnozon_com_ua'),
 (2253,15,573,5057,'shops.skladof_com_ua'),
 (2254,15,773,5058,'shops.liebherr_kiev_ua'),
 (2255,15,662,5059,'shops.photo_ua'),
 (2256,15,774,5061,'shops.prometei_com_ua'),
 (2257,15,663,5062,'shops.uniquestore_com_ua'),
 (2258,15,590,5064,'shops.kramnica_com'),
 (2259,15,610,5066,'shops.repka_ua'),
 (2260,15,664,5068,'shops.telekvartal_com_ua'),
 (2261,15,775,5069,'shops.lcd_tochka_kiev_ua'),
 (2262,15,776,5070,'shops.santik_com_ua'),
 (2263,15,611,5071,'shops.sotex_com_ua'),
 (2264,15,666,5072,'shops.vodonagrevateli_com_ua'),
 (2265,15,612,5073,'shops.macbox_com_ua'),
 (2266,15,777,5074,'shops.pandashop_com_ua'),
 (2267,15,667,5075,'shops.mkbt_com_ua'),
 (2268,15,778,5076,'shops.mobitrade_ua'),
 (2269,15,779,5077,'shops.profi777_com_ua'),
 (2270,15,669,5078,'shops.vybire_com_ua'),
 (2271,15,780,5079,'shops.texnolux_com'),
 (2272,15,781,5082,'shops.tehnobest_com'),
 (2273,15,592,5085,'shops.planetagps_com'),
 (2274,15,782,5086,'shops.neotrade_com_ua'),
 (2275,15,557,5095,'shops.onoff_com_ua'),
 (2276,15,783,5098,'shops.microclimat_com_ua'),
 (2277,15,670,5101,'shops.magazin_com_ua'),
 (2278,15,784,5102,'shops.shara_ua'),
 (2279,15,574,5107,'shops.supertehnika_com_ua'),
 (2280,15,785,5109,'shops.notebook_ua'),
 (2281,15,558,5110,'shops.store_natakir_org_ua'),
 (2282,15,407,5112,'shops.newmart_com_ua'),
 (2283,15,614,5113,'shops.optovichok_net_ua'),
 (2284,15,672,5114,'shops.telephone_net_ua'),
 (2285,15,786,5115,'shops.mzona_kiev_ua'),
 (2286,15,673,5116,'shops.technolife_kiev_ua'),
 (2287,15,787,5118,'shops.sho_com_ua'),
 (2288,15,676,5119,'shops.tehnohaza_kiev_ua'),
 (2289,15,560,5120,'shops.mobiliti_com_ua'),
 (2290,15,788,5121,'shops.liebherr_shop_com_ua'),
 (2291,15,525,5122,'shops.technika_kiev_ua'),
 (2292,15,789,5127,'shops.perestrojka_com_ua'),
 (2293,15,678,5128,'shops.technosell_com_ua'),
 (2294,15,595,5129,'shops.moyo_ua'),
 (2295,15,680,5130,'shops.plasma_lcd_com_ua'),
 (2296,15,790,5131,'shops.megastar_com_ua'),
 (2297,15,596,5132,'shops.promobitel_com'),
 (2298,15,681,5133,'shops.technomir_com_ua'),
 (2299,15,791,5134,'shops.sonymarket_com_ua'),
 (2300,21,792,5135,'shops.kaktys_com_ua'),
 (2301,21,616,5136,'shops.newbest_org_ua'),
 (2302,21,793,5137,'shops.sermobile_com_ua'),
 (2303,21,544,5138,'shops.katran_s_kiev_ua'),
 (2304,21,684,5139,'shops.karre_com_ua'),
 (2305,15,794,5140,'shops.vectra_com_ua'),
 (2306,15,685,5141,'shops.mshara_com_ua'),
 (2307,15,795,5142,'shops.stealthcomp_com'),
 (2308,15,796,5143,'shops.telek_net_ua'),
 (2309,15,797,5144,'shops.mobilife_com_ua'),
 (2381,16,713,4989,'shops.portamix_com_ua'),
 (2382,16,823,4990,'shops.siemens_ukraine_com_ua'),
 (2383,16,822,4994,'shops.technozuk_com_ua'),
 (2384,16,547,4995,'shops.tehnotrade_com_ua'),
 (2385,16,714,4996,'shops.torzhok_com_ua'),
 (2386,16,824,4997,'shops.sklad_bt_com_ua'),
 (2387,16,825,4998,'shops.vstroyka_net_ua'),
 (2388,16,625,4999,'shops.karamelka_com_ua'),
 (2389,16,826,5002,'shops.telex_com_ua'),
 (2390,16,567,5007,'shops.kievgaz_com_ua'),
 (2391,16,827,5010,'shops.viptehnika_com_ua'),
 (2392,16,715,5012,'shops.tehnoulica_com_ua'),
 (2393,16,548,5014,'shops.megatorg_com_ua'),
 (2394,16,828,5016,'shops.shop_kenwood_ua'),
 (2395,16,626,5019,'shops.sweetprice_com_ua'),
 (2396,16,829,5021,'shops.nevo_com_ua'),
 (2397,17,620,5000,'shops.st_ua'),
 (2398,17,563,5001,'shops.mobilluck_com_ua'),
 (2399,17,701,5003,'shops.mexter_com_ua'),
 (2400,17,813,5005,'shops.tehnodomik_com_ua'),
 (2401,17,700,5008,'shops.transformer_ua'),
 (2402,17,814,5009,'shops.optimart_ua'),
 (2403,17,528,5029,'shops.kucha_com_ua'),
 (2404,17,815,5013,'shops.usa_techniks_com_ua'),
 (2405,17,816,5015,'shops.soundmaster_com_ua'),
 (2406,17,601,5017,'shops.listar_com_ua'),
 (2407,17,702,5020,'shops.toptorg_com_ua'),
 (2408,17,622,5022,'shops.novatrade_com_ua'),
 (2409,17,703,5023,'shops.tehniks_com_ua'),
 (2422,18,817,5028,'shops.mobisklad_com_ua'),
 (2423,18,530,5030,'shops.kt_group_com_ua'),
 (2424,18,582,5031,'shops.stereosvit_ua'),
 (2425,18,711,5032,'shops.winauto_in_ua'),
 (2426,18,706,5033,'shops.tehnoyarmarok_bigbord_net'),
 (2427,18,818,5034,'shops.matrix_ua'),
 (2428,18,819,5035,'shops.lcdshop_com_ua'),
 (2429,18,821,5041,'shops.panasonic_plaza_ua'),
 (2430,18,820,5042,'shops.xshop_ua'),
 (2431,18,529,5044,'shops.protoria_ua'),
 (2432,18,710,5046,'shops.tehnoroom_com_ua'),
 (2433,18,603,5050,'shops.nkt_ua'),
 (2434,19,581,5043,'shops.techno_oasis_com_ua'),
 (2435,19,810,5045,'shops.speedway_in_ua'),
 (2436,19,599,5048,'shops.kolibri_com_ua'),
 (2437,19,811,5051,'shops.topbt_com_ua'),
 (2438,19,698,5055,'shops.uth_com_ua'),
 (2439,19,808,5056,'shops.sofi_kiev_ua'),
 (2440,19,809,5060,'shops.megabyte_kiev_ua'),
 (2441,19,812,5063,'shops.novatek_com_ua'),
 (2442,19,694,5065,'shops.mshop_in_ua'),
 (2443,19,693,5067,'shops.maximart_net'),
 (2444,20,687,5080,'shops.tehnokomfort_com_ua'),
 (2445,20,803,5083,'shops.mobidrive_com_ua'),
 (2446,20,804,5087,'shops.webshara_com_ua'),
 (2447,20,688,5089,'shops.tehkom_com_ua'),
 (2448,20,798,5091,'shops.phoneline_com_ua'),
 (2449,20,799,NULL,'shops.vint_com_ua'),
 (2450,20,686,5096,'shops.telemag_com_ua'),
 (2451,20,802,5099,'shops.proteh_com_ua'),
 (2452,20,800,5103,'shops.mobiplus_com_ua'),
 (2453,20,801,5126,'shops.mirka_com_ua'),
 (2454,21,597,5081,'shops.nasvyazi_com_ua'),
 (2455,21,805,5084,'shops.plazmatex_com_ua'),
 (2456,21,689,5088,'shops.vodopad_kiev_ua'),
 (2457,21,690,5090,'shops.vipproduct_com_ua'),
 (2458,21,598,5092,'shops.sokol_ua'),
 (2459,21,806,5094,'shops.medialider_com_ua'),
 (2460,21,576,5097,'shops.kompro_com_ua'),
 (2461,21,691,5100,'shops.t_trade_com_ua'),
 (2462,21,692,5123,'shops.sanford_com_ua'),
 (2463,21,807,5124,'shops.mobiice_com_ua'),
 (2464,22,787,5145,'shops.sho_com_ua'),
 (2465,22,466,5146,'shops.gb_ua'),
 (2466,22,460,5147,'shops.telemarket_com_ua'),
 (2467,22,531,5148,'shops.technix_com_ua'),
 (2468,22,607,5149,'shops.buytut_com'),
 (2469,22,461,5150,'shops.tehnos_com_ua'),
 (2470,22,544,5151,'shops.katran_s_kiev_ua'),
 (2471,22,535,5152,'shops.iguan_ua'),
 (2472,22,278,5153,'shops.meloch_com_ua'),
 (2473,22,797,5154,'shops.mobilife_com_ua'),
 (2474,22,509,5155,'shops._5ok_com_ua'),
 (2475,22,329,5156,'shops.tehnocity_kiev_ua'),
 (2476,22,799,5202,'shops.vint_com_ua'),
 (2477,22,802,5158,'shops.proteh_com_ua'),
 (2478,22,686,5159,'shops.telemag_com_ua'),
 (2479,22,180,5160,'shops.appliance_shoplive_com_ua_mobile'),
 (2480,22,495,5161,'shops.joseph_kiev_ua'),
 (2481,22,517,5162,'shops._590_com_ua'),
 (2482,22,371,5163,'shops.denon_com_ua'),
 (2483,22,806,5164,'shops.medialider_com_ua'),
 (2484,22,188,5165,'shops.azhiotazh_com_ua'),
 (2485,22,405,5166,'shops.multi_com_ua'),
 (2486,22,577,5167,'shops.diatrade_com_ua'),
 (2487,22,697,5168,'shops.instep_com_ua'),
 (2488,22,276,5169,'shops.masteraudio_com_ua'),
 (2489,22,520,5170,'shops.foxmart_com_ua'),
 (2490,22,268,5171,'shops.lavka_kiev_ua'),
 (2491,22,473,5172,'shops.comfortshop_com_ua'),
 (2492,22,468,5173,'shops.super_market_kiev_ua'),
 (2493,22,572,5174,'shops.mtrade_com_ua'),
 (2494,22,589,5175,'shops._101_net_ua'),
 (2495,22,464,5176,'shops.btstile_com_ua'),
 (2496,22,397,5177,'shops.loras_com_ua'),
 (2497,22,582,5178,'shops.stereosvit_ua'),
 (2498,22,382,5179,'shops.gelezka_kiev_ua'),
 (2499,22,529,5180,'shops.protoria_ua'),
 (2500,22,664,5181,'shops.telekvartal_com_ua'),
 (2501,22,175,5182,'shops.allshop_kiev_ua'),
 (2502,22,358,5183,'shops.atlas_com_ua'),
 (2503,22,369,5184,'shops.creation_kiev_ua'),
 (2504,22,465,5185,'shops.xclusive_com_ua'),
 (2505,22,714,5186,'shops.torzhok_com_ua'),
 (2506,22,387,5187,'shops.iline_in_ua'),
 (2507,22,180,5188,'shops.appliance_shoplive_com_ua'),
 (2508,22,232,5189,'shops.evrotel_com_ua'),
 (2509,22,447,5190,'shops.uatechno_com_ua'),
 (2510,22,605,5191,'shops.climatica_com_ua'),
 (2511,22,274,5192,'shops.m_store_com_ua'),
 (2512,22,548,5193,'shops.megatorg_com_ua'),
 (2513,22,672,5194,'shops.telephone_net_ua');
/*!40000 ALTER TABLE `current_action` ENABLE KEYS */;


--
-- Definition of table `logger`
--

DROP TABLE IF EXISTS `logger`;
CREATE TABLE `logger` (
  `id` int(10) unsigned NOT NULL AUTO_INCREMENT,
  `id_session` int(10) unsigned DEFAULT NULL,
  `id_logger_level` int(10) unsigned DEFAULT NULL,
  `logger_message` varchar(255) DEFAULT NULL,
  PRIMARY KEY (`id`)
) ENGINE=InnoDB AUTO_INCREMENT=6030 DEFAULT CHARSET=cp1251;

--
-- Dumping data for table `logger`
--

/*!40000 ALTER TABLE `logger` DISABLE KEYS */;
/*!40000 ALTER TABLE `logger` ENABLE KEYS */;


--
-- Definition of table `logger_level`
--

DROP TABLE IF EXISTS `logger_level`;
CREATE TABLE `logger_level` (
  `id` int(10) unsigned NOT NULL AUTO_INCREMENT,
  `name` varchar(45) DEFAULT NULL,
  PRIMARY KEY (`id`)
) ENGINE=InnoDB AUTO_INCREMENT=6 DEFAULT CHARSET=cp1251;

--
-- Dumping data for table `logger_level`
--

/*!40000 ALTER TABLE `logger_level` DISABLE KEYS */;
INSERT INTO `logger_level` (`id`,`name`) VALUES 
 (1,'DEBUG'),
 (2,'INFO'),
 (3,'WARN'),
 (4,'ERROR'),
 (5,'TRACE');
/*!40000 ALTER TABLE `logger_level` ENABLE KEYS */;


--
-- Definition of table `parse_record`
--

DROP TABLE IF EXISTS `parse_record`;
CREATE TABLE `parse_record` (
  `id` int(10) unsigned NOT NULL AUTO_INCREMENT,
  `id_section` int(10) unsigned DEFAULT NULL,
  `id_session` int(10) unsigned DEFAULT NULL,
  `url` varchar(1024) DEFAULT NULL,
  `name` varchar(512) DEFAULT NULL,
  `description` varchar(512) DEFAULT NULL,
  `amount` decimal(10,0) DEFAULT NULL,
  `amount_usd` decimal(10,0) DEFAULT NULL,
  `amount_euro` decimal(10,0) DEFAULT NULL,
  PRIMARY KEY (`id`),
  KEY `Index_2` (`id_section`),
  KEY `Index_3` (`id_session`),
  KEY `Index_4` (`name`)
) ENGINE=InnoDB AUTO_INCREMENT=10903660 DEFAULT CHARSET=cp1251;

--
-- Dumping data for table `parse_record`
--

/*!40000 ALTER TABLE `parse_record` DISABLE KEYS */;
/*!40000 ALTER TABLE `parse_record` ENABLE KEYS */;


--
-- Definition of table `parse_result`
--

DROP TABLE IF EXISTS `parse_result`;
CREATE TABLE `parse_result` (
  `id` int(10) unsigned NOT NULL AUTO_INCREMENT,
  `name` varchar(255) DEFAULT NULL,
  PRIMARY KEY (`id`)
) ENGINE=InnoDB AUTO_INCREMENT=5 DEFAULT CHARSET=cp1251;

--
-- Dumping data for table `parse_result`
--

/*!40000 ALTER TABLE `parse_result` DISABLE KEYS */;
INSERT INTO `parse_result` (`id`,`name`) VALUES 
 (1,'error'),
 (2,'ok'),
 (3,'stopped'),
 (4,'new');
/*!40000 ALTER TABLE `parse_result` ENABLE KEYS */;


--
-- Definition of table `parse_session`
--

DROP TABLE IF EXISTS `parse_session`;
CREATE TABLE `parse_session` (
  `id` int(10) unsigned NOT NULL AUTO_INCREMENT,
  `id_shop` int(10) unsigned DEFAULT NULL,
  `parse_begin` timestamp NOT NULL DEFAULT '0000-00-00 00:00:00',
  `id_parse_result` int(10) unsigned DEFAULT NULL,
  `description` varchar(255) DEFAULT NULL,
  `date_write` timestamp NOT NULL DEFAULT CURRENT_TIMESTAMP,
  PRIMARY KEY (`id`),
  KEY `Index_2` (`id_shop`)
) ENGINE=InnoDB AUTO_INCREMENT=5203 DEFAULT CHARSET=cp1251;

--
-- Dumping data for table `parse_session`
--

/*!40000 ALTER TABLE `parse_session` DISABLE KEYS */;
INSERT INTO `parse_session` (`id`,`id_shop`,`parse_begin`,`id_parse_result`,`description`,`date_write`) VALUES 
 (4299,312,'2010-12-07 14:04:47',2,'http://soner.com.ua2010_12_07_14_04_47','2010-12-07 14:04:47'),
 (4300,204,'2010-12-07 14:04:51',2,'http://cdma-trade.com.ua2010_12_07_14_04_51','2010-12-07 14:04:51'),
 (4302,248,'2010-12-07 14:04:59',2,'http://hlebopechka.kiev.ua2010_12_07_14_04_59','2010-12-07 14:04:59'),
 (4304,341,'2010-12-07 14:05:08',2,'http://tshop.net.ua2010_12_07_14_05_08','2010-12-07 14:05:08'),
 (4306,460,'2010-12-07 14:05:19',2,'http://telemarket.com.ua2010_12_07_14_05_19','2010-12-07 14:05:19'),
 (4307,203,'2010-12-07 14:05:30',2,'http://cata-ua.com2010_12_07_14_05_30','2010-12-07 14:05:30'),
 (4310,269,'2010-12-07 14:10:18',2,'http://lentiaev.net2010_12_07_14_10_18','2010-12-07 14:10:18'),
 (4311,549,'2010-12-07 14:10:22',2,'http://www.etehnika.com.ua2010_12_07_14_10_22','2010-12-07 14:10:22'),
 (4312,475,'2010-12-07 14:10:28',2,'http://www.hi-star.com.ua2010_12_07_14_10_28','2010-12-07 14:10:28'),
 (4313,419,'2010-12-07 14:10:33',2,'http://www.progress-sound.com2010_12_07_14_10_33','2010-12-07 14:10:33'),
 (4314,212,'2010-12-07 14:10:38',2,'http://daikin-ua.net2010_12_07_14_10_38','2010-12-07 14:10:38'),
 (4315,461,'2010-12-07 14:11:26',1,'http://www.tehnos.com.ua2010_12_07_14_11_26','2010-12-07 14:11:26'),
 (4316,345,'2010-12-07 14:11:35',2,'http://vasap.com.ua2010_12_07_14_11_35','2010-12-07 14:11:35'),
 (4317,299,'2010-12-07 14:12:30',2,'http://pyle-sos.kiev.ua2010_12_07_14_12_30','2010-12-07 14:12:30'),
 (4318,476,'2010-12-07 14:12:43',2,'http://www.challenge.kiev.ua2010_12_07_14_12_43','2010-12-07 14:12:43'),
 (4319,351,'2010-12-07 14:12:57',2,'http://www.2000.com.ua2010_12_07_14_12_57','2010-12-07 14:12:57'),
 (4320,444,'2010-12-07 14:13:00',2,'http://www.ton.kiev.ua2010_12_07_14_13_00','2010-12-07 14:13:00'),
 (4321,189,'2010-12-07 14:13:15',2,'http://azvuk.ua2010_12_07_14_13_15','2010-12-07 14:13:15'),
 (4322,281,'2010-12-07 14:13:19',2,'http://mirbt.com.ua2010_12_07_14_13_19','2010-12-07 14:13:19'),
 (4323,292,'2010-12-07 14:13:39',2,'http://panasonic-ua.com2010_12_07_14_13_39','2010-12-07 14:13:39'),
 (4325,339,'2010-12-07 14:13:50',2,'http://toshiba-ua.net2010_12_07_14_13_50','2010-12-07 14:13:50'),
 (4327,413,'2010-12-07 14:14:06',2,'http://www.pixelplus.com.ua2010_12_07_14_14_06','2010-12-07 14:14:06'),
 (4328,478,'2010-12-07 14:15:35',2,'http://ipodshop.com.ua2010_12_07_14_15_35','2010-12-07 14:15:35'),
 (4329,246,'2010-12-07 14:15:50',2,'http://haier-ua.com2010_12_07_14_15_50','2010-12-07 14:15:50'),
 (4330,217,'2010-12-07 14:15:57',2,'http://dom-market.com.ua2010_12_07_14_15_57','2010-12-07 14:15:57'),
 (4331,371,'2010-12-07 14:16:08',2,'http://www.denon.com.ua2010_12_07_14_16_08','2010-12-07 14:16:08'),
 (4332,241,'2010-12-07 14:16:14',2,'http://gcomputers.com.ua2010_12_07_14_16_14','2010-12-07 14:16:14'),
 (4334,405,'2010-12-07 14:17:08',1,'http://www.multi.com.ua2010_12_07_14_17_08','2010-12-07 14:17:08'),
 (4336,462,'2010-12-07 14:20:57',2,'http://video-ochki.com.ua2010_12_07_14_20_57','2010-12-07 14:20:57'),
 (4337,463,'2010-12-07 14:21:05',2,'http://teploprofi.com.ua2010_12_07_14_21_05','2010-12-07 14:21:05'),
 (4338,438,'2010-12-07 14:21:38',2,'http://www.techsales.kiev.ua2010_12_07_14_21_38','2010-12-07 14:21:38'),
 (4339,200,'2010-12-07 14:21:48',2,'http://btcomfort.com.ua2010_12_07_14_21_48','2010-12-07 14:21:48'),
 (4340,441,'2010-12-07 14:22:00',2,'http://www.tehnoman.kiev.ua2010_12_07_14_22_00','2010-12-07 14:22:00'),
 (4341,479,'2010-12-07 14:22:26',2,'http://www.asteks.com.ua2010_12_07_14_22_26','2010-12-07 14:22:26'),
 (4342,343,'2010-12-07 14:22:38',2,'http://ukrclimate.com.ua2010_12_07_14_22_38','2010-12-07 14:22:38'),
 (4343,230,'2010-12-07 14:23:10',2,'http://eplus.kiev.ua2010_12_07_14_23_10','2010-12-07 14:23:10'),
 (4344,182,'2010-12-07 14:23:21',2,'http://arkada-bt.com2010_12_07_14_23_21','2010-12-07 14:23:21'),
 (4345,268,'2010-12-07 14:23:39',1,'http://lavka.kiev.ua2010_12_07_14_23_39','2010-12-07 14:23:39'),
 (4346,211,'2010-12-07 14:23:43',2,'http://cordi.com.ua2010_12_07_14_23_43','2010-12-07 14:23:43'),
 (4347,313,'2010-12-07 14:23:55',2,'http://sony-reader.com.ua2010_12_07_14_23_55','2010-12-07 14:23:55'),
 (4348,218,'2010-12-07 14:23:58',2,'http://domashniy-kinoteatr.com.ua2010_12_07_14_23_58','2010-12-07 14:23:58'),
 (4349,480,'2010-12-07 14:24:20',2,'http://kooperator.com.ua2010_12_07_14_24_20','2010-12-07 14:24:20'),
 (4353,286,'2010-12-07 15:47:42',2,'http://msr.kiev.ua2010_12_07_15_47_42','2010-12-07 15:47:42'),
 (4354,194,'2010-12-07 15:47:57',2,'http://best-optics.com.ua2010_12_07_15_47_57','2010-12-07 15:47:57'),
 (4355,321,'2010-12-07 15:48:04',2,'http://technogrand.com.ua2010_12_07_15_48_04','2010-12-07 15:48:04'),
 (4357,481,'2010-12-07 15:50:09',2,'http://www.electromag.com.ua2010_12_07_15_50_09','2010-12-07 15:50:09'),
 (4358,294,'2010-12-07 15:50:34',2,'http://pda-news.net2010_12_07_15_50_34','2010-12-07 15:50:34'),
 (4359,482,'2010-12-07 15:50:57',2,'http://www.notebooki.com.ua2010_12_07_15_50_57','2010-12-07 15:50:57'),
 (4360,397,'2010-12-07 15:51:42',1,'http://www.loras.com.ua2010_12_07_15_51_42','2010-12-07 15:51:42'),
 (4361,464,'2010-12-07 15:53:44',1,'http://btstile.com.ua2010_12_07_15_53_44','2010-12-07 15:53:44'),
 (4362,205,'2010-12-07 15:53:49',2,'http://cifrolend.com.ua2010_12_07_15_53_49','2010-12-07 15:53:49'),
 (4363,315,'2010-12-07 15:54:15',2,'http://sova-shop.com.ua2010_12_07_15_54_15','2010-12-07 15:54:15'),
 (4364,382,'2010-12-07 15:54:56',1,'http://www.gelezka.kiev.ua2010_12_07_15_54_56','2010-12-07 15:54:56'),
 (4365,674,'2010-12-07 15:54:59',2,'http://www.cezar.ua2010_12_07_15_54_59','2010-12-07 15:54:56'),
 (4366,401,'2010-12-07 15:55:01',2,'http://www.mitsubishi-ua.net2010_12_07_15_55_01','2010-12-07 15:55:01'),
 (4367,256,'2010-12-07 15:55:13',2,'http://internetmarket.kiev.ua2010_12_07_15_55_13','2010-12-07 15:55:13'),
 (4368,439,'2010-12-07 15:55:41',2,'http://www.tehno.kiev.ua2010_12_07_15_55_41','2010-12-07 15:55:41'),
 (4369,337,'2010-12-07 15:55:44',2,'http://texnosvit.com.ua2010_12_07_15_55_44','2010-12-07 15:55:44'),
 (4370,293,'2010-12-07 15:56:34',2,'http://panflat.com.ua2010_12_07_15_56_34','2010-12-07 15:56:34'),
 (4371,369,'2010-12-07 15:57:09',1,'http://www.creation.kiev.ua2010_12_07_15_57_09','2010-12-07 15:57:09'),
 (4372,358,'2010-12-07 15:57:16',1,'http://www.altas.com.ua2010_12_07_15_57_16','2010-12-07 15:57:16'),
 (4373,483,'2010-12-07 15:57:34',2,'http://xolodilnik.kiev.ua2010_12_07_15_57_34','2010-12-07 15:57:34'),
 (4374,177,'2010-12-07 15:57:38',2,'http://alphatech.com.ua2010_12_07_15_57_38','2010-12-07 15:57:38'),
 (4375,465,'2010-12-07 15:57:54',1,'http://xclusive.com.ua2010_12_07_15_57_54','2010-12-07 15:57:54'),
 (4376,180,'2010-12-07 15:57:58',2,'http://appliance.shoplive.com.ua/2010_12_07_15_57_58','2010-12-07 15:57:58'),
 (4377,338,'2010-12-07 15:58:02',2,'http://topcomfort.com.ua2010_12_07_15_58_02','2010-12-07 15:58:02'),
 (4378,232,'2010-12-07 15:58:05',1,'http://evrotel.com.ua2010_12_07_15_58_05','2010-12-07 15:58:05'),
 (4379,202,'2010-12-07 15:58:09',2,'http://btpriisk.com.ua2010_12_07_15_58_09','2010-12-07 15:58:09'),
 (4380,443,'2010-12-07 15:59:35',2,'http://www.teploresurs.com.ua2010_12_07_15_59_35','2010-12-07 15:59:35'),
 (4381,323,'2010-12-07 15:59:53',2,'http://technounity.com.ua2010_12_07_15_59_53','2010-12-07 15:59:53'),
 (4382,594,'2010-12-07 16:03:08',2,'http://clean-bt.com.ua2010_12_07_16_03_08','2010-12-07 16:03:05'),
 (4383,675,'2010-12-07 16:05:17',2,'http://www.itop.com.ua2010_12_07_16_05_17','2010-12-07 16:05:21'),
 (4385,169,'2010-12-07 16:08:05',2,'http://224.com.ua2010_12_07_16_08_05','2010-12-07 16:08:05'),
 (4386,484,'2010-12-07 16:09:23',2,'http://ion.ua2010_12_07_16_09_23','2010-12-07 16:09:23'),
 (4387,215,'2010-12-07 16:11:31',2,'http://digital.in.ua2010_12_07_16_11_31','2010-12-07 16:11:31'),
 (4388,524,'2010-12-07 16:12:03',2,'http://www.bt.kiev.ua2010_12_07_16_12_03','2010-12-07 16:12:00'),
 (4389,195,'2010-12-07 16:12:55',2,'http://bigmag.biz.ua2010_12_07_16_12_55','2010-12-07 16:12:55'),
 (4391,735,'2010-12-07 16:13:30',2,'http://iphone.in.ua2010_12_07_16_13_30','2010-12-07 16:13:34'),
 (4393,477,'2010-12-07 16:15:11',2,'http://taxfree.com.ua2010_12_07_16_15_11','2010-12-07 16:15:11'),
 (4397,559,'2010-12-07 16:21:44',2,'http://elektromir.net.ua2010_12_07_16_21_44','2010-12-07 16:21:47'),
 (4398,250,'2010-12-07 16:22:18',2,'http://homestore.com.ua2010_12_07_16_22_18','2010-12-07 16:22:18'),
 (4399,271,'2010-12-07 16:23:43',2,'http://lg-ua.net2010_12_07_16_23_43','2010-12-07 16:23:43'),
 (4400,353,'2010-12-07 16:23:55',2,'http://www.agsat.com.ua2010_12_07_16_23_55','2010-12-07 16:23:55'),
 (4401,411,'2010-12-07 16:24:17',2,'http://www.permyco.kiev.ua2010_12_07_16_24_17','2010-12-07 16:24:17'),
 (4402,411,'2010-12-07 16:24:27',2,'http://www.permyco.kiev.ua2010_12_07_16_24_27','2010-12-07 16:24:27'),
 (4403,396,'2010-12-07 16:24:34',2,'http://www.ktc.com.ua2010_12_07_16_24_34','2010-12-07 16:24:34'),
 (4404,466,'2010-12-07 16:26:03',2,'http://www.gb.ua2010_12_07_16_26_03','2010-12-07 16:26:03'),
 (4405,390,'2010-12-07 16:26:17',2,'http://www.itformat.kiev.ua2010_12_07_16_26_17','2010-12-07 16:26:17'),
 (4406,411,'2010-12-07 16:27:49',2,'http://www.permyco.kiev.ua2010_12_07_16_27_49','2010-12-07 16:27:49'),
 (4407,260,'2010-12-07 16:28:09',2,'http://itcyfra.net2010_12_07_16_28_09','2010-12-07 16:28:09'),
 (4408,375,'2010-12-07 16:28:42',2,'http://www.dmarket.com.ua2010_12_07_16_28_42','2010-12-07 16:28:42'),
 (4409,448,'2010-12-07 16:28:53',2,'http://www.umapalata.com.ua2010_12_07_16_28_53','2010-12-07 16:28:53'),
 (4410,270,'2010-12-07 16:29:46',2,'http://lg-ua.com2010_12_07_16_29_46','2010-12-07 16:29:46'),
 (4411,311,'2010-12-07 16:29:57',2,'http://soloshop.com.ua2010_12_07_16_29_57','2010-12-07 16:29:57'),
 (4412,736,'2010-12-07 16:29:55',2,'http://fialca.com.ua2010_12_07_16_29_55','2010-12-07 16:29:58'),
 (4413,367,'2010-12-07 16:31:24',2,'http://www.ciframir.com.ua2010_12_07_16_31_24','2010-12-07 16:31:24'),
 (4414,332,'2010-12-07 16:31:49',2,'http://tehnosvit.com.ua2010_12_07_16_31_49','2010-12-07 16:31:49'),
 (4415,376,'2010-12-07 16:33:13',2,'http://www.domotech.kiev.ua2010_12_07_16_33_13','2010-12-07 16:33:13'),
 (4416,342,'2010-12-07 16:35:13',2,'http://tvplaneta.com.ua2010_12_07_16_35_13','2010-12-07 16:35:13'),
 (4417,263,'2010-12-07 16:35:59',2,'http://kievgas.com.ua2010_12_07_16_35_59','2010-12-07 16:35:59'),
 (4418,677,'2010-12-07 16:38:06',2,'http://www.holodok.com.ua2010_12_07_16_38_06','2010-12-07 16:38:09'),
 (4419,426,'2010-12-07 16:38:58',2,'http://www.skidka.com.ua2010_12_07_16_38_58','2010-12-07 16:38:58'),
 (4420,285,'2010-12-07 16:39:36',2,'http://mobimania.kiev.ua2010_12_07_16_39_36','2010-12-07 16:39:36'),
 (4421,404,'2010-12-07 16:39:47',2,'http://www.mobitech.com.ua2010_12_07_16_39_47','2010-12-07 16:39:47'),
 (4422,476,'2010-12-07 16:40:01',2,'http://www.challenge.kiev.ua2010_12_07_16_40_01','2010-12-07 16:40:01'),
 (4423,209,'2010-12-07 16:40:07',2,'http://colibriua.com2010_12_07_16_40_07','2010-12-07 16:40:07'),
 (4424,303,'2010-12-07 16:40:16',2,'http://samsung-ua.net2010_12_07_16_40_16','2010-12-07 16:40:16'),
 (4425,282,'2010-12-07 16:40:21',2,'http://mitsubishi-heavy.net.ua2010_12_07_16_40_21','2010-12-07 16:40:21'),
 (4426,213,'2010-12-07 16:40:27',2,'http://diant.kiev.ua2010_12_07_16_40_27','2010-12-07 16:40:27'),
 (4427,298,'2010-12-07 16:41:38',2,'http://pspclub.com.ua2010_12_07_16_41_38','2010-12-07 16:41:38'),
 (4428,180,'2010-12-07 16:42:10',2,'http://appliance.shoplive.com.ua/2010_12_07_16_42_10','2010-12-07 16:42:10'),
 (4429,184,'2010-12-07 16:42:18',2,'http://atlant-ua.com2010_12_07_16_42_18','2010-12-07 16:42:18'),
 (4430,429,'2010-12-07 16:42:23',2,'http://www.softservice.com.ua2010_12_07_16_42_23','2010-12-07 16:42:23'),
 (4431,235,'2010-12-07 16:43:37',2,'http://flashki.kiev.ua2010_12_07_16_43_37','2010-12-07 16:43:37'),
 (4432,314,'2010-12-07 16:43:56',2,'http://sotmarket.com.ua2010_12_07_16_43_56','2010-12-07 16:43:56'),
 (4433,186,'2010-12-07 16:44:07',2,'http://avtocomfort.com.ua2010_12_07_16_44_07','2010-12-07 16:44:07'),
 (4434,188,'2010-12-07 16:44:23',2,'http://azhiotazh.com.ua2010_12_07_16_44_23','2010-12-07 16:44:23'),
 (4435,395,'2010-12-07 16:44:31',2,'http://www.kpiservice.com.ua2010_12_07_16_44_31','2010-12-07 16:44:31'),
 (4436,388,'2010-12-07 16:45:59',2,'http://www.incosoft.com.ua2010_12_07_16_45_59','2010-12-07 16:45:59'),
 (4437,679,'2010-12-07 16:46:07',2,'http://www.fotosale.com.ua2010_12_07_16_46_07','2010-12-07 16:46:11'),
 (4438,173,'2010-12-07 16:46:32',2,'http://akaba.com.ua2010_12_07_16_46_32','2010-12-07 16:46:32'),
 (4439,305,'2010-12-07 16:46:56',2,'http://santehnika.ua2010_12_07_16_46_56','2010-12-07 16:46:56'),
 (4440,389,'2010-12-07 16:47:36',2,'http://www.ipod-apple.com.ua2010_12_07_16_47_36','2010-12-07 16:47:36'),
 (4441,179,'2010-12-07 16:47:46',2,'http://antena.com.ua2010_12_07_16_47_46','2010-12-07 16:47:46'),
 (4442,242,'2010-12-07 16:48:06',2,'http://giperon.ua2010_12_07_16_48_06','2010-12-07 16:48:06'),
 (4443,427,'2010-12-07 16:48:39',2,'http://www.skytel.com.ua2010_12_07_16_48_39','2010-12-07 16:48:39'),
 (4444,416,'2010-12-07 16:48:48',2,'http://www.porto.com.ua2010_12_07_16_48_48','2010-12-07 16:48:48'),
 (4445,276,'2010-12-07 16:49:09',2,'http://masteraudio.com.ua2010_12_07_16_49_09','2010-12-07 16:49:09'),
 (4446,258,'2010-12-07 16:49:14',2,'http://it-select.com.ua2010_12_07_16_49_14','2010-12-07 16:49:14'),
 (4447,192,'2010-12-07 16:49:54',2,'http://battup.com.ua2010_12_07_16_49_54','2010-12-07 16:49:54'),
 (4448,284,'2010-12-07 16:50:17',2,'http://mkp.kiev.ua2010_12_07_16_50_17','2010-12-07 16:50:17'),
 (4449,485,'2010-12-07 16:52:14',2,'http://medex.com.ua2010_12_07_16_52_14','2010-12-07 16:52:14'),
 (4450,335,'2010-12-07 16:52:37',2,'http://terabyte.kiev.ua2010_12_07_16_52_37','2010-12-07 16:52:37'),
 (4451,399,'2010-12-07 16:52:52',2,'http://www.mediamart.com.ua2010_12_07_16_52_52','2010-12-07 16:52:52'),
 (4452,737,'2010-12-07 16:54:09',2,'http://gpsgarmin.kiev.ua2010_12_07_16_54_09','2010-12-07 16:54:13'),
 (4453,356,'2010-12-07 16:54:18',2,'http://www.alant.com.ua2010_12_07_16_54_18','2010-12-07 16:54:18'),
 (4454,476,'2010-12-07 16:54:44',2,'http://www.challenge.kiev.ua2010_12_07_16_54_44','2010-12-07 16:54:44'),
 (4455,168,'2010-12-07 16:54:48',2,'http://1brovary.com.ua2010_12_07_16_54_48','2010-12-07 16:54:48'),
 (4456,418,'2010-12-07 16:55:26',2,'http://www.pro100r.com.ua2010_12_07_16_55_26','2010-12-07 16:55:26'),
 (4457,216,'2010-12-07 16:57:44',2,'http://digitalvideo.com.ua2010_12_07_16_57_44','2010-12-07 16:57:44'),
 (4458,348,'2010-12-07 16:58:42',2,'http://whirlpool-ua.com2010_12_07_16_58_42','2010-12-07 16:58:42'),
 (4459,340,'2010-12-07 16:58:52',2,'http://trixi.com.ua2010_12_07_16_58_52','2010-12-07 16:58:52'),
 (4460,372,'2010-12-07 16:59:05',2,'http://www.digitalframe.com.ua2010_12_07_16_59_05','2010-12-07 16:59:05'),
 (4461,245,'2010-12-07 16:59:38',2,'http://hacker.ua2010_12_07_16_59_38','2010-12-07 16:59:38'),
 (4462,289,'2010-12-07 17:00:25',2,'http://nord-ua.net2010_12_07_17_00_25','2010-12-07 17:00:25'),
 (4463,267,'2010-12-07 17:00:34',2,'http://kruche.net.ua2010_12_07_17_00_34','2010-12-07 17:00:34'),
 (4464,738,'2010-12-07 17:02:12',2,'http://happybuy.com.ua2010_12_07_17_02_12','2010-12-07 17:02:15'),
 (4465,300,'2010-12-07 17:03:40',2,'http://pyramida-ua.com2010_12_07_17_03_40','2010-12-07 17:03:40'),
 (4466,487,'2010-12-07 17:03:48',2,'http://clubmac.kiev.ua/2010_12_07_17_03_48','2010-12-07 17:03:48'),
 (4467,488,'2010-12-07 17:03:53',2,'http://www.1in.com.ua2010_12_07_17_03_53','2010-12-07 17:03:53'),
 (4468,214,'2010-12-07 17:04:02',2,'http://digishop.com.ua2010_12_07_17_04_02','2010-12-07 17:04:02'),
 (4469,190,'2010-12-07 17:04:18',2,'http://b-t.kiev.ua2010_12_07_17_04_18','2010-12-07 17:04:18'),
 (4470,275,'2010-12-07 17:04:44',2,'http://marketus.com.ua2010_12_07_17_04_44','2010-12-07 17:04:44'),
 (4471,489,'2010-12-07 17:05:03',2,'http://www.exoticmobile.com.ua2010_12_07_17_05_03','2010-12-07 17:05:03'),
 (4472,265,'2010-12-07 17:05:06',2,'http://kkshop.com.ua2010_12_07_17_05_06','2010-12-07 17:05:06'),
 (4473,262,'2010-12-07 17:06:00',2,'http://kaiser-ua.com2010_12_07_17_06_00','2010-12-07 17:06:00'),
 (4474,360,'2010-12-07 17:06:09',2,'http://www.aspark.com.ua2010_12_07_17_06_09','2010-12-07 17:06:09'),
 (4475,264,'2010-12-07 17:07:13',2,'http://kinofoto.tv2010_12_07_17_07_13','2010-12-07 17:07:13'),
 (4476,175,'2010-12-07 17:07:35',1,'http://allshop.kiev.ua2010_12_07_17_07_35','2010-12-07 17:07:35'),
 (4477,310,'2010-12-07 17:07:55',2,'http://shop.pcforsage.com.ua2010_12_07_17_07_55','2010-12-07 17:07:55'),
 (4478,273,'2010-12-07 17:08:05',2,'http://lubnymarket.com2010_12_07_17_08_05','2010-12-07 17:08:05'),
 (4479,739,'2010-12-07 17:10:13',2,'http://www.gefest.com.ua2010_12_07_17_10_13','2010-12-07 17:10:17'),
 (4480,393,'2010-12-07 17:16:39',2,'http://www.kipit.com.ua2010_12_07_17_16_39','2010-12-07 17:16:39'),
 (4481,243,'2010-12-07 17:17:04',2,'http://gorenje-ua.com2010_12_07_17_17_04','2010-12-07 17:17:04'),
 (4482,261,'2010-12-07 17:17:12',2,'http://jera-ua.com2010_12_07_17_17_12','2010-12-07 17:17:12'),
 (4483,683,'2010-12-07 17:18:16',2,'http://www.electrohata.kiev.ua2010_12_07_17_18_16','2010-12-07 17:18:19'),
 (4484,387,'2010-12-07 17:18:35',1,'http://www.iline.in.ua2010_12_07_17_18_35','2010-12-07 17:18:35'),
 (4485,379,'2010-12-07 17:18:39',2,'http://www.flashtrade.com.ua2010_12_07_17_18_39','2010-12-07 17:18:39'),
 (4486,467,'2010-12-07 17:18:46',2,'http://www.mobiles.net.ua2010_12_07_17_18_46','2010-12-07 17:18:46'),
 (4487,317,'2010-12-07 17:18:59',2,'http://sunport.com.ua2010_12_07_17_18_59','2010-12-07 17:18:59'),
 (4491,206,'2010-12-07 17:29:13',2,'http://cityshop.net.ua2010_12_07_17_29_13','2010-12-07 17:29:13'),
 (4494,682,'2010-12-07 17:31:31',2,'http://www.electromarket.com.ua2010_12_07_17_31_31','2010-12-07 17:31:35'),
 (4495,330,'2010-12-07 17:34:24',2,'http://tehnogroup.com.ua2010_12_07_17_34_24','2010-12-07 17:34:24'),
 (4496,207,'2010-12-07 17:34:44',2,'http://climat-s.com2010_12_07_17_34_44','2010-12-07 17:34:44'),
 (4497,280,'2010-12-07 17:35:37',2,'http://miele-ua.com2010_12_07_17_35_37','2010-12-07 17:35:37'),
 (4500,400,'2010-12-07 17:41:37',2,'http://www.mirit.com.ua2010_12_07_17_41_37','2010-12-07 17:41:37'),
 (4508,740,'2010-12-07 17:48:43',2,'http://www.fotoshop.ua2010_12_07_17_48_43','2010-12-07 17:48:47'),
 (4510,326,'2010-12-07 17:52:36',2,'http://tehno.com.ua2010_12_07_17_52_36','2010-12-07 17:52:36'),
 (4513,510,'2010-12-07 17:59:09',2,'http://www.5star.com.ua2010_12_07_17_59_09','2010-12-07 17:59:06'),
 (4514,237,'2010-12-07 17:59:32',1,'http://forsale.com.ua2010_12_07_17_59_32','2010-12-07 17:59:32'),
 (4516,236,'2010-12-07 17:59:55',2,'http://forcom.kiev.ua2010_12_07_17_59_55','2010-12-07 17:59:55'),
 (4517,741,'2010-12-07 18:01:30',2,'http://www.e-trading.com.ua2010_12_07_18_01_30','2010-12-07 18:01:33'),
 (4518,283,'2010-12-07 18:03:14',2,'http://mitsubishi-ua.com2010_12_07_18_03_14','2010-12-07 18:03:14'),
 (4519,240,'2010-12-07 18:03:27',2,'http://gamepost.com.ua2010_12_07_18_03_27','2010-12-07 18:03:27'),
 (4520,491,'2010-12-07 18:04:07',2,'http://www.radiola.com.ua2010_12_07_18_04_07','2010-12-07 18:04:07'),
 (4521,492,'2010-12-07 18:04:41',2,'http://www.c-tech.com.ua2010_12_07_18_04_41','2010-12-07 18:04:41'),
 (4523,490,'2010-12-07 18:07:31',2,'http://fixer.com.ua2010_12_07_18_07_31','2010-12-07 18:07:31'),
 (4524,318,'2010-12-07 18:07:36',2,'http://t4k.com.ua2010_12_07_18_07_36','2010-12-07 18:07:36'),
 (4525,456,'2010-12-07 18:07:38',2,'http://zanussi-ua.com2010_12_07_18_07_38','2010-12-07 18:07:38'),
 (4526,493,'2010-12-07 18:07:46',2,'http://www.cdma-mobile.net2010_12_07_18_07_46','2010-12-07 18:07:46'),
 (4527,434,'2010-12-07 18:07:53',2,'http://www.te.com.ua2010_12_07_18_07_53','2010-12-07 18:07:53'),
 (4528,494,'2010-12-07 18:08:17',2,'http://novostar.net2010_12_07_18_08_17','2010-12-07 18:08:17'),
 (4529,534,'2010-12-07 18:09:32',2,'http://eurocomfort.com.ua2010_12_07_18_09_32','2010-12-07 18:09:35'),
 (4530,226,'2010-12-07 18:11:21',2,'http://eldoradocentr.kiev.ua2010_12_07_18_11_21','2010-12-07 18:11:21'),
 (4531,368,'2010-12-07 18:11:41',2,'http://www.cost.com.ua2010_12_07_18_11_41','2010-12-07 18:11:41'),
 (4532,181,'2010-12-07 18:11:51',2,'http://ariston-ua.com2010_12_07_18_11_51','2010-12-07 18:11:51'),
 (4533,319,'2010-12-07 18:11:59',2,'http://tdd.com.ua2010_12_07_18_11_59','2010-12-07 18:11:59'),
 (4534,278,'2010-12-07 18:13:13',2,'http://meloch.com.ua2010_12_07_18_13_13','2010-12-07 18:13:13'),
 (4535,518,'2010-12-07 18:13:22',2,'http://www.audiovideomir.com.ua2010_12_07_18_13_22','2010-12-07 18:13:18'),
 (4536,172,'2010-12-07 18:13:19',2,'http://actsia.com2010_12_07_18_13_19','2010-12-07 18:13:19'),
 (4537,359,'2010-12-07 18:14:16',2,'http://www.aport.kiev.ua2010_12_07_18_14_16','2010-12-07 18:14:16'),
 (4538,370,'2010-12-07 18:15:29',2,'http://www.daikin-ua.com.ua2010_12_07_18_15_29','2010-12-07 18:15:29'),
 (4539,290,'2010-12-07 18:15:42',2,'http://ntools.com.ua2010_12_07_18_15_42','2010-12-07 18:15:42'),
 (4540,495,'2010-12-07 18:16:11',2,'http://www.joseph.kiev.ua2010_12_07_18_16_11','2010-12-07 18:16:11'),
 (4541,247,'2010-12-07 18:16:16',2,'http://hilink.com.ua2010_12_07_18_16_16','2010-12-07 18:16:16'),
 (4542,233,'2010-12-07 18:16:32',2,'http://first-line.kiev.ua2010_12_07_18_16_32','2010-12-07 18:16:32'),
 (4543,252,'2010-12-07 18:16:55',2,'http://ihop.com.ua2010_12_07_18_16_55','2010-12-07 18:16:55'),
 (4544,361,'2010-12-07 18:17:22',2,'http://www.astech.com.ua2010_12_07_18_17_22','2010-12-07 18:17:22'),
 (4545,617,'2010-12-07 18:17:35',2,'http://gps.com.ua/2010_12_07_18_17_35','2010-12-07 18:17:38'),
 (4546,277,'2010-12-07 18:18:24',2,'http://megabite.com.ua2010_12_07_18_18_24','2010-12-07 18:18:24'),
 (4547,239,'2010-12-07 18:19:21',2,'http://fotox.com.ua2010_12_07_18_19_21','2010-12-07 18:19:21'),
 (4548,446,'2010-12-07 18:19:40',2,'http://www.tradestar.com.ua2010_12_07_18_19_40','2010-12-07 18:19:40'),
 (4549,187,'2010-12-07 18:20:05',2,'http://avtrade.com.ua2010_12_07_18_20_05','2010-12-07 18:20:05'),
 (4550,398,'2010-12-07 18:21:01',2,'http://www.mc-trade.kiev.ua2010_12_07_18_21_01','2010-12-07 18:21:01'),
 (4551,497,'2010-12-07 18:21:15',2,'http://www.cdma-mobile.com2010_12_07_18_21_15','2010-12-07 18:21:15'),
 (4552,333,'2010-12-07 18:21:26',2,'http://tel.in.ua2010_12_07_18_21_26','2010-12-07 18:21:26'),
 (4553,406,'2010-12-07 18:21:40',2,'http://www.mvideo.kiev.ua2010_12_07_18_21_40','2010-12-07 18:21:40'),
 (4554,468,'2010-12-07 18:21:46',2,'http://www.super-market.kiev.ua2010_12_07_18_21_46','2010-12-07 18:21:46'),
 (4555,331,'2010-12-07 18:21:56',2,'http://tehnohata.ua2010_12_07_18_21_56','2010-12-07 18:21:56'),
 (4557,231,'2010-12-07 18:22:40',2,'http://eps.kiev.ua2010_12_07_18_22_40','2010-12-07 18:22:40'),
 (4558,449,'2010-12-07 18:24:59',2,'http://www.upas.kiev.ua2010_12_07_18_24_59','2010-12-07 18:24:59'),
 (4559,287,'2010-12-07 18:25:23',2,'http://new-torg.com.ua2010_12_07_18_25_23','2010-12-07 18:25:23'),
 (4560,535,'2010-12-07 18:25:36',1,'http://www.iguan.ua2010_12_07_18_25_36','2010-12-07 18:25:39'),
 (4561,363,'2010-12-07 18:27:38',2,'http://www.bkt.com.ua2010_12_07_18_27_38','2010-12-07 18:27:38'),
 (4562,425,'2010-12-07 18:28:36',2,'http://www.sewing.kiev.ua2010_12_07_18_28_36','2010-12-07 18:28:36'),
 (4563,198,'2010-12-07 18:28:54',2,'http://bosch-kiev.com.ua2010_12_07_18_28_54','2010-12-07 18:28:54'),
 (4564,354,'2010-12-07 18:29:16',2,'http://www.akerman.com.ua2010_12_07_18_29_16','2010-12-07 18:29:16'),
 (4565,498,'2010-12-07 18:30:51',2,'http://www.mvclimate.com.ua2010_12_07_18_30_51','2010-12-07 18:30:51'),
 (4566,499,'2010-12-07 18:31:11',2,'http://www.maf.com.ua2010_12_07_18_31_11','2010-12-07 18:31:11'),
 (4567,176,'2010-12-07 18:31:33',2,'http://alma2k.kiev.ua2010_12_07_18_31_33','2010-12-07 18:31:33'),
 (4568,424,'2010-12-07 18:31:43',2,'http://www.seldom.com.ua2010_12_07_18_31_43','2010-12-07 18:31:43'),
 (4569,292,'2010-12-07 18:33:15',2,'http://panasonic-ua.com2010_12_07_18_33_15','2010-12-07 18:33:15'),
 (4570,430,'2010-12-07 18:33:28',2,'http://www.soundplanet.com.ua2010_12_07_18_33_28','2010-12-07 18:33:28'),
 (4571,742,'2010-12-07 18:33:47',2,'http://elektrod.in.ua2010_12_07_18_33_47','2010-12-07 18:33:51'),
 (4572,500,'2010-12-07 18:34:12',2,'http://www.kievmarket.com.ua2010_12_07_18_34_12','2010-12-07 18:34:12'),
 (4573,320,'2010-12-07 18:34:59',2,'http://technobazar.kiev.ua2010_12_07_18_34_59','2010-12-07 18:34:59'),
 (4574,223,'2010-12-07 18:35:18',2,'http://edam.com.ua2010_12_07_18_35_18','2010-12-07 18:35:18'),
 (4575,344,'2010-12-07 18:35:48',2,'http://ukrmobile.com.ua2010_12_07_18_35_48','2010-12-07 18:35:48'),
 (4576,431,'2010-12-07 18:36:14',2,'http://www.spark.ua2010_12_07_18_36_14','2010-12-07 18:36:14'),
 (4577,171,'2010-12-07 18:36:27',2,'http://absolutua.com2010_12_07_18_36_27','2010-12-07 18:36:27'),
 (4579,259,'2010-12-07 18:37:54',2,'http://itcity.com.ua2010_12_07_18_37_54','2010-12-07 18:37:54'),
 (4581,695,'2010-12-07 18:41:48',2,'http://www.foto.ua2010_12_07_18_41_48','2010-12-07 18:41:52'),
 (4583,328,'2010-12-07 18:42:40',2,'http://tehnobrend.com.ua2010_12_07_18_42_40','2010-12-07 18:42:40'),
 (4584,454,'2010-12-07 18:42:43',2,'http://www.xcomp.kiev.ua2010_12_07_18_42_43','2010-12-07 18:42:43'),
 (4585,323,'2010-12-07 18:45:56',2,'http://technounity.com.ua2010_12_07_18_45_56','2010-12-07 18:45:56'),
 (4586,309,'2010-12-07 18:46:08',2,'http://shop.gratis.com.ua2010_12_07_18_46_08','2010-12-07 18:46:08'),
 (4587,501,'2010-12-07 18:46:20',2,'http://tehnika.ltd.ua2010_12_07_18_46_20','2010-12-07 18:46:20'),
 (4588,469,'2010-12-07 18:47:06',2,'http://unikom.com.ua2010_12_07_18_47_06','2010-12-07 18:47:06'),
 (4589,291,'2010-12-07 18:47:16',2,'http://nuzhno.com.ua2010_12_07_18_47_16','2010-12-07 18:47:16'),
 (4590,408,'2010-12-07 18:47:24',2,'http://www.notebookshop.com.ua2010_12_07_18_47_24','2010-12-07 18:47:24'),
 (4591,422,'2010-12-07 18:47:40',2,'http://www.s-mobile.com.ua2010_12_07_18_47_40','2010-12-07 18:47:40'),
 (4592,364,'2010-12-07 18:48:02',2,'http://www.bm.com.ua2010_12_07_18_48_02','2010-12-07 18:48:02'),
 (4593,254,'2010-12-07 18:48:24',2,'http://indesit-ua.com2010_12_07_18_48_24','2010-12-07 18:48:24'),
 (4594,377,'2010-12-07 18:48:36',2,'http://www.dtrade.com.ua2010_12_07_18_48_36','2010-12-07 18:48:36'),
 (4595,433,'2010-12-07 18:48:52',2,'http://www.svitbt.com.ua2010_12_07_18_48_52','2010-12-07 18:48:52'),
 (4596,219,'2010-12-07 18:49:04',2,'http://dyson-shop.com2010_12_07_18_49_04','2010-12-07 18:49:04'),
 (4597,362,'2010-12-07 18:49:10',2,'http://www.batareyka.com.ua2010_12_07_18_49_10','2010-12-07 18:49:10'),
 (4598,227,'2010-12-07 18:49:18',2,'http://electrotorg.com.ua2010_12_07_18_49_18','2010-12-07 18:49:18'),
 (4599,502,'2010-12-07 18:49:33',2,'http://www.ucrf.com.ua2010_12_07_18_49_33','2010-12-07 18:49:33'),
 (4600,503,'2010-12-07 18:49:51',2,'http://www.tpobut.com2010_12_07_18_49_51','2010-12-07 18:49:51'),
 (4601,279,'2010-12-07 18:50:32',2,'http://microstore.com.ua2010_12_07_18_50_32','2010-12-07 18:50:32'),
 (4602,183,'2010-12-07 18:51:12',2,'http://ateks.com.ua2010_12_07_18_51_12','2010-12-07 18:51:12'),
 (4603,199,'2010-12-07 18:52:14',2,'http://bt-shop.com.ua2010_12_07_18_52_14','2010-12-07 18:52:14'),
 (4604,417,'2010-12-07 18:53:01',2,'http://www.pristavki.ua2010_12_07_18_53_01','2010-12-07 18:53:01'),
 (4605,470,'2010-12-07 18:53:57',2,'http://www.fotomost.com.ua2010_12_07_18_53_57','2010-12-07 18:53:57'),
 (4607,415,'2010-12-07 18:54:31',2,'http://www.pobytova.kiev.ua2010_12_07_18_54_31','2010-12-07 18:54:31'),
 (4608,505,'2010-12-07 18:55:29',2,'http://www.tolstoy.com.ua2010_12_07_18_55_29','2010-12-07 18:55:29'),
 (4609,302,'2010-12-07 18:57:06',2,'http://samsung-ua.com2010_12_07_18_57_06','2010-12-07 18:57:06'),
 (4610,288,'2010-12-07 18:57:27',2,'http://newworld.co.ua2010_12_07_18_57_27','2010-12-07 18:57:27'),
 (4611,295,'2010-12-07 18:58:34',2,'http://pilesos.kiev.ua2010_12_07_18_58_34','2010-12-07 18:58:34'),
 (4612,255,'2010-12-07 18:58:51',2,'http://inkiev.com.ua2010_12_07_18_58_51','2010-12-07 18:58:51'),
 (4613,391,'2010-12-07 18:59:17',2,'http://www.kgb.kiev.ua2010_12_07_18_59_17','2010-12-07 18:59:17'),
 (4614,296,'2010-12-07 18:59:29',2,'http://plazzma.prom.ua2010_12_07_18_59_29','2010-12-07 18:59:29'),
 (4616,352,'2010-12-07 19:01:01',2,'http://www.acs.net.ua2010_12_07_19_01_01','2010-12-07 19:01:01'),
 (4617,504,'2010-12-07 19:01:09',2,'http://www.sis-tema.com.ua2010_12_07_19_01_09','2010-12-07 19:01:09'),
 (4618,432,'2010-12-07 19:01:14',2,'http://www.sticom.net.ua2010_12_07_19_01_14','2010-12-07 19:01:14'),
 (4619,412,'2010-12-07 19:02:33',2,'http://www.pioneru.com.ua2010_12_07_19_02_33','2010-12-07 19:02:33'),
 (4620,476,'2010-12-07 19:03:28',2,'http://www.challenge.kiev.ua2010_12_07_19_03_28','2010-12-07 19:03:28'),
 (4621,329,'2010-12-07 19:03:34',1,'http://tehnocity.kiev.ua2010_12_07_19_03_34','2010-12-07 19:03:34'),
 (4622,366,'2010-12-07 19:03:38',2,'http://www.cen.net.ua2010_12_07_19_03_38','2010-12-07 19:03:38'),
 (4623,225,'2010-12-07 19:04:23',2,'http://ekoklimat.com.ua2010_12_07_19_04_23','2010-12-07 19:04:23'),
 (4624,355,'2010-12-07 19:04:47',2,'http://www.aksmarket.com.ua2010_12_07_19_04_47','2010-12-07 19:04:47'),
 (4625,306,'2010-12-07 19:06:15',2,'http://segment-service.com.ua2010_12_07_19_06_15','2010-12-07 19:06:15'),
 (4626,381,'2010-12-07 19:07:35',2,'http://www.fullhouse.com.ua2010_12_07_19_07_35','2010-12-07 19:07:35'),
 (4627,437,'2010-12-07 19:08:02',2,'http://www.technopark.ua2010_12_07_19_08_02','2010-12-07 19:08:02'),
 (4628,696,'2010-12-07 19:08:15',2,'http://www.eldorado.com.ua2010_12_07_19_08_15','2010-12-07 19:08:18'),
 (4629,229,'2010-12-07 19:08:25',2,'http://elfor.ua2010_12_07_19_08_25','2010-12-07 19:08:25'),
 (4630,307,'2010-12-07 19:09:38',2,'http://servik.com.ua2010_12_07_19_09_38','2010-12-07 19:09:38'),
 (4631,174,'2010-12-07 19:10:03',2,'http://akviss.com.ua2010_12_07_19_10_03','2010-12-07 19:10:03'),
 (4632,423,'2010-12-07 19:10:12',2,'http://www.satmaster.kiev.ua2010_12_07_19_10_12','2010-12-07 19:10:12'),
 (4633,350,'2010-12-07 19:10:24',2,'http://www.100k.com.ua2010_12_07_19_10_24','2010-12-07 19:10:24'),
 (4634,471,'2010-12-07 19:10:52',2,'http://liebherr-ua.com2010_12_07_19_10_52','2010-12-07 19:10:52'),
 (4635,472,'2010-12-07 19:11:04',2,'http://pspmarket.com.ua2010_12_07_19_11_04','2010-12-07 19:11:04'),
 (4636,373,'2010-12-07 19:11:18',2,'http://www.dinstex.com.ua2010_12_07_19_11_18','2010-12-07 19:11:18'),
 (4637,349,'2010-12-07 19:13:07',2,'http://whitebox.com.ua2010_12_07_19_13_07','2010-12-07 19:13:07'),
 (4638,410,'2010-12-07 19:13:27',2,'http://www.pc-hard.com.ua2010_12_07_19_13_27','2010-12-07 19:13:27'),
 (4639,365,'2010-12-07 19:14:38',2,'http://www.bt.dinstex.com.ua2010_12_07_19_14_38','2010-12-07 19:14:38'),
 (4640,272,'2010-12-07 19:14:47',2,'http://linecom.kiev.ua2010_12_07_19_14_47','2010-12-07 19:14:47'),
 (4641,374,'2010-12-07 19:15:15',2,'http://www.diport.com.ua2010_12_07_19_15_15','2010-12-07 19:15:15'),
 (4642,506,'2010-12-07 19:16:07',2,'http://www.photoboom.com.ua2010_12_07_19_16_07','2010-12-07 19:16:07'),
 (4643,507,'2010-12-07 19:17:01',2,'http://emix.com.ua2010_12_07_19_17_01','2010-12-07 19:17:01'),
 (4644,238,'2010-12-07 19:17:36',2,'http://fotostop.com.ua2010_12_07_19_17_36','2010-12-07 19:17:36'),
 (4645,409,'2010-12-07 19:18:14',2,'http://www.numberone.kiev.ua2010_12_07_19_18_14','2010-12-07 19:18:14'),
 (4646,221,'2010-12-07 19:19:47',2,'http://e-home.com.ua2010_12_07_19_19_47','2010-12-07 19:19:47'),
 (4647,585,'2010-12-07 19:19:50',2,'http://www.e-market.kiev.ua2010_12_07_19_19_50','2010-12-07 19:19:53'),
 (4648,334,'2010-12-07 19:20:23',2,'http://teplobud.com.ua2010_12_07_19_20_23','2010-12-07 19:20:23'),
 (4649,414,'2010-12-07 19:20:54',2,'http://www.pleer.kiev.ua2010_12_07_19_20_54','2010-12-07 19:20:54'),
 (4650,473,'2010-12-07 19:21:03',2,'http://comfortshop.com.ua2010_12_07_19_21_03','2010-12-07 19:21:03'),
 (4651,297,'2010-12-07 19:21:16',2,'http://proxlada.com.ua2010_12_07_19_21_16','2010-12-07 19:21:16'),
 (4652,428,'2010-12-07 19:21:35',2,'http://www.soft-shop.com.ua2010_12_07_19_21_35','2010-12-07 19:21:35'),
 (4653,301,'2010-12-07 19:21:53',2,'http://randl.com.ua2010_12_07_19_21_53','2010-12-07 19:21:53'),
 (4654,322,'2010-12-07 19:22:19',2,'http://technosila.com.ua2010_12_07_19_22_19','2010-12-07 19:22:19'),
 (4655,325,'2010-12-07 19:23:05',2,'http://tehno-store.com.ua2010_12_07_19_23_05','2010-12-07 19:23:05'),
 (4656,436,'2010-12-07 19:23:25',2,'http://www.technogorod.com.ua2010_12_07_19_23_25','2010-12-07 19:23:25'),
 (4657,420,'2010-12-07 19:23:48',2,'http://www.raznotorg.com.ua2010_12_07_19_23_48','2010-12-07 19:23:48'),
 (4658,191,'2010-12-07 19:24:09',2,'http://bant.com.ua2010_12_07_19_24_09','2010-12-07 19:24:09'),
 (4659,170,'2010-12-07 19:26:55',2,'http://4elements.in.ua/index.php2010_12_07_19_26_55','2010-12-07 19:26:55'),
 (4660,474,'2010-12-07 19:27:26',2,'http://comport.in.ua2010_12_07_19_27_26','2010-12-07 19:27:26'),
 (4661,201,'2010-12-07 19:27:33',2,'http://btplus.com.ua2010_12_07_19_27_33','2010-12-07 19:27:33'),
 (4662,743,'2010-12-07 19:27:52',2,'http://www.e-on.com.ua2010_12_07_19_27_52','2010-12-07 19:27:55'),
 (4663,336,'2010-12-07 19:28:05',2,'http://terios.com.ua2010_12_07_19_28_05','2010-12-07 19:28:05'),
 (4664,526,'2010-12-07 19:28:16',2,'http://www.begalet.com.ua2010_12_07_19_28_16','2010-12-07 19:28:12'),
 (4665,222,'2010-12-07 19:28:20',2,'http://e34.com.ua2010_12_07_19_28_20','2010-12-07 19:28:20'),
 (4666,508,'2010-12-07 19:28:53',2,'http://portaplas.com.ua2010_12_07_19_28_53','2010-12-07 19:28:53'),
 (4667,421,'2010-12-07 19:29:53',2,'http://www.rodnik.in.ua2010_12_07_19_29_53','2010-12-07 19:29:53'),
 (4668,384,'2010-12-07 19:31:15',2,'http://www.ggshop.com.ua2010_12_07_19_31_15','2010-12-07 19:31:15'),
 (4669,440,'2010-12-07 19:31:55',2,'http://www.tehnohit.com.ua2010_12_07_19_31_55','2010-12-07 19:31:55'),
 (4670,244,'2010-12-07 19:33:29',2,'http://graymo.com.ua2010_12_07_19_33_29','2010-12-07 19:33:29'),
 (4671,450,'2010-12-07 19:34:20',2,'http://www.vataga.com.ua2010_12_07_19_34_20','2010-12-07 19:34:20'),
 (4672,442,'2010-12-07 19:34:39',2,'http://www.teplahata.com.ua2010_12_07_19_34_39','2010-12-07 19:34:39'),
 (4673,228,'2010-12-07 19:36:41',2,'http://electrovoz.com.ua2010_12_07_19_36_41','2010-12-07 19:36:41'),
 (4674,196,'2010-12-07 19:37:13',2,'http://bmcable.com2010_12_07_19_37_13','2010-12-07 19:37:13'),
 (4675,357,'2010-12-07 19:37:23',2,'http://www.alsi.com.ua2010_12_07_19_37_23','2010-12-07 19:37:23'),
 (4676,316,'2010-12-07 19:39:13',2,'http://starstore.com.ua2010_12_07_19_39_13','2010-12-07 19:39:13'),
 (4677,383,'2010-12-07 19:39:20',2,'http://www.germes.in.ua2010_12_07_19_39_20','2010-12-07 19:39:20'),
 (4678,296,'2010-12-07 19:39:27',2,'http://plazzma.prom.ua2010_12_07_19_39_27','2010-12-07 19:39:27'),
 (4679,220,'2010-12-07 19:39:32',2,'http://dyson-ua.com2010_12_07_19_39_32','2010-12-07 19:39:32'),
 (4682,451,'2010-12-07 19:41:25',2,'http://www.videotech.com.ua2010_12_07_19_41_25','2010-12-07 19:41:25'),
 (4683,447,'2010-12-07 19:41:33',2,'http://www.uatehno.com.ua2010_12_07_19_41_33','2010-12-07 19:41:33'),
 (4684,347,'2010-12-07 19:41:36',2,'http://vkladovke.com.ua2010_12_07_19_41_36','2010-12-07 19:41:36'),
 (4685,308,'2010-12-07 19:41:54',2,'http://shop-prior.com.ua2010_12_07_19_41_54','2010-12-07 19:41:54'),
 (4686,224,'2010-12-07 19:41:59',2,'http://edemkvam.com.ua2010_12_07_19_41_59','2010-12-07 19:41:59'),
 (4687,274,'2010-12-07 19:42:10',2,'http://m-store.com.ua2010_12_07_19_42_10','2010-12-07 19:42:10'),
 (4689,385,'2010-12-07 19:44:00',2,'http://www.grand.ua2010_12_07_19_44_00','2010-12-07 19:44:00'),
 (4690,257,'2010-12-07 19:44:04',2,'http://istok.kiev.ua2010_12_07_19_44_04','2010-12-07 19:44:04'),
 (4691,197,'2010-12-07 19:44:07',2,'http://boom.net.ua2010_12_07_19_44_07','2010-12-07 19:44:07'),
 (4692,251,'2010-12-07 19:44:24',2,'http://i-mart.com.ua2010_12_07_19_44_24','2010-12-07 19:44:24'),
 (4693,452,'2010-12-07 19:45:33',2,'http://www.vilka.com.ua2010_12_07_19_45_33','2010-12-07 19:45:33'),
 (4694,249,'2010-12-07 19:46:01',2,'http://hlebopechki.kiev.ua2010_12_07_19_46_01','2010-12-07 19:46:01'),
 (4695,208,'2010-12-07 19:46:06',2,'http://climatmarka.com.ua2010_12_07_19_46_06','2010-12-07 19:46:06'),
 (4696,378,'2010-12-07 19:46:33',2,'http://www.elsys.kiev.ua2010_12_07_19_46_33','2010-12-07 19:46:33'),
 (4697,639,'2010-12-07 19:53:09',2,'http://xtrade.kiev.ua2010_12_07_19_53_09','2010-12-07 19:53:09'),
 (4698,568,'2010-12-07 19:53:12',2,'http://www.portativ.ua2010_12_07_19_53_12','2010-12-07 19:53:12'),
 (4699,640,'2010-12-07 19:53:15',2,'http://www.tehnoinet.com.ua2010_12_07_19_53_15','2010-12-07 19:53:15'),
 (4700,569,'2010-12-07 19:53:17',2,'http://shopochem.com.ua2010_12_07_19_53_17','2010-12-07 19:53:17'),
 (4701,550,'2010-12-07 19:53:20',2,'http://pro-teplo.com.ua2010_12_07_19_53_20','2010-12-07 19:53:20'),
 (4702,551,'2010-12-07 19:53:23',2,'http://www.radiocom.com.ua2010_12_07_19_53_23','2010-12-07 19:53:23'),
 (4703,752,'2010-12-07 19:53:25',2,'http://www.mirmobilok.com.ua2010_12_07_19_53_25','2010-12-07 19:53:25'),
 (4705,584,'2010-12-07 19:56:52',2,'http://procity.com.ua2010_12_07_19_56_52','2010-12-07 19:56:52'),
 (4706,744,'2010-12-07 19:58:02',2,'http://www.fortyna.com.ua2010_12_07_19_58_02','2010-12-07 19:58:06'),
 (4707,754,'2010-12-07 20:00:53',2,'http://osminog.com.ua2010_12_07_20_00_53','2010-12-07 20:00:53'),
 (4708,552,'2010-12-07 20:11:28',2,'http://avtoprogress.com.ua2010_12_07_20_11_28','2010-12-07 20:11:25'),
 (4709,755,'2010-12-07 20:11:50',2,'http://www.topmobila.com.ua2010_12_07_20_11_50','2010-12-07 20:11:50'),
 (4710,586,'2010-12-07 20:12:10',2,'http://www.flash-card.com.ua2010_12_07_20_12_10','2010-12-07 20:12:13'),
 (4711,531,'2010-12-07 20:13:37',1,'http://technix.com.ua2010_12_07_20_13_37','2010-12-07 20:13:37'),
 (4712,643,'2010-12-07 20:13:40',2,'http://www.tcshop.com.ua2010_12_07_20_13_40','2010-12-07 20:13:40'),
 (4713,644,'2010-12-07 20:15:02',2,'http://zumer.com.ua2010_12_07_20_15_02','2010-12-07 20:15:02'),
 (4715,606,'2010-12-07 20:19:11',2,'http://superprice.com.ua2010_12_07_20_19_11','2010-12-07 20:19:11'),
 (4716,545,'2010-12-07 20:20:10',2,'http://innotec.com.ua2010_12_07_20_20_10','2010-12-07 20:20:13'),
 (4717,641,'2010-12-07 20:21:10',2,'http://www.deltacom.com.ua2010_12_07_20_21_10','2010-12-07 20:21:06'),
 (4719,645,'2010-12-07 20:24:21',2,'http://www.notus.com.ua2010_12_07_20_24_21','2010-12-07 20:24:21'),
 (4721,642,'2010-12-07 20:30:33',2,'http://www.cyfromir.com.ua2010_12_07_20_30_33','2010-12-07 20:30:29'),
 (4722,758,'2010-12-07 20:33:42',2,'http://robotronic.com.ua2010_12_07_20_33_42','2010-12-07 20:33:42'),
 (4723,646,'2010-12-07 20:34:31',2,'http://www.panasonic-shop.kiev.ua2010_12_07_20_34_31','2010-12-07 20:34:31'),
 (4724,759,'2010-12-07 20:34:54',2,'http://mobihata.kiev.ua2010_12_07_20_34_54','2010-12-07 20:34:54'),
 (4725,760,'2010-12-07 20:39:12',2,'http://www.pro-holod.kiev.ua2010_12_07_20_39_12','2010-12-07 20:39:12'),
 (4726,761,'2010-12-07 20:39:24',2,'http://komora.com.ua2010_12_07_20_39_24','2010-12-07 20:39:24'),
 (4728,538,'2010-12-07 20:40:44',2,'http://www.foxtrot.com.ua2010_12_07_20_40_44','2010-12-07 20:40:47'),
 (4729,763,'2010-12-07 20:40:57',2,'http://vareos.com.ua2010_12_07_20_40_57','2010-12-07 20:40:57'),
 (4731,765,'2010-12-07 20:46:39',2,'http://www.telik.com.ua2010_12_07_20_46_39','2010-12-07 20:46:39'),
 (4732,717,'2010-12-07 20:50:03',2,'http://www.cbm.com.ua2010_12_07_20_50_03','2010-12-07 20:50:00'),
 (4733,697,'2010-12-07 20:53:34',1,'http://www.instep.com.ua2010_12_07_20_53_34','2010-12-07 20:53:37'),
 (4735,579,'2010-12-07 21:01:37',2,'http://www.hi-tech.com.ua/2010_12_07_21_01_37','2010-12-07 21:01:40'),
 (4736,629,'2010-12-07 21:15:14',1,'http://www.aidatreyd.com.ua2010_12_07_21_15_14','2010-12-07 21:15:11'),
 (4737,520,'2010-12-07 21:16:56',1,'http://www.foxmart.com.ua2010_12_07_21_16_56','2010-12-07 21:16:59'),
 (4744,555,'2010-12-07 21:23:20',2,'http://motormusic.kiev.ua2010_12_07_21_23_20','2010-12-07 21:23:20'),
 (4745,652,'2010-12-07 21:24:57',2,'http://www.e7.com.ua2010_12_07_21_24_57','2010-12-07 21:25:00'),
 (4746,745,'2010-12-07 21:32:58',2,'http://hadros.com.ua2010_12_07_21_32_58','2010-12-07 21:33:01'),
 (4747,621,'2010-12-07 21:41:00',2,'http://www.gsl.ua2010_12_07_21_41_00','2010-12-07 21:41:04'),
 (4748,648,'2010-12-07 21:47:04',2,'http://texliniya.com.ua2010_12_07_21_47_04','2010-12-07 21:47:04'),
 (4750,705,'2010-12-07 21:49:03',2,'http://www.island.com.ua2010_12_07_21_49_03','2010-12-07 21:49:06'),
 (4751,631,'2010-12-07 21:50:03',2,'http://allprojectors.com.ua2010_12_07_21_50_03','2010-12-07 21:49:59'),
 (4752,564,'2010-12-07 21:57:04',2,'http://gpsworld.com.ua2010_12_07_21_57_04','2010-12-07 21:57:08'),
 (4753,561,'2010-12-07 21:58:04',2,'http://1palladium.com.ua2010_12_07_21_58_04','2010-12-07 21:58:00'),
 (4754,708,'2010-12-07 22:05:06',2,'http://www.gsm-ka.com.ua2010_12_07_22_05_06','2010-12-07 22:05:09'),
 (4755,553,'2010-12-07 22:06:05',2,'http://bosch-ukraine.com.ua2010_12_07_22_06_05','2010-12-07 22:06:01'),
 (4756,746,'2010-12-07 22:13:08',2,'http://www.itkom.com.ua2010_12_07_22_13_08','2010-12-07 22:13:11'),
 (4757,514,'2010-12-07 22:17:33',2,'http://attis.ua2010_12_07_22_17_33','2010-12-07 22:17:29'),
 (4764,537,'2010-12-07 22:17:53',2,'http://pikmarket.kiev.ua2010_12_07_22_17_53','2010-12-07 22:17:53'),
 (4765,583,'2010-12-07 22:21:10',2,'http://www.elman.com.ua2010_12_07_22_21_10','2010-12-07 22:21:13'),
 (4766,607,'2010-12-07 22:25:34',1,'http://buytut.com2010_12_07_22_25_34','2010-12-07 22:25:31'),
 (4768,533,'2010-12-07 22:40:38',2,'http://a-trade.ua2010_12_07_22_40_38','2010-12-07 22:40:34'),
 (4769,728,'2010-12-07 22:40:36',2,'http://delonghi-market.com2010_12_07_22_40_36','2010-12-07 22:40:39'),
 (4770,570,'2010-12-07 22:48:38',2,'http://chist.com.ua2010_12_07_22_48_38','2010-12-07 22:48:35'),
 (4771,729,'2010-12-07 22:48:42',2,'http://domino-shop.com.ua2010_12_07_22_48_42','2010-12-07 22:48:45'),
 (4772,718,'2010-12-07 22:56:39',2,'http://bt-land.com.ua2010_12_07_22_56_39','2010-12-07 22:56:35'),
 (4773,730,'2010-12-07 22:56:44',2,'http://www.diawest.com2010_12_07_22_56_44','2010-12-07 22:56:47'),
 (4775,627,'2010-12-07 23:04:46',2,'http://bestsound.kiev.ua2010_12_07_23_04_46','2010-12-07 23:04:50'),
 (4776,628,'2010-12-07 23:12:49',2,'http://www.abtech.kiev.ua2010_12_07_23_12_49','2010-12-07 23:12:52'),
 (4783,571,'2010-12-07 23:13:51',2,'http://www.setka.ua2010_12_07_23_13_51','2010-12-07 23:13:51'),
 (4784,521,'2010-12-07 23:20:52',2,'http://dewevle.net.ua2010_12_07_23_20_52','2010-12-07 23:20:55'),
 (4785,719,'2010-12-07 23:22:18',2,'http://www.best-shot.com.ua2010_12_07_23_22_18','2010-12-07 23:22:15'),
 (4786,766,'2010-12-07 23:28:17',2,'http://www.videosvit.com.ua2010_12_07_23_28_17','2010-12-07 23:28:17'),
 (4787,513,'2010-12-07 23:28:58',2,'http://all-trade.in.ua/ru2010_12_07_23_28_58','2010-12-07 23:29:01'),
 (4788,649,'2010-12-07 23:29:23',2,'http://www.leader.net.ua2010_12_07_23_29_23','2010-12-07 23:29:23'),
 (4789,720,'2010-12-07 23:30:57',2,'http://digistok.com.ua2010_12_07_23_30_57','2010-12-07 23:30:53'),
 (4790,767,'2010-12-07 23:35:01',2,'http://mir-audio.com.ua2010_12_07_23_35_01','2010-12-07 23:35:01'),
 (4792,731,'2010-12-07 23:37:00',2,'http://www.acdc.kiev.ua2010_12_07_23_37_00','2010-12-07 23:37:04'),
 (4793,575,'2010-12-07 23:39:11',2,'http://www.datamart.com.ua2010_12_07_23_39_11','2010-12-07 23:39:07'),
 (4794,630,'2010-12-07 23:45:07',2,'http://autosayt.com.ua2010_12_07_23_45_07','2010-12-07 23:45:10'),
 (4795,589,'2010-12-07 23:53:09',1,'http://101.net.ua2010_12_07_23_53_09','2010-12-07 23:53:12'),
 (4796,509,'2010-12-07 23:57:57',2,'http://www.5ok.com.ua2010_12_07_23_57_57','2010-12-07 23:57:53'),
 (4797,632,'2010-12-08 00:01:11',2,'http://www.b2.com.ua2010_12_08_00_01_11','2010-12-08 00:01:14'),
 (4804,650,'2010-12-08 00:04:57',2,'http://www.voltex.com.ua2010_12_08_00_04_57','2010-12-08 00:04:57'),
 (4805,704,'2010-12-08 00:09:13',2,'http://dexline.com.ua/2010_12_08_00_09_13','2010-12-08 00:09:16'),
 (4806,536,'2010-12-08 00:11:48',2,'http://www.coolmart.com.ua2010_12_08_00_11_48','2010-12-08 00:11:44'),
 (4807,633,'2010-12-08 00:17:14',2,'http://www.all-shop.com.ua2010_12_08_00_17_14','2010-12-08 00:17:17'),
 (4808,527,'2010-12-08 00:19:52',2,'http://avento.com.ua2010_12_08_00_19_52','2010-12-08 00:19:48'),
 (4810,768,'2010-12-08 00:30:55',2,'http://syndyk.kiev.ua2010_12_08_00_30_55','2010-12-08 00:30:55'),
 (4811,587,'2010-12-08 00:32:08',2,'http://mobi-lux.com.ua2010_12_08_00_32_08','2010-12-08 00:32:08'),
 (4813,647,'2010-12-08 00:35:49',2,'http://www.digiman.com.ua2010_12_08_00_35_49','2010-12-08 00:35:45'),
 (4815,721,'2010-12-08 00:43:49',2,'http://dom5.com.ua2010_12_08_00_43_49','2010-12-08 00:43:45'),
 (4823,539,'2010-12-08 00:47:19',2,'http://www.tehnoshop.ua2010_12_08_00_47_19','2010-12-08 00:47:19'),
 (4825,651,'2010-12-08 00:50:57',2,'http://www.tehnocenter.com.ua2010_12_08_00_50_57','2010-12-08 00:50:57'),
 (4826,618,'2010-12-08 00:51:50',2,'http://www.duhovka.kiev.ua2010_12_08_00_51_50','2010-12-08 00:51:46'),
 (4827,486,'2010-12-08 00:59:01',2,'http://www.comtrading.ua2010_12_08_00_59_01','2010-12-08 00:59:04'),
 (4828,554,'2010-12-08 00:59:50',2,'http://www.allo.ua/2010_12_08_00_59_50','2010-12-08 00:59:46'),
 (4829,769,'2010-12-08 01:06:49',2,'http://www.portativ.org.ua2010_12_08_01_06_49','2010-12-08 01:06:49'),
 (4830,707,'2010-12-08 01:07:04',2,'http://drobak.com.ua2010_12_08_01_07_04','2010-12-08 01:07:07'),
 (4831,517,'2010-12-08 01:07:51',2,'http://www.590.com.ua2010_12_08_01_07_51','2010-12-08 01:07:47'),
 (4832,602,'2010-12-08 01:15:06',2,'http://avtozvuk.ua2010_12_08_01_15_06','2010-12-08 01:15:09'),
 (4833,515,'2010-12-08 01:15:52',2,'http://cesar.com.ua2010_12_08_01_15_52','2010-12-08 01:15:48'),
 (4835,511,'2010-12-08 01:23:07',2,'http://avmarket.com.ua2010_12_08_01_23_07','2010-12-08 01:23:10'),
 (4836,722,'2010-12-08 01:23:53',2,'http://belkashop.com.ua2010_12_08_01_23_53','2010-12-08 01:23:49'),
 (4840,757,'2010-12-08 01:25:41',2,'http://www.slig.com.ua2010_12_08_01_25_41','2010-12-08 01:25:41'),
 (4843,770,'2010-12-08 01:25:48',2,'http://superok.com.ua2010_12_08_01_25_48','2010-12-08 01:25:48'),
 (4844,541,'2010-12-08 01:31:10',2,'http://btmax.com.ua2010_12_08_01_31_10','2010-12-08 01:31:13'),
 (4845,723,'2010-12-08 01:31:54',2,'http://www.3ona51.com/2010_12_08_01_31_54','2010-12-08 01:31:49'),
 (4846,709,'2010-12-08 01:39:11',2,'http://www.digita.com.ua2010_12_08_01_39_11','2010-12-08 01:39:14'),
 (4847,724,'2010-12-08 01:39:54',2,'http://www.climatshop.com.ua2010_12_08_01_39_54','2010-12-08 01:39:50'),
 (4848,653,'2010-12-08 01:41:04',2,'http://www.mshop.kiev.ua2010_12_08_01_41_04','2010-12-08 01:41:04'),
 (4849,634,'2010-12-08 01:47:13',2,'http://www.autoaudio.com.ua2010_12_08_01_47_13','2010-12-08 01:47:16'),
 (4850,637,'2010-12-08 01:47:55',2,'http://avshop.ua2010_12_08_01_47_55','2010-12-08 01:47:51'),
 (4852,577,'2010-12-08 01:55:56',1,'http://diatrade.com.ua2010_12_08_01_55_56','2010-12-08 01:55:51'),
 (4853,519,'2010-12-08 02:03:56',2,'http://dezhevle.net2010_12_08_02_03_56','2010-12-08 02:03:52'),
 (4854,732,'2010-12-08 02:03:51',2,'http://www.displanet.com.ua2010_12_08_02_03_51','2010-12-08 02:03:54'),
 (4856,556,'2010-12-08 02:11:57',2,'http://climateplus.com.ua2010_12_08_02_11_57','2010-12-08 02:11:53'),
 (4857,565,'2010-12-08 02:11:53',2,'http://bt.hi-tech.com.ua2010_12_08_02_11_53','2010-12-08 02:11:55'),
 (4858,733,'2010-12-08 02:19:54',2,'http://ciscosb.com.ua2010_12_08_02_19_54','2010-12-08 02:19:57'),
 (4859,600,'2010-12-08 02:21:27',2,'http://dipro.com.ua2010_12_08_02_21_27','2010-12-08 02:21:23'),
 (4873,655,'2010-12-08 02:25:44',2,'http://y.ua2010_12_08_02_25_44','2010-12-08 02:25:44'),
 (4874,635,'2010-12-08 02:27:55',2,'http://www.24.com.ua2010_12_08_02_27_55','2010-12-08 02:27:58'),
 (4875,725,'2010-12-08 02:29:28',2,'http://www.044.com.ua2010_12_08_02_29_28','2010-12-08 02:29:23'),
 (4876,623,'2010-12-08 02:35:57',2,'http://www.bosch-siemens.com.ua2010_12_08_02_35_57','2010-12-08 02:36:00'),
 (4877,726,'2010-12-08 02:37:28',2,'http://www.avmix.com.ua2010_12_08_02_37_28','2010-12-08 02:37:24'),
 (4879,727,'2010-12-08 02:45:29',2,'http://b-smart.com.ua2010_12_08_02_45_29','2010-12-08 02:45:25'),
 (4880,523,'2010-12-08 02:51:59',2,'http://www.computerland.kiev.ua2010_12_08_02_51_59','2010-12-08 02:52:02'),
 (4881,578,'2010-12-08 02:53:30',2,'http://automusic.net.ua2010_12_08_02_53_30','2010-12-08 02:53:25'),
 (4883,712,'2010-12-08 03:00:00',2,'http://citycom.ua2010_12_08_03_00_00','2010-12-08 03:00:03'),
 (4884,638,'2010-12-08 03:01:30',2,'http://www.auvrora.com2010_12_08_03_01_30','2010-12-08 03:01:26'),
 (4885,636,'2010-12-08 03:08:02',2,'http://www.automusic.com.ua2010_12_08_03_08_02','2010-12-08 03:08:05'),
 (4886,580,'2010-12-08 03:09:31',2,'http://delon.com.ua2010_12_08_03_09_31','2010-12-08 03:09:27'),
 (4893,588,'2010-12-08 03:15:19',2,'http://www.kym.com.ua2010_12_08_03_15_19','2010-12-08 03:15:19'),
 (4895,546,'2010-12-08 03:17:32',2,'http://www.citrus.ua2010_12_08_03_17_32','2010-12-08 03:17:27'),
 (4897,608,'2010-12-08 03:25:33',2,'http://asvtrade.com.ua2010_12_08_03_25_33','2010-12-08 03:25:28'),
 (4899,572,'2010-12-08 03:33:18',1,'http://www.mtrade.com.ua2010_12_08_03_33_18','2010-12-08 03:33:18'),
 (4900,656,'2010-12-08 03:33:21',2,'http://torgline.com.ua2010_12_08_03_33_21','2010-12-08 03:33:21'),
 (4901,699,'2010-12-08 03:33:33',2,'http://digi.com.ua2010_12_08_03_33_33','2010-12-08 03:33:29'),
 (4902,657,'2010-12-08 03:38:49',2,'http://telemob.com.ua2010_12_08_03_38_49','2010-12-08 03:38:49'),
 (4904,619,'2010-12-08 03:41:34',2,'http://002.kiev.ua2010_12_08_03_41_34','2010-12-08 03:41:29'),
 (4906,562,'2010-12-08 03:49:35',2,'http://www.3kita.com.ua2010_12_08_03_49_35','2010-12-08 03:49:30'),
 (4907,533,'2010-12-08 03:55:35',2,'http://a-trade.ua2010_12_08_03_55_35','2010-12-08 03:55:38'),
 (4908,624,'2010-12-08 04:03:37',2,'http://707.com.ua2010_12_08_04_03_37','2010-12-08 04:03:40'),
 (4916,591,'2010-12-08 04:11:39',2,'http://www.abrand.com.ua2010_12_08_04_11_39','2010-12-08 04:11:42'),
 (4917,613,'2010-12-08 04:19:41',2,'http://adelan.kiev.ua2010_12_08_04_19_41','2010-12-08 04:19:44'),
 (4933,605,'2010-12-08 04:52:42',2,'http://www.climatica.com.ua2010_12_08_04_52_42','2010-12-08 04:52:45'),
 (4934,593,'2010-12-08 05:00:44',2,'http://www.cyfrovychok.ua2010_12_08_05_00_44','2010-12-08 05:00:47'),
 (4946,734,'2010-12-08 05:43:02',2,'http://www.cifrovik.com.ua2010_12_08_05_43_02','2010-12-08 05:43:05'),
 (4947,615,'2010-12-08 05:51:04',2,'http://www.chibis.ua2010_12_08_05_51_04','2010-12-08 05:51:07'),
 (4948,522,'2010-12-08 05:59:06',2,'http://www.e-m.kiev.ua2010_12_08_05_59_06','2010-12-08 05:59:09'),
 (4949,747,'2010-12-08 06:07:07',2,'http://www.igromarket.com.ua2010_12_08_06_07_07','2010-12-08 06:07:10'),
 (4950,542,'2010-12-08 06:15:10',2,'http://inet-market.com.ua2010_12_08_06_15_10','2010-12-08 06:15:13'),
 (4965,748,'2010-12-08 06:29:07',2,'http://it-sklad.in.ua2010_12_08_06_29_07','2010-12-08 06:29:09'),
 (4966,543,'2010-12-08 06:37:09',2,'http://freeon.com.ua2010_12_08_06_37_09','2010-12-08 06:37:12'),
 (4967,665,'2010-12-08 06:45:10',2,'http://www.goodmarket.com.ua2010_12_08_06_45_10','2010-12-08 06:45:13'),
 (4968,668,'2010-12-08 06:53:11',2,'http://fotomag.com.ua2010_12_08_06_53_11','2010-12-08 06:53:14'),
 (4976,604,'2010-12-08 07:04:19',2,'http://www.freeshop.com.ua2010_12_08_07_04_19','2010-12-08 07:04:21'),
 (4977,566,'2010-12-08 07:12:21',2,'http://www.izona.com.ua2010_12_08_07_12_21','2010-12-08 07:12:23'),
 (4978,749,'2010-12-08 07:20:22',2,'http://e-on.ua2010_12_08_07_20_22','2010-12-08 07:20:25'),
 (4979,750,'2010-12-08 07:28:24',2,'http://www.ibit.com.ua2010_12_08_07_28_24','2010-12-08 07:28:27'),
 (4980,671,'2010-12-08 07:36:26',2,'http://fotos.ua2010_12_08_07_36_26','2010-12-08 07:36:29'),
 (4987,716,'2010-12-08 07:44:29',2,'http://www.gadgetstyle.com.ua2010_12_08_07_44_29','2010-12-08 07:44:32'),
 (4988,751,'2010-12-08 07:55:19',2,'http://it-shop.co.ua2010_12_08_07_55_19','2010-12-08 07:55:21'),
 (4989,713,'2010-12-08 08:15:31',2,'http://www.portamix.com.ua2010_12_08_08_15_31','2010-12-08 08:15:26'),
 (4990,823,'2010-12-08 08:23:41',2,'http://siemens-ukraine.com.ua2010_12_08_08_23_41','2010-12-08 08:23:36'),
 (4992,532,'2010-12-08 08:31:16',2,'http://tehnogarant.com.ua2010_12_08_08_31_16','2010-12-08 08:31:16'),
 (4993,756,'2010-12-08 08:31:19',2,'http://www.tehnostar.com.ua2010_12_08_08_31_19','2010-12-08 08:31:19'),
 (4994,822,'2010-12-08 08:31:42',2,'http://www.technozuk.com.ua2010_12_08_08_31_42','2010-12-08 08:31:37'),
 (4995,547,'2010-12-08 08:39:44',2,'http://tehnotrade.com.ua2010_12_08_08_39_44','2010-12-08 08:39:39'),
 (4996,714,'2010-12-08 08:47:45',1,'http://torzhok.com.ua2010_12_08_08_47_45','2010-12-08 08:47:40'),
 (4997,824,'2010-12-08 08:55:46',2,'http://www.sklad-bt.com.ua2010_12_08_08_55_46','2010-12-08 08:55:41'),
 (4998,825,'2010-12-08 09:15:36',2,'http://vstroyka.net.ua2010_12_08_09_15_36','2010-12-08 09:15:31'),
 (4999,625,'2010-12-08 09:25:09',2,'http://www.karamelka.com.ua2010_12_08_09_25_09','2010-12-08 09:25:04'),
 (5000,620,'2010-12-08 09:36:34',2,'http://st.ua2010_12_08_09_36_34','2010-12-08 09:36:36'),
 (5001,563,'2010-12-08 09:44:36',2,'http://www.mobilluck.com.ua2010_12_08_09_44_36','2010-12-08 09:44:38'),
 (5002,826,'2010-12-08 09:49:28',2,'http://www.telex.com.ua2010_12_08_09_49_28','2010-12-08 09:49:22'),
 (5003,701,'2010-12-08 09:52:38',2,'http://www.mexter.com.ua2010_12_08_09_52_38','2010-12-08 09:52:40'),
 (5004,762,'2010-12-08 09:53:34',2,'http://www.toxic.com.ua2010_12_08_09_53_34','2010-12-08 09:53:34'),
 (5005,813,'2010-12-08 10:00:40',2,'http://tehnodomik.com.ua2010_12_08_10_00_40','2010-12-08 10:00:42'),
 (5006,764,'2010-12-08 10:00:49',2,'http://www.kam.in.ua2010_12_08_10_00_49','2010-12-08 10:00:49'),
 (5007,567,'2010-12-08 10:06:11',2,'http://kievgaz.com.ua2010_12_08_10_06_11','2010-12-08 10:06:05'),
 (5008,700,'2010-12-08 10:08:42',2,'http://www.transformer.ua2010_12_08_10_08_42','2010-12-08 10:08:44'),
 (5009,814,'2010-12-08 10:16:44',2,'http://www.optimart.ua2010_12_08_10_16_44','2010-12-08 10:16:47'),
 (5010,827,'2010-12-08 10:23:26',2,'http://www.viptehnika.com.ua2010_12_08_10_23_26','2010-12-08 10:23:20'),
 (5012,715,'2010-12-08 10:31:25',2,'http://tehnoulica.com.ua2010_12_08_10_31_25','2010-12-08 10:31:20'),
 (5013,815,'2010-12-08 10:32:50',2,'http://usa-techniks.com.ua2010_12_08_10_32_50','2010-12-08 10:32:52'),
 (5014,548,'2010-12-08 10:39:27',1,'http://megatorg.com.ua2010_12_08_10_39_27','2010-12-08 10:39:21'),
 (5015,816,'2010-12-08 10:40:52',2,'http://www.soundmaster.com.ua2010_12_08_10_40_52','2010-12-08 10:40:54'),
 (5016,828,'2010-12-08 10:47:27',2,'http://shop.kenwood.ua2010_12_08_10_47_27','2010-12-08 10:47:22'),
 (5017,601,'2010-12-08 10:48:54',2,'http://www.listar.com.ua2010_12_08_10_48_54','2010-12-08 10:48:56'),
 (5019,626,'2010-12-08 10:55:30',2,'http://sweetprice.com.ua2010_12_08_10_55_30','2010-12-08 10:55:25'),
 (5020,702,'2010-12-08 10:56:57',2,'http://toptorg.com.ua2010_12_08_10_56_57','2010-12-08 10:56:59'),
 (5021,829,'2010-12-08 11:03:32',2,'http://nevo.com.ua2010_12_08_11_03_32','2010-12-08 11:03:26'),
 (5022,622,'2010-12-08 11:04:58',2,'http://www.novatrade.com.ua2010_12_08_11_04_58','2010-12-08 11:05:01'),
 (5023,703,'2010-12-08 11:13:01',2,'http://www.tehniks.com.ua2010_12_08_11_13_01','2010-12-08 11:13:03'),
 (5026,654,'2010-12-08 15:34:38',2,'http://www.pokupai.mobi2010_12_08_15_34_38','2010-12-08 15:34:38'),
 (5027,771,'2010-12-08 15:34:41',2,'http://www.tehnomix.kiev.ua2010_12_08_15_34_41','2010-12-08 15:34:41'),
 (5028,817,'2010-12-08 15:43:59',2,'http://mobisklad.com.ua2010_12_08_15_43_59','2010-12-08 15:43:55'),
 (5029,528,'2010-12-08 15:46:56',2,'http://www.kucha.com.ua2010_12_08_15_46_56','2010-12-08 15:47:01'),
 (5030,530,'2010-12-08 15:52:01',2,'http://kt-group.com.ua2010_12_08_15_52_01','2010-12-08 15:51:56'),
 (5031,582,'2010-12-08 16:00:01',1,'http://stereosvit.ua2010_12_08_16_00_01','2010-12-08 15:59:57'),
 (5032,711,'2010-12-08 16:08:02',2,'http://www.winauto.in.ua2010_12_08_16_08_02','2010-12-08 16:07:58'),
 (5033,706,'2010-12-08 16:16:03',2,'http://tehnoyarmarok.bigbord.net2010_12_08_16_16_03','2010-12-08 16:15:59'),
 (5034,818,'2010-12-08 16:24:03',2,'http://www.matrix.ua2010_12_08_16_24_03','2010-12-08 16:23:59'),
 (5035,819,'2010-12-08 16:32:04',2,'http://www.lcdshop.com.ua2010_12_08_16_32_04','2010-12-08 16:32:00'),
 (5036,772,'2010-12-08 16:48:30',2,'http://nazakaz.com.ua2010_12_08_16_48_30','2010-12-08 16:48:30'),
 (5037,658,'2010-12-08 16:54:47',2,'http://www.technoline.com.ua2010_12_08_16_54_47','2010-12-08 16:54:47'),
 (5038,659,'2010-12-08 17:01:06',2,'http://vodovorot.com.ua2010_12_08_17_01_06','2010-12-08 17:01:06'),
 (5040,661,'2010-12-08 17:07:37',2,'http://technotema.com2010_12_08_17_07_37','2010-12-08 17:07:37'),
 (5041,821,'2010-12-08 17:12:21',2,'http://www.panasonic-plaza.ua2010_12_08_17_12_21','2010-12-08 17:12:16'),
 (5042,820,'2010-12-08 17:20:22',2,'http://www.xshop.ua2010_12_08_17_20_22','2010-12-08 17:20:17'),
 (5043,581,'2010-12-08 17:27:42',2,'http://www.techno-oasis.com.ua2010_12_08_17_27_42','2010-12-08 17:27:46'),
 (5044,529,'2010-12-08 17:28:22',1,'http://protoria.ua2010_12_08_17_28_22','2010-12-08 17:28:18'),
 (5045,810,'2010-12-08 17:35:44',2,'http://speedway.in.ua2010_12_08_17_35_44','2010-12-08 17:35:48'),
 (5046,710,'2010-12-08 17:36:25',2,'http://tehnoroom.com.ua2010_12_08_17_36_25','2010-12-08 17:36:20'),
 (5047,609,'2010-12-08 17:38:40',2,'http://www.laptoper.com.ua2010_12_08_17_38_40','2010-12-08 17:38:40'),
 (5048,599,'2010-12-08 17:43:46',2,'http://kolibri.com.ua2010_12_08_17_43_46','2010-12-08 17:43:50'),
 (5050,603,'2010-12-08 17:49:23',2,'http://www.nkt.ua2010_12_08_17_49_23','2010-12-08 17:49:19'),
 (5051,811,'2010-12-08 17:51:48',2,'http://topbt.com.ua2010_12_08_17_51_48','2010-12-08 17:51:52'),
 (5052,753,'2010-12-08 17:54:00',2,'http://viptrade.com.ua2010_12_08_17_54_00','2010-12-08 17:54:00'),
 (5053,660,'2010-12-08 17:54:03',2,'http://tehnobit.com.ua2010_12_08_17_54_03','2010-12-08 17:54:03'),
 (5054,540,'2010-12-08 17:54:05',2,'http://tehnozon.com.ua2010_12_08_17_54_05','2010-12-08 17:54:05'),
 (5055,698,'2010-12-08 17:59:48',2,'http://www.uth.com.ua2010_12_08_17_59_48','2010-12-08 17:59:53'),
 (5056,808,'2010-12-08 18:07:50',2,'http://sofi.kiev.ua2010_12_08_18_07_50','2010-12-08 18:07:55'),
 (5057,573,'2010-12-08 18:09:58',2,'http://skladof.com.ua2010_12_08_18_09_58','2010-12-08 18:09:58'),
 (5058,773,'2010-12-08 18:14:43',2,'http://liebherr.kiev.ua2010_12_08_18_14_43','2010-12-08 18:14:43'),
 (5059,662,'2010-12-08 18:15:54',2,'http://photo.ua2010_12_08_18_15_54','2010-12-08 18:15:54'),
 (5060,809,'2010-12-08 18:15:52',2,'http://megabyte.kiev.ua2010_12_08_18_15_52','2010-12-08 18:15:56'),
 (5061,774,'2010-12-08 18:19:20',2,'http://prometei.com.ua2010_12_08_18_19_20','2010-12-08 18:19:20'),
 (5062,663,'2010-12-08 18:23:54',2,'http://uniquestore.com.ua2010_12_08_18_23_54','2010-12-08 18:23:54'),
 (5063,812,'2010-12-08 18:23:54',2,'http://www.novatek.com.ua2010_12_08_18_23_54','2010-12-08 18:23:58'),
 (5064,590,'2010-12-08 18:28:05',2,'http://kramnica.com2010_12_08_18_28_05','2010-12-08 18:28:05'),
 (5065,694,'2010-12-08 18:31:55',2,'http://www.mshop.in.ua2010_12_08_18_31_55','2010-12-08 18:31:59'),
 (5066,610,'2010-12-08 18:38:03',2,'http://repka.ua2010_12_08_18_38_03','2010-12-08 18:38:03'),
 (5067,693,'2010-12-08 18:39:57',2,'http://maximart.net2010_12_08_18_39_57','2010-12-08 18:40:01'),
 (5068,664,'2010-12-08 19:17:22',2,'http://telekvartal.com.ua2010_12_08_19_17_22','2010-12-08 19:17:22'),
 (5069,775,'2010-12-08 19:18:53',2,'http://lcd-tochka.kiev.ua2010_12_08_19_18_53','2010-12-08 19:18:53'),
 (5070,776,'2010-12-08 19:21:02',2,'http://santik.com.ua2010_12_08_19_21_02','2010-12-08 19:21:02'),
 (5071,611,'2010-12-08 19:24:13',2,'http://sotex.com.ua2010_12_08_19_24_13','2010-12-08 19:24:13'),
 (5072,666,'2010-12-08 19:26:32',2,'http://vodonagrevateli.com.ua2010_12_08_19_26_32','2010-12-08 19:26:32'),
 (5073,612,'2010-12-08 19:29:02',2,'http://macbox.com.ua2010_12_08_19_29_02','2010-12-08 19:29:02'),
 (5074,777,'2010-12-08 19:29:34',2,'http://pandashop.com.ua2010_12_08_19_29_34','2010-12-08 19:29:34'),
 (5075,667,'2010-12-08 19:30:56',2,'http://www.mkbt.com.ua/2010_12_08_19_30_56','2010-12-08 19:30:56'),
 (5076,778,'2010-12-08 19:35:24',2,'http://www.mobitrade.ua2010_12_08_19_35_24','2010-12-08 19:35:24'),
 (5077,779,'2010-12-08 19:38:38',2,'http://www.profi777.com.ua2010_12_08_19_38_38','2010-12-08 19:38:38'),
 (5078,669,'2010-12-08 19:42:28',2,'http://vybire.com.ua2010_12_08_19_42_28','2010-12-08 19:42:28'),
 (5079,780,'2010-12-08 19:50:55',2,'http://texnolux.com2010_12_08_19_50_55','2010-12-08 19:50:55'),
 (5080,687,'2010-12-08 19:57:41',2,'http://tehnokomfort.com.ua2010_12_08_19_57_41','2010-12-08 19:57:45'),
 (5081,597,'2010-12-08 19:58:15',2,'http://nasvyazi.com.ua2010_12_08_19_58_15','2010-12-08 19:58:10'),
 (5082,781,'2010-12-08 20:01:26',2,'http://www.tehnobest.com2010_12_08_20_01_26','2010-12-08 20:01:26'),
 (5083,803,'2010-12-08 20:05:56',2,'http://mobidrive.com.ua2010_12_08_20_05_56','2010-12-08 20:06:00'),
 (5084,805,'2010-12-08 20:06:37',2,'http://www.plazmatex.com.ua2010_12_08_20_06_37','2010-12-08 20:06:32'),
 (5085,592,'2010-12-08 20:11:11',2,'http://planetagps.com2010_12_08_20_11_11','2010-12-08 20:11:11'),
 (5086,782,'2010-12-08 20:12:29',2,'http://www.neotrade.com.ua2010_12_08_20_12_29','2010-12-08 20:12:29'),
 (5087,804,'2010-12-08 20:14:11',2,'http://webshara.com.ua2010_12_08_20_14_11','2010-12-08 20:14:15'),
 (5088,689,'2010-12-08 20:14:54',2,'http://vodopad.kiev.ua2010_12_08_20_14_54','2010-12-08 20:14:49'),
 (5089,688,'2010-12-08 20:22:12',2,'http://www.tehkom.com.ua2010_12_08_20_22_12','2010-12-08 20:22:16'),
 (5090,690,'2010-12-08 20:22:55',2,'http://vipproduct.com.ua/2010_12_08_20_22_55','2010-12-08 20:22:50'),
 (5091,798,'2010-12-08 20:30:15',2,'http://www.phoneline.com.ua2010_12_08_20_30_15','2010-12-08 20:30:19'),
 (5092,598,'2010-12-08 20:30:55',2,'http://www.sokol.ua2010_12_08_20_30_55','2010-12-08 20:30:50'),
 (5094,806,'2010-12-08 20:38:56',1,'http://medialider.com.ua2010_12_08_20_38_56','2010-12-08 20:38:51'),
 (5095,557,'2010-12-08 20:42:19',2,'http://onoff.com.ua2010_12_08_20_42_19','2010-12-08 20:42:19'),
 (5096,686,'2010-12-08 20:46:18',1,'http://www.telemag.com.ua2010_12_08_20_46_18','2010-12-08 20:46:22'),
 (5097,576,'2010-12-08 20:46:57',2,'http://kompro.com.ua2010_12_08_20_46_57','2010-12-08 20:46:52'),
 (5098,783,'2010-12-08 20:53:50',2,'http://www.microclimat.com.ua2010_12_08_20_53_50','2010-12-08 20:53:50'),
 (5099,802,'2010-12-08 20:54:20',2,'http://proteh.com.ua2010_12_08_20_54_20','2010-12-08 20:54:24'),
 (5100,691,'2010-12-08 20:54:58',2,'http://www.t-trade.com.ua2010_12_08_20_54_58','2010-12-08 20:54:53'),
 (5101,670,'2010-12-08 20:57:24',2,'http://www.magazin.com.ua2010_12_08_20_57_24','2010-12-08 20:57:24'),
 (5102,784,'2010-12-08 20:57:55',2,'http://shara.ua2010_12_08_20_57_55','2010-12-08 20:57:55'),
 (5103,800,'2010-12-08 21:02:22',2,'http://www.mobiplus.com.ua2010_12_08_21_02_22','2010-12-08 21:02:26'),
 (5104,792,'2010-12-08 21:07:55',2,'http://kaktys.com.ua2010_12_08_21_07_55','2010-12-08 21:07:50'),
 (5106,616,'2010-12-08 21:15:56',2,'http://newbest.org.ua2010_12_08_21_15_56','2010-12-08 21:15:51'),
 (5107,574,'2010-12-08 21:16:32',2,'http://supertehnika.com.ua2010_12_08_21_16_32','2010-12-08 21:16:32'),
 (5108,793,'2010-12-08 21:23:57',2,'http://www.sermobile.com.ua2010_12_08_21_23_57','2010-12-08 21:23:52'),
 (5109,785,'2010-12-08 21:26:37',2,'http://notebook.ua2010_12_08_21_26_37','2010-12-08 21:26:37'),
 (5110,558,'2010-12-08 21:30:29',2,'http://store.natakir.org.ua2010_12_08_21_30_29','2010-12-08 21:30:29');
INSERT INTO `parse_session` (`id`,`id_shop`,`parse_begin`,`id_parse_result`,`description`,`date_write`) VALUES 
 (5111,544,'2010-12-08 21:31:58',1,'http://katran-s.kiev.ua2010_12_08_21_31_58','2010-12-08 21:31:53'),
 (5112,407,'2010-12-08 21:32:00',2,'http://www.newmart.com.ua2010_12_08_21_32_00','2010-12-08 21:32:00'),
 (5113,614,'2010-12-08 21:32:24',2,'http://optovichok.net.ua2010_12_08_21_32_24','2010-12-08 21:32:24'),
 (5114,672,'2010-12-08 21:33:51',2,'http://www.telephone.net.ua2010_12_08_21_33_51','2010-12-08 21:33:51'),
 (5115,786,'2010-12-08 21:33:59',2,'http://mzona.kiev.ua2010_12_08_21_33_59','2010-12-08 21:33:59'),
 (5116,673,'2010-12-08 21:39:03',2,'http://technolife.kiev.ua2010_12_08_21_39_03','2010-12-08 21:39:03'),
 (5117,684,'2010-12-08 21:39:58',2,'http://www.karre.com.ua2010_12_08_21_39_58','2010-12-08 21:39:53'),
 (5118,787,'2010-12-08 21:41:02',1,'http://sho.com.ua2010_12_08_21_41_02','2010-12-08 21:41:02'),
 (5119,676,'2010-12-08 21:41:09',2,'http://tehnohaza.kiev.ua2010_12_08_21_41_09','2010-12-08 21:41:09'),
 (5120,560,'2010-12-08 21:41:38',2,'http://mobiliti.com.ua2010_12_08_21_41_38','2010-12-08 21:41:38'),
 (5121,788,'2010-12-08 21:44:32',2,'http://liebherr-shop.com.ua2010_12_08_21_44_32','2010-12-08 21:44:32'),
 (5122,525,'2010-12-08 21:44:56',2,'http://technika.kiev.ua2010_12_08_21_44_56','2010-12-08 21:44:56'),
 (5123,692,'2010-12-08 21:47:59',2,'http://www.sanford.com.ua2010_12_08_21_47_59','2010-12-08 21:47:54'),
 (5124,807,'2010-12-08 21:56:00',2,'http://mobiice.com.ua2010_12_08_21_56_00','2010-12-08 21:55:55'),
 (5126,801,'2010-12-08 22:08:20',2,'http://mirka.com.ua2010_12_08_22_08_20','2010-12-08 22:08:24'),
 (5127,789,'2010-12-08 22:20:52',2,'http://perestrojka.com.ua2010_12_08_22_20_52','2010-12-08 22:20:52'),
 (5128,678,'2010-12-08 22:24:24',2,'http://www.technosell.com.ua2010_12_08_22_24_24','2010-12-08 22:24:24'),
 (5129,595,'2010-12-08 22:26:18',2,'http://www.moyo.ua2010_12_08_22_26_18','2010-12-08 22:26:18'),
 (5130,680,'2010-12-08 22:36:33',2,'http://www.plasma-lcd.com.ua/2010_12_08_22_36_33','2010-12-08 22:36:33'),
 (5131,790,'2010-12-08 22:36:37',2,'http://www.megastar.com.ua2010_12_08_22_36_37','2010-12-08 22:36:37'),
 (5132,596,'2010-12-08 22:37:13',2,'http://promobitel.com2010_12_08_22_37_13','2010-12-08 22:37:13'),
 (5133,681,'2010-12-08 22:50:22',2,'http://www.technomir.com.ua2010_12_08_22_50_22','2010-12-08 22:50:22'),
 (5134,791,'2010-12-08 23:07:15',2,'http://www.sonymarket.com.ua2010_12_08_23_07_15','2010-12-08 23:07:15'),
 (5135,792,'2010-12-08 23:10:28',2,'http://kaktys.com.ua2010_12_08_23_10_28','2010-12-08 23:10:28'),
 (5136,616,'2010-12-08 23:11:02',2,'http://newbest.org.ua2010_12_08_23_11_02','2010-12-08 23:11:02'),
 (5137,793,'2010-12-08 23:20:18',2,'http://www.sermobile.com.ua2010_12_08_23_20_18','2010-12-08 23:20:18'),
 (5138,544,'2010-12-08 23:21:10',1,'http://katran-s.kiev.ua2010_12_08_23_21_10','2010-12-08 23:21:10'),
 (5139,684,'2010-12-08 23:21:14',2,'http://www.karre.com.ua2010_12_08_23_21_14','2010-12-08 23:21:14'),
 (5140,794,'2010-12-08 23:21:53',2,'http://www.vectra.com.ua2010_12_08_23_21_53','2010-12-08 23:21:53'),
 (5141,685,'2010-12-08 23:23:05',2,'http://www.mshara.com.ua2010_12_08_23_23_05','2010-12-08 23:23:05'),
 (5142,795,'2010-12-08 23:23:31',2,'http://www.stealthcomp.com2010_12_08_23_23_31','2010-12-08 23:23:31'),
 (5143,796,'2010-12-08 23:23:56',2,'http://www.telek.net.ua2010_12_08_23_23_56','2010-12-08 23:23:56'),
 (5144,797,'2010-12-08 23:26:06',2,'http://mobilife.com.ua2010_12_08_23_26_06','2010-12-08 23:26:06'),
 (5145,787,'2010-12-08 23:47:32',1,'http://sho.com.ua2010_12_08_23_47_32','2010-12-08 23:47:32'),
 (5146,466,'2010-12-08 23:47:35',2,'http://www.gb.ua2010_12_08_23_47_35','2010-12-08 23:47:35'),
 (5147,460,'2010-12-08 23:47:37',2,'http://telemarket.com.ua2010_12_08_23_47_37','2010-12-08 23:47:37'),
 (5148,531,'2010-12-08 23:47:40',1,'http://technix.com.ua2010_12_08_23_47_40','2010-12-08 23:47:40'),
 (5149,607,'2010-12-08 23:47:50',1,'http://buytut.com2010_12_08_23_47_50','2010-12-08 23:47:50'),
 (5150,461,'2010-12-08 23:47:57',1,'http://www.tehnos.com.ua2010_12_08_23_47_57','2010-12-08 23:47:57'),
 (5151,544,'2010-12-08 23:48:00',1,'http://katran-s.kiev.ua2010_12_08_23_48_00','2010-12-08 23:48:00'),
 (5152,535,'2010-12-08 23:48:02',1,'http://www.iguan.ua2010_12_08_23_48_02','2010-12-08 23:48:02'),
 (5153,278,'2010-12-08 23:48:05',2,'http://meloch.com.ua2010_12_08_23_48_05','2010-12-08 23:48:05'),
 (5154,797,'2010-12-08 23:48:07',2,'http://mobilife.com.ua2010_12_08_23_48_07','2010-12-08 23:48:07'),
 (5155,509,'2010-12-08 23:48:10',2,'http://www.5ok.com.ua2010_12_08_23_48_10','2010-12-08 23:48:10'),
 (5156,329,'2010-12-08 23:48:12',1,'http://tehnocity.kiev.ua2010_12_08_23_48_12','2010-12-08 23:48:12'),
 (5158,802,'2010-12-08 23:51:18',2,'http://proteh.com.ua2010_12_08_23_51_18','2010-12-08 23:51:18'),
 (5159,686,'2010-12-08 23:51:39',1,'http://www.telemag.com.ua2010_12_08_23_51_39','2010-12-08 23:51:39'),
 (5160,180,'2010-12-08 23:51:44',2,'http://appliance.shoplive.com.ua/2010_12_08_23_51_44','2010-12-08 23:51:44'),
 (5161,495,'2010-12-08 23:51:52',2,'http://www.joseph.kiev.ua2010_12_08_23_51_52','2010-12-08 23:51:52'),
 (5162,517,'2010-12-08 23:51:56',2,'http://www.590.com.ua2010_12_08_23_51_56','2010-12-08 23:51:56'),
 (5163,371,'2010-12-08 23:52:44',2,'http://www.denon.com.ua2010_12_08_23_52_44','2010-12-08 23:52:44'),
 (5164,806,'2010-12-08 23:52:47',1,'http://medialider.com.ua2010_12_08_23_52_47','2010-12-08 23:52:47'),
 (5165,188,'2010-12-08 23:52:50',2,'http://azhiotazh.com.ua2010_12_08_23_52_50','2010-12-08 23:52:50'),
 (5166,405,'2010-12-08 23:53:03',2,'http://www.multi.com.ua2010_12_08_23_53_03','2010-12-08 23:53:03'),
 (5167,577,'2010-12-08 23:53:06',1,'http://diatrade.com.ua2010_12_08_23_53_06','2010-12-08 23:53:06'),
 (5168,697,'2010-12-08 23:53:26',1,'http://www.instep.com.ua2010_12_08_23_53_26','2010-12-08 23:53:26'),
 (5169,276,'2010-12-08 23:53:31',2,'http://masteraudio.com.ua2010_12_08_23_53_31','2010-12-08 23:53:31'),
 (5170,520,'2010-12-08 23:53:35',1,'http://www.foxmart.com.ua2010_12_08_23_53_35','2010-12-08 23:53:35'),
 (5171,268,'2010-12-08 23:53:49',1,'http://lavka.kiev.ua2010_12_08_23_53_49','2010-12-08 23:53:49'),
 (5172,473,'2010-12-08 23:53:52',2,'http://comfortshop.com.ua2010_12_08_23_53_52','2010-12-08 23:53:52'),
 (5173,468,'2010-12-08 23:54:34',2,'http://www.super-market.kiev.ua2010_12_08_23_54_34','2010-12-08 23:54:34'),
 (5174,572,'2010-12-08 23:55:20',1,'http://www.mtrade.com.ua2010_12_08_23_55_20','2010-12-08 23:55:20'),
 (5175,589,'2010-12-08 23:55:23',1,'http://101.net.ua2010_12_08_23_55_23','2010-12-08 23:55:23'),
 (5176,464,'2010-12-08 23:55:43',2,'http://btstile.com.ua2010_12_08_23_55_43','2010-12-08 23:55:43'),
 (5177,397,'2010-12-08 23:55:51',2,'http://www.loras.com.ua2010_12_08_23_55_51','2010-12-08 23:55:51'),
 (5178,582,'2010-12-08 23:57:33',1,'http://stereosvit.ua2010_12_08_23_57_33','2010-12-08 23:57:33'),
 (5179,382,'2010-12-08 23:57:37',2,'http://www.gelezka.kiev.ua2010_12_08_23_57_37','2010-12-08 23:57:37'),
 (5180,529,'2010-12-08 23:58:18',1,'http://protoria.ua2010_12_08_23_58_18','2010-12-08 23:58:18'),
 (5181,664,'2010-12-08 23:58:21',2,'http://telekvartal.com.ua2010_12_08_23_58_21','2010-12-08 23:58:21'),
 (5182,175,'2010-12-08 23:59:50',2,'http://allshop.kiev.ua2010_12_08_23_59_50','2010-12-08 23:59:50'),
 (5183,358,'2010-12-09 00:00:07',1,'http://www.altas.com.ua2010_12_09_00_00_07','2010-12-09 00:00:07'),
 (5184,369,'2010-12-09 00:00:24',2,'http://www.creation.kiev.ua2010_12_09_00_00_24','2010-12-09 00:00:24'),
 (5185,465,'2010-12-09 00:01:21',2,'http://xclusive.com.ua2010_12_09_00_01_21','2010-12-09 00:01:21'),
 (5186,714,'2010-12-09 00:01:46',2,'http://torzhok.com.ua2010_12_09_00_01_46','2010-12-09 00:01:46'),
 (5187,387,'2010-12-09 00:03:10',2,'http://www.iline.in.ua2010_12_09_00_03_10','2010-12-09 00:03:10'),
 (5188,180,'2010-12-09 00:03:18',2,'http://appliance.shoplive.com.ua/2010_12_09_00_03_18','2010-12-09 00:03:18'),
 (5189,232,'2010-12-09 00:03:33',2,'http://evrotel.com.ua2010_12_09_00_03_33','2010-12-09 00:03:33'),
 (5190,447,'2010-12-09 00:03:38',2,'http://www.uatehno.com.ua2010_12_09_00_03_38','2010-12-09 00:03:38'),
 (5191,605,'2010-12-09 00:03:41',2,'http://www.climatica.com.ua2010_12_09_00_03_41','2010-12-09 00:03:41'),
 (5192,274,'2010-12-09 00:03:53',2,'http://m-store.com.ua2010_12_09_00_03_53','2010-12-09 00:03:53'),
 (5193,548,'2010-12-09 00:03:57',1,'http://megatorg.com.ua2010_12_09_00_03_57','2010-12-09 00:03:57'),
 (5194,672,'2010-12-09 00:04:04',2,'http://www.telephone.net.ua2010_12_09_00_04_04','2010-12-09 00:04:04'),
 (5202,799,'2010-12-09 07:28:48',1,'http://www.vint.com.ua2010_12_09_07_28_48','2010-12-09 07:28:48');
/*!40000 ALTER TABLE `parse_session` ENABLE KEYS */;


--
-- Definition of table `section`
--

DROP TABLE IF EXISTS `section`;
CREATE TABLE `section` (
  `id` int(10) unsigned NOT NULL AUTO_INCREMENT,
  `name` varchar(255) DEFAULT NULL,
  `description` varchar(255) DEFAULT NULL,
  PRIMARY KEY (`id`)
) ENGINE=InnoDB AUTO_INCREMENT=384062 DEFAULT CHARSET=cp1251;

--
-- Dumping data for table `section`
--

/*!40000 ALTER TABLE `section` DISABLE KEYS */;
/*!40000 ALTER TABLE `section` ENABLE KEYS */;


--
-- Definition of table `shop_list`
--

DROP TABLE IF EXISTS `shop_list`;
CREATE TABLE `shop_list` (
  `id` int(10) unsigned NOT NULL AUTO_INCREMENT,
  `name` varchar(255) DEFAULT NULL,
  `start_page` varchar(255) DEFAULT NULL,
  `description` varchar(255) DEFAULT NULL,
  PRIMARY KEY (`id`)
) ENGINE=InnoDB AUTO_INCREMENT=830 DEFAULT CHARSET=cp1251;

--
-- Dumping data for table `shop_list`
--

/*!40000 ALTER TABLE `shop_list` DISABLE KEYS */;
INSERT INTO `shop_list` (`id`,`name`,`start_page`,`description`) VALUES 
 (168,NULL,'http://1brovary.com.ua',NULL),
 (169,NULL,'http://224.com.ua',NULL),
 (170,NULL,'http://4elements.in.ua',NULL),
 (171,NULL,'http://absolutua.com',NULL),
 (172,NULL,'http://actsia.com',NULL),
 (173,NULL,'http://akaba.com.ua',NULL),
 (174,NULL,'http://akviss.com.ua',NULL),
 (175,NULL,'http://allshop.kiev.ua',NULL),
 (176,NULL,'http://alma2k.kiev.ua',NULL),
 (177,NULL,'http://alphatech.com.ua',NULL),
 (178,NULL,'http://andromeda.net.ua',NULL),
 (179,NULL,'http://antena.com.ua',NULL),
 (180,NULL,'http://appliance.shoplive.com.ua/',NULL),
 (181,NULL,'http://ariston-ua.com',NULL),
 (182,NULL,'http://arkada-bt.com',NULL),
 (183,NULL,'http://ateks.com.ua',NULL),
 (184,NULL,'http://atlant-ua.com',NULL),
 (185,NULL,'http://atlant.ua',NULL),
 (186,NULL,'http://avtocomfort.com.ua',NULL),
 (187,NULL,'http://avtrade.com.ua',NULL),
 (188,NULL,'http://azhiotazh.com.ua',NULL),
 (189,NULL,'http://azvuk.ua',NULL),
 (190,NULL,'http://b-t.kiev.ua',NULL),
 (191,NULL,'http://bant.com.ua',NULL),
 (192,NULL,'http://battup.com.ua',NULL),
 (193,NULL,'http://befree.kiev.ua',NULL),
 (194,NULL,'http://best-optics.com.ua',NULL),
 (195,NULL,'http://bigmag.biz.ua',NULL),
 (196,NULL,'http://bmcable.com',NULL),
 (197,NULL,'http://boom.net.ua',NULL),
 (198,NULL,'http://bosch-kiev.com.ua',NULL),
 (199,NULL,'http://bt-shop.com.ua',NULL),
 (200,NULL,'http://btcomfort.com.ua',NULL),
 (201,NULL,'http://btplus.com.ua',NULL),
 (202,NULL,'http://btpriisk.com.ua',NULL),
 (203,NULL,'http://cata-ua.com',NULL),
 (204,NULL,'http://cdma-trade.com.ua',NULL),
 (205,NULL,'http://cifrolend.com.ua',NULL),
 (206,NULL,'http://cityshop.net.ua',NULL),
 (207,NULL,'http://climat-s.com',NULL),
 (208,NULL,'http://climatmarka.com.ua',NULL),
 (209,NULL,'http://colibriua.com',NULL),
 (210,NULL,'http://comline.com.ua/pricexls.php',NULL),
 (211,NULL,'http://cordi.com.ua',NULL),
 (212,NULL,'http://daikin-ua.net',NULL),
 (213,NULL,'http://diant.kiev.ua',NULL),
 (214,NULL,'http://digishop.com.ua',NULL),
 (215,NULL,'http://digital.in.ua',NULL),
 (216,NULL,'http://digitalvideo.com.ua',NULL),
 (217,NULL,'http://dom-market.com.ua',NULL),
 (218,NULL,'http://domashniy-kinoteatr.com.ua',NULL),
 (219,NULL,'http://dyson-shop.com',NULL),
 (220,NULL,'http://dyson-ua.com',NULL),
 (221,NULL,'http://e-home.com.ua',NULL),
 (222,NULL,'http://e34.com.ua',NULL),
 (223,NULL,'http://edam.com.ua',NULL),
 (224,NULL,'http://edemkvam.com.ua',NULL),
 (225,NULL,'http://ekoklimat.com.ua',NULL),
 (226,NULL,'http://eldoradocentr.kiev.ua',NULL),
 (227,NULL,'http://electrotorg.com.ua',NULL),
 (228,NULL,'http://electrovoz.com.ua',NULL),
 (229,NULL,'http://elfor.ua',NULL),
 (230,NULL,'http://eplus.kiev.ua',NULL),
 (231,NULL,'http://eps.kiev.ua',NULL),
 (232,NULL,'http://evrotel.com.ua',NULL),
 (233,NULL,'http://first-line.kiev.ua',NULL),
 (234,NULL,'http://fixer.com.ua/load_pricelist',NULL),
 (235,NULL,'http://flashki.kiev.ua',NULL),
 (236,NULL,'http://forcom.kiev.ua',NULL),
 (237,NULL,'http://forsale.com.ua',NULL),
 (238,NULL,'http://fotostop.com.ua',NULL),
 (239,NULL,'http://fotox.com.ua',NULL),
 (240,NULL,'http://gamepost.com.ua',NULL),
 (241,NULL,'http://gcomputers.com.ua',NULL),
 (242,NULL,'http://giperon.ua',NULL),
 (243,NULL,'http://gorenje-ua.com',NULL),
 (244,NULL,'http://graymo.com.ua',NULL),
 (245,NULL,'http://hacker.ua',NULL),
 (246,NULL,'http://haier-ua.com',NULL),
 (247,NULL,'http://hilink.com.ua',NULL),
 (248,NULL,'http://hlebopechka.kiev.ua',NULL),
 (249,NULL,'http://hlebopechki.kiev.ua',NULL),
 (250,NULL,'http://homestore.com.ua',NULL),
 (251,NULL,'http://i-mart.com.ua',NULL),
 (252,NULL,'http://ihop.com.ua',NULL),
 (253,NULL,'http://inavto.com.ua',NULL),
 (254,NULL,'http://indesit-ua.com',NULL),
 (255,NULL,'http://inkiev.com.ua',NULL),
 (256,NULL,'http://internetmarket.kiev.ua',NULL),
 (257,NULL,'http://istok.kiev.ua',NULL),
 (258,NULL,'http://it-select.com.ua',NULL),
 (259,NULL,'http://itcity.com.ua',NULL),
 (260,NULL,'http://itcyfra.net',NULL),
 (261,NULL,'http://jera-ua.com',NULL),
 (262,NULL,'http://kaiser-ua.com',NULL),
 (263,NULL,'http://kievgas.com.ua',NULL),
 (264,NULL,'http://kinofoto.tv',NULL),
 (265,NULL,'http://kkshop.com.ua',NULL),
 (266,NULL,'http://kooperator.com.ua/index.php',NULL),
 (267,NULL,'http://kruche.net.ua',NULL),
 (268,NULL,'http://lavka.kiev.ua',NULL),
 (269,NULL,'http://lentiaev.net',NULL),
 (270,NULL,'http://lg-ua.com',NULL),
 (271,NULL,'http://lg-ua.net',NULL),
 (272,NULL,'http://linecom.kiev.ua',NULL),
 (273,NULL,'http://lubnymarket.com',NULL),
 (274,NULL,'http://m-store.com.ua',NULL),
 (275,NULL,'http://marketus.com.ua',NULL),
 (276,NULL,'http://masteraudio.com.ua',NULL),
 (277,NULL,'http://megabite.com.ua',NULL),
 (278,NULL,'http://meloch.com.ua',NULL),
 (279,NULL,'http://microstore.com.ua',NULL),
 (280,NULL,'http://miele-ua.com',NULL),
 (281,NULL,'http://mirbt.com.ua',NULL),
 (282,NULL,'http://mitsubishi-heavy.net.ua',NULL),
 (283,NULL,'http://mitsubishi-ua.com',NULL),
 (284,NULL,'http://mkp.kiev.ua',NULL),
 (285,NULL,'http://mobimania.kiev.ua',NULL),
 (286,NULL,'http://msr.kiev.ua',NULL),
 (287,NULL,'http://new-torg.com.ua',NULL),
 (288,NULL,'http://newworld.co.ua',NULL),
 (289,NULL,'http://nord-ua.net',NULL),
 (290,NULL,'http://ntools.com.ua',NULL),
 (291,NULL,'http://nuzhno.com.ua',NULL),
 (292,NULL,'http://panasonic-ua.com',NULL),
 (293,NULL,'http://panflat.com.ua',NULL),
 (294,NULL,'http://pda-news.net',NULL),
 (295,NULL,'http://pilesos.kiev.ua',NULL),
 (296,NULL,'http://plazzma.prom.ua',NULL),
 (297,NULL,'http://proxlada.com.ua',NULL),
 (298,NULL,'http://pspclub.com.ua',NULL),
 (299,NULL,'http://pyle-sos.kiev.ua',NULL),
 (300,NULL,'http://pyramida-ua.com',NULL),
 (301,NULL,'http://randl.com.ua',NULL),
 (302,NULL,'http://samsung-ua.com',NULL),
 (303,NULL,'http://samsung-ua.net',NULL),
 (304,NULL,'http://sanmarco.com.ua',NULL),
 (305,NULL,'http://santehnika.ua',NULL),
 (306,NULL,'http://segment-service.com.ua',NULL),
 (307,NULL,'http://servik.com.ua',NULL),
 (308,NULL,'http://shop-prior.com.ua',NULL),
 (309,NULL,'http://shop.gratis.com.ua',NULL),
 (310,NULL,'http://shop.pcforsage.com.ua',NULL),
 (311,NULL,'http://soloshop.com.ua',NULL),
 (312,NULL,'http://soner.com.ua',NULL),
 (313,NULL,'http://sony-reader.com.ua',NULL),
 (314,NULL,'http://sotmarket.com.ua',NULL),
 (315,NULL,'http://sova-shop.com.ua',NULL),
 (316,NULL,'http://starstore.com.ua',NULL),
 (317,NULL,'http://sunport.com.ua',NULL),
 (318,NULL,'http://t4k.com.ua',NULL),
 (319,NULL,'http://tdd.com.ua',NULL),
 (320,NULL,'http://technobazar.kiev.ua',NULL),
 (321,NULL,'http://technogrand.com.ua',NULL),
 (322,NULL,'http://technosila.com.ua',NULL),
 (323,NULL,'http://technounity.com.ua',NULL),
 (324,NULL,'http://tehnika.ltd.ua/index.php',NULL),
 (325,NULL,'http://tehno-store.com.ua',NULL),
 (326,NULL,'http://tehno.com.ua',NULL),
 (327,NULL,'http://tehno.kiev.ua',NULL),
 (328,NULL,'http://tehnobrend.com.ua',NULL),
 (329,NULL,'http://tehnocity.kiev.ua',NULL),
 (330,NULL,'http://tehnogroup.com.ua',NULL),
 (331,NULL,'http://tehnohata.ua',NULL),
 (332,NULL,'http://tehnosvit.com.ua',NULL),
 (333,NULL,'http://tel.in.ua',NULL),
 (334,NULL,'http://teplobud.com.ua',NULL),
 (335,NULL,'http://terabyte.kiev.ua',NULL),
 (336,NULL,'http://terios.com.ua',NULL),
 (337,NULL,'http://texnosvit.com.ua',NULL),
 (338,NULL,'http://topcomfort.com.ua',NULL),
 (339,NULL,'http://toshiba-ua.net',NULL),
 (340,NULL,'http://trixi.com.ua',NULL),
 (341,NULL,'http://tshop.net.ua',NULL),
 (342,NULL,'http://tvplaneta.com.ua',NULL),
 (343,NULL,'http://ukrclimate.com.ua',NULL),
 (344,NULL,'http://ukrmobile.com.ua',NULL),
 (345,NULL,'http://vasap.com.ua',NULL),
 (346,NULL,'http://veterok.com.ua',NULL),
 (347,NULL,'http://vkladovke.com.ua',NULL),
 (348,NULL,'http://whirlpool-ua.com',NULL),
 (349,NULL,'http://whitebox.com.ua',NULL),
 (350,NULL,'http://www.100k.com.ua',NULL),
 (351,NULL,'http://www.2000.com.ua',NULL),
 (352,NULL,'http://www.acs.net.ua',NULL),
 (353,NULL,'http://www.agsat.com.ua',NULL),
 (354,NULL,'http://www.akerman.com.ua',NULL),
 (355,NULL,'http://www.aksmarket.com.ua',NULL),
 (356,NULL,'http://www.alant.com.ua',NULL),
 (357,NULL,'http://www.alsi.com.ua',NULL),
 (358,NULL,'http://www.altas.com.ua',NULL),
 (359,NULL,'http://www.aport.kiev.ua',NULL),
 (360,NULL,'http://www.aspark.com.ua',NULL),
 (361,NULL,'http://www.astech.com.ua',NULL),
 (362,NULL,'http://www.batareyka.com.ua',NULL),
 (363,NULL,'http://www.bkt.com.ua',NULL),
 (364,NULL,'http://www.bm.com.ua',NULL),
 (365,NULL,'http://www.bt.dinstex.com.ua',NULL),
 (366,NULL,'http://www.cen.net.ua',NULL),
 (367,NULL,'http://www.ciframir.com.ua',NULL),
 (368,NULL,'http://www.cost.com.ua',NULL),
 (369,NULL,'http://www.creation.kiev.ua',NULL),
 (370,NULL,'http://www.daikin-ua.com.ua',NULL),
 (371,NULL,'http://www.denon.com.ua',NULL),
 (372,NULL,'http://www.digitalframe.com.ua',NULL),
 (373,NULL,'http://www.dinstex.com.ua',NULL),
 (374,NULL,'http://www.diport.com.ua',NULL),
 (375,NULL,'http://www.dmarket.com.ua',NULL),
 (376,NULL,'http://www.domotech.kiev.ua',NULL),
 (377,NULL,'http://www.dtrade.com.ua',NULL),
 (378,NULL,'http://www.elsys.kiev.ua',NULL),
 (379,NULL,'http://www.flashtrade.com.ua',NULL),
 (380,NULL,'http://www.fotoman.com.ua',NULL),
 (381,NULL,'http://www.fullhouse.com.ua',NULL),
 (382,NULL,'http://www.gelezka.kiev.ua',NULL),
 (383,NULL,'http://www.germes.in.ua',NULL),
 (384,NULL,'http://www.ggshop.com.ua',NULL),
 (385,NULL,'http://www.grand.ua',NULL),
 (386,NULL,'http://www.hi-star.com.ua/index.php',NULL),
 (387,NULL,'http://www.iline.in.ua',NULL),
 (388,NULL,'http://www.incosoft.com.ua',NULL),
 (389,NULL,'http://www.ipod-apple.com.ua',NULL),
 (390,NULL,'http://www.itformat.kiev.ua',NULL),
 (391,NULL,'http://www.kgb.kiev.ua',NULL),
 (392,NULL,'http://www.kievplasma.com.ua',NULL),
 (393,NULL,'http://www.kipit.com.ua',NULL),
 (394,NULL,'http://www.koba.com.ua',NULL),
 (395,NULL,'http://www.kpiservice.com.ua',NULL),
 (396,NULL,'http://www.ktc.com.ua',NULL),
 (397,NULL,'http://www.loras.com.ua',NULL),
 (398,NULL,'http://www.mc-trade.kiev.ua',NULL),
 (399,NULL,'http://www.mediamart.com.ua',NULL),
 (400,NULL,'http://www.mirit.com.ua',NULL),
 (401,NULL,'http://www.mitsubishi-ua.net',NULL),
 (402,NULL,'http://www.mobil-house.com.ua',NULL),
 (403,NULL,'http://www.mobiman.com.ua',NULL),
 (404,NULL,'http://www.mobitech.com.ua',NULL),
 (405,NULL,'http://www.multi.com.ua',NULL),
 (406,NULL,'http://www.mvideo.kiev.ua',NULL),
 (407,NULL,'http://www.newmart.com.ua',NULL),
 (408,NULL,'http://www.notebookshop.com.ua',NULL),
 (409,NULL,'http://www.numberone.kiev.ua',NULL),
 (410,NULL,'http://www.pc-hard.com.ua',NULL),
 (411,NULL,'http://www.permyco.kiev.ua',NULL),
 (412,NULL,'http://www.pioneru.com.ua',NULL),
 (413,NULL,'http://www.pixelplus.com.ua',NULL),
 (414,NULL,'http://www.pleer.kiev.ua',NULL),
 (415,NULL,'http://www.pobytova.kiev.ua',NULL),
 (416,NULL,'http://www.porto.com.ua',NULL),
 (417,NULL,'http://www.pristavki.ua',NULL),
 (418,NULL,'http://www.pro100r.com.ua',NULL),
 (419,NULL,'http://www.progress-sound.com',NULL),
 (420,NULL,'http://www.raznotorg.com.ua',NULL),
 (421,NULL,'http://www.rodnik.in.ua',NULL),
 (422,NULL,'http://www.s-mobile.com.ua',NULL),
 (423,NULL,'http://www.satmaster.kiev.ua',NULL),
 (424,NULL,'http://www.seldom.com.ua',NULL),
 (425,NULL,'http://www.sewing.kiev.ua',NULL),
 (426,NULL,'http://www.skidka.com.ua',NULL),
 (427,NULL,'http://www.skytel.com.ua',NULL),
 (428,NULL,'http://www.soft-shop.com.ua',NULL),
 (429,NULL,'http://www.softservice.com.ua',NULL),
 (430,NULL,'http://www.soundplanet.com.ua',NULL),
 (431,NULL,'http://www.spark.ua',NULL),
 (432,NULL,'http://www.sticom.net.ua',NULL),
 (433,NULL,'http://www.svitbt.com.ua',NULL),
 (434,NULL,'http://www.te.com.ua',NULL),
 (435,NULL,'http://www.technodom.kiev.ua',NULL),
 (436,NULL,'http://www.technogorod.com.ua',NULL),
 (437,NULL,'http://www.technopark.ua',NULL),
 (438,NULL,'http://www.techsales.kiev.ua',NULL),
 (439,NULL,'http://www.tehno.kiev.ua',NULL),
 (440,NULL,'http://www.tehnohit.com.ua',NULL),
 (441,NULL,'http://www.tehnoman.kiev.ua',NULL),
 (442,NULL,'http://www.teplahata.com.ua',NULL),
 (443,NULL,'http://www.teploresurs.com.ua',NULL),
 (444,NULL,'http://www.ton.kiev.ua',NULL),
 (445,NULL,'http://www.tpobut.com/index.php',NULL),
 (446,NULL,'http://www.tradestar.com.ua',NULL),
 (447,NULL,'http://www.uatehno.com.ua',NULL),
 (448,NULL,'http://www.umapalata.com.ua',NULL),
 (449,NULL,'http://www.upas.kiev.ua',NULL),
 (450,NULL,'http://www.vataga.com.ua',NULL),
 (451,NULL,'http://www.videotech.com.ua',NULL),
 (452,NULL,'http://www.vilka.com.ua',NULL),
 (453,NULL,'http://www.vipstyle.kiev.ua',NULL),
 (454,NULL,'http://www.xcomp.kiev.ua',NULL),
 (455,NULL,'http://xolodilnik.kiev.ua/index.php',NULL),
 (456,NULL,'http://zanussi-ua.com',NULL),
 (457,NULL,'shops.permyco_kiev_ua_1',NULL),
 (458,NULL,'shops.permyco_kiev_ua_2',NULL),
 (459,NULL,'shops.permyco_kiev_ua_3',NULL),
 (460,NULL,'http://telemarket.com.ua',NULL),
 (461,NULL,'http://www.tehnos.com.ua',NULL),
 (462,NULL,'http://video-ochki.com.ua',NULL),
 (463,NULL,'http://teploprofi.com.ua',NULL),
 (464,NULL,'http://btstile.com.ua',NULL),
 (465,NULL,'http://xclusive.com.ua',NULL),
 (466,NULL,'http://www.gb.ua',NULL),
 (467,NULL,'http://www.mobiles.net.ua',NULL),
 (468,NULL,'http://www.super-market.kiev.ua',NULL),
 (469,NULL,'http://unikom.com.ua',NULL),
 (470,NULL,'http://www.fotomost.com.ua',NULL),
 (471,NULL,'http://liebherr-ua.com',NULL),
 (472,NULL,'http://pspmarket.com.ua',NULL),
 (473,NULL,'http://comfortshop.com.ua',NULL),
 (474,NULL,'http://comport.in.ua',NULL),
 (475,NULL,'http://www.hi-star.com.ua',NULL),
 (476,NULL,'http://www.challenge.kiev.ua',NULL),
 (477,NULL,'http://taxfree.com.ua',NULL),
 (478,NULL,'http://ipodshop.com.ua',NULL),
 (479,NULL,'http://www.asteks.com.ua',NULL),
 (480,NULL,'http://kooperator.com.ua',NULL),
 (481,NULL,'http://www.electromag.com.ua',NULL),
 (482,NULL,'http://www.notebooki.com.ua',NULL),
 (483,NULL,'http://xolodilnik.kiev.ua',NULL),
 (484,NULL,'http://ion.ua',NULL),
 (485,NULL,'http://medex.com.ua',NULL),
 (486,NULL,'http://www.comtrading.ua',NULL),
 (487,NULL,'http://clubmac.kiev.ua/',NULL),
 (488,NULL,'http://www.1in.com.ua',NULL),
 (489,NULL,'http://www.exoticmobile.com.ua',NULL),
 (490,NULL,'http://fixer.com.ua',NULL),
 (491,NULL,'http://www.radiola.com.ua',NULL),
 (492,NULL,'http://www.c-tech.com.ua',NULL),
 (493,NULL,'http://www.cdma-mobile.net',NULL),
 (494,NULL,'http://novostar.net',NULL),
 (495,NULL,'http://www.joseph.kiev.ua',NULL),
 (496,NULL,'http://comline.com.ua',NULL),
 (497,NULL,'http://www.cdma-mobile.com',NULL),
 (498,NULL,'http://www.mvclimate.com.ua',NULL),
 (499,NULL,'http://www.maf.com.ua',NULL),
 (500,NULL,'http://www.kievmarket.com.ua',NULL),
 (501,NULL,'http://tehnika.ltd.ua',NULL),
 (502,NULL,'http://www.ucrf.com.ua',NULL),
 (503,NULL,'http://www.tpobut.com',NULL),
 (504,NULL,'http://www.sis-tema.com.ua',NULL),
 (505,NULL,'http://www.tolstoy.com.ua',NULL),
 (506,NULL,'http://www.photoboom.com.ua',NULL),
 (507,NULL,'http://emix.com.ua',NULL),
 (508,NULL,'http://portaplas.com.ua',NULL),
 (509,NULL,'http://www.5ok.com.ua',NULL),
 (510,NULL,'http://www.5star.com.ua',NULL),
 (511,NULL,'http://avmarket.com.ua',NULL),
 (512,NULL,'http://all-trade.in.ua',NULL),
 (513,NULL,'http://all-trade.in.ua/ru',NULL),
 (514,NULL,'http://attis.ua',NULL),
 (515,NULL,'http://cesar.com.ua',NULL),
 (516,NULL,'http://copoka.com.ua',NULL),
 (517,NULL,'http://www.590.com.ua',NULL),
 (518,NULL,'http://www.audiovideomir.com.ua',NULL),
 (519,NULL,'http://dezhevle.net',NULL),
 (520,NULL,'http://www.foxmart.com.ua',NULL),
 (521,NULL,'http://dewevle.net.ua',NULL),
 (522,NULL,'http://www.e-m.kiev.ua',NULL),
 (523,NULL,'http://www.computerland.kiev.ua',NULL),
 (524,NULL,'http://www.bt.kiev.ua',NULL),
 (525,NULL,'http://technika.kiev.ua',NULL),
 (526,NULL,'http://www.begalet.com.ua',NULL),
 (527,NULL,'http://avento.com.ua',NULL),
 (528,NULL,'http://www.kucha.com.ua',NULL),
 (529,NULL,'http://protoria.ua',NULL),
 (530,NULL,'http://kt-group.com.ua',NULL),
 (531,NULL,'http://technix.com.ua',NULL),
 (532,NULL,'http://tehnogarant.com.ua',NULL),
 (533,NULL,'http://a-trade.ua',NULL),
 (534,NULL,'http://eurocomfort.com.ua',NULL),
 (535,NULL,'http://www.iguan.ua',NULL),
 (536,NULL,'http://www.coolmart.com.ua',NULL),
 (537,NULL,'http://pikmarket.kiev.ua',NULL),
 (538,NULL,'http://www.foxtrot.com.ua',NULL),
 (539,NULL,'http://www.tehnoshop.ua',NULL),
 (540,NULL,'http://tehnozon.com.ua',NULL),
 (541,NULL,'http://btmax.com.ua',NULL),
 (542,NULL,'http://inet-market.com.ua',NULL),
 (543,NULL,'http://freeon.com.ua',NULL),
 (544,NULL,'http://katran-s.kiev.ua',NULL),
 (545,NULL,'http://innotec.com.ua',NULL),
 (546,NULL,'http://www.citrus.ua',NULL),
 (547,NULL,'http://tehnotrade.com.ua',NULL),
 (548,NULL,'http://megatorg.com.ua',NULL),
 (549,NULL,'http://www.etehnika.com.ua',NULL),
 (550,NULL,'http://pro-teplo.com.ua',NULL),
 (551,NULL,'http://www.radiocom.com.ua',NULL),
 (552,NULL,'http://avtoprogress.com.ua',NULL),
 (553,NULL,'http://bosch-ukraine.com.ua',NULL),
 (554,NULL,'http://www.allo.ua/',NULL),
 (555,NULL,'http://motormusic.kiev.ua',NULL),
 (556,NULL,'http://climateplus.com.ua',NULL),
 (557,NULL,'http://onoff.com.ua',NULL),
 (558,NULL,'http://store.natakir.org.ua',NULL),
 (559,NULL,'http://elektromir.net.ua',NULL),
 (560,NULL,'http://mobiliti.com.ua',NULL),
 (561,NULL,'http://1palladium.com.ua',NULL),
 (562,NULL,'http://www.3kita.com.ua',NULL),
 (563,NULL,'http://www.mobilluck.com.ua',NULL),
 (564,NULL,'http://gpsworld.com.ua',NULL),
 (565,NULL,'http://bt.hi-tech.com.ua',NULL),
 (566,NULL,'http://www.izona.com.ua',NULL),
 (567,NULL,'http://kievgaz.com.ua',NULL),
 (568,NULL,'http://www.portativ.ua',NULL),
 (569,NULL,'http://shopochem.com.ua',NULL),
 (570,NULL,'http://chist.com.ua',NULL),
 (571,NULL,'http://www.setka.ua',NULL),
 (572,NULL,'http://www.mtrade.com.ua',NULL),
 (573,NULL,'http://skladof.com.ua',NULL),
 (574,NULL,'http://supertehnika.com.ua',NULL),
 (575,NULL,'http://www.datamart.com.ua',NULL),
 (576,NULL,'http://kompro.com.ua',NULL),
 (577,NULL,'http://diatrade.com.ua',NULL),
 (578,NULL,'http://automusic.net.ua',NULL),
 (579,NULL,'http://www.hi-tech.com.ua/',NULL),
 (580,NULL,'http://delon.com.ua',NULL),
 (581,NULL,'http://www.techno-oasis.com.ua',NULL),
 (582,NULL,'http://stereosvit.ua',NULL),
 (583,NULL,'http://www.elman.com.ua',NULL),
 (584,NULL,'http://procity.com.ua',NULL),
 (585,NULL,'http://www.e-market.kiev.ua',NULL),
 (586,NULL,'http://www.flash-card.com.ua',NULL),
 (587,NULL,'http://mobi-lux.com.ua',NULL),
 (588,NULL,'http://www.kym.com.ua',NULL),
 (589,NULL,'http://101.net.ua',NULL),
 (590,NULL,'http://kramnica.com',NULL),
 (591,NULL,'http://www.abrand.com.ua',NULL),
 (592,NULL,'http://planetagps.com',NULL),
 (593,NULL,'http://www.cyfrovychok.ua',NULL),
 (594,NULL,'http://clean-bt.com.ua',NULL),
 (595,NULL,'http://www.moyo.ua',NULL),
 (596,NULL,'http://promobitel.com',NULL),
 (597,NULL,'http://nasvyazi.com.ua',NULL),
 (598,NULL,'http://www.sokol.ua',NULL),
 (599,NULL,'http://kolibri.com.ua',NULL),
 (600,NULL,'http://dipro.com.ua',NULL),
 (601,NULL,'http://www.listar.com.ua',NULL),
 (602,NULL,'http://avtozvuk.ua',NULL),
 (603,NULL,'http://www.nkt.ua',NULL),
 (604,NULL,'http://www.freeshop.com.ua',NULL),
 (605,NULL,'http://www.climatica.com.ua',NULL),
 (606,NULL,'http://superprice.com.ua',NULL),
 (607,NULL,'http://buytut.com',NULL),
 (608,NULL,'http://asvtrade.com.ua',NULL),
 (609,NULL,'http://www.laptoper.com.ua',NULL),
 (610,NULL,'http://repka.ua',NULL),
 (611,NULL,'http://sotex.com.ua',NULL),
 (612,NULL,'http://macbox.com.ua',NULL),
 (613,NULL,'http://adelan.kiev.ua',NULL),
 (614,NULL,'http://optovichok.net.ua',NULL),
 (615,NULL,'http://www.chibis.ua',NULL),
 (616,NULL,'http://newbest.org.ua',NULL),
 (617,NULL,'http://gps.com.ua/',NULL),
 (618,NULL,'http://www.duhovka.kiev.ua',NULL),
 (619,NULL,'http://002.kiev.ua',NULL),
 (620,NULL,'http://st.ua',NULL),
 (621,NULL,'http://www.gsl.ua',NULL),
 (622,NULL,'http://www.novatrade.com.ua',NULL),
 (623,NULL,'http://www.bosch-siemens.com.ua',NULL),
 (624,NULL,'http://707.com.ua',NULL),
 (625,NULL,'http://www.karamelka.com.ua',NULL),
 (626,NULL,'http://sweetprice.com.ua',NULL),
 (627,NULL,'http://bestsound.kiev.ua',NULL),
 (628,NULL,'http://www.abtech.kiev.ua',NULL),
 (629,NULL,'http://www.aidatreyd.com.ua',NULL),
 (630,NULL,'http://autosayt.com.ua',NULL),
 (631,NULL,'http://allprojectors.com.ua',NULL),
 (632,NULL,'http://www.b2.com.ua',NULL),
 (633,NULL,'http://www.all-shop.com.ua',NULL),
 (634,NULL,'http://www.autoaudio.com.ua',NULL),
 (635,NULL,'http://www.24.com.ua',NULL),
 (636,NULL,'http://www.automusic.com.ua',NULL),
 (637,NULL,'http://avshop.ua',NULL),
 (638,NULL,'http://www.auvrora.com',NULL),
 (639,NULL,'http://xtrade.kiev.ua',NULL),
 (640,NULL,'http://www.tehnoinet.com.ua',NULL),
 (641,NULL,'http://www.deltacom.com.ua',NULL),
 (642,NULL,'http://www.cyfromir.com.ua',NULL),
 (643,NULL,'http://www.tcshop.com.ua',NULL),
 (644,NULL,'http://zumer.com.ua',NULL),
 (645,NULL,'http://www.notus.com.ua',NULL),
 (646,NULL,'http://www.panasonic-shop.kiev.ua',NULL),
 (647,NULL,'http://www.digiman.com.ua',NULL),
 (648,NULL,'http://texliniya.com.ua',NULL),
 (649,NULL,'http://www.leader.net.ua',NULL),
 (650,NULL,'http://www.voltex.com.ua',NULL),
 (651,NULL,'http://www.tehnocenter.com.ua',NULL),
 (652,NULL,'http://www.e7.com.ua',NULL),
 (653,NULL,'http://www.mshop.kiev.ua',NULL),
 (654,NULL,'http://www.pokupai.mobi',NULL),
 (655,NULL,'http://y.ua',NULL),
 (656,NULL,'http://torgline.com.ua',NULL),
 (657,NULL,'http://telemob.com.ua',NULL),
 (658,NULL,'http://www.technoline.com.ua',NULL),
 (659,NULL,'http://vodovorot.com.ua',NULL),
 (660,NULL,'http://tehnobit.com.ua',NULL),
 (661,NULL,'http://technotema.com',NULL),
 (662,NULL,'http://photo.ua',NULL),
 (663,NULL,'http://uniquestore.com.ua',NULL),
 (664,NULL,'http://telekvartal.com.ua',NULL),
 (665,NULL,'http://www.goodmarket.com.ua',NULL),
 (666,NULL,'http://vodonagrevateli.com.ua',NULL),
 (667,NULL,'http://www.mkbt.com.ua/',NULL),
 (668,NULL,'http://fotomag.com.ua',NULL),
 (669,NULL,'http://vybire.com.ua',NULL),
 (670,NULL,'http://www.magazin.com.ua',NULL),
 (671,NULL,'http://fotos.ua',NULL),
 (672,NULL,'http://www.telephone.net.ua',NULL),
 (673,NULL,'http://technolife.kiev.ua',NULL),
 (674,NULL,'http://www.cezar.ua',NULL),
 (675,NULL,'http://www.itop.com.ua',NULL),
 (676,NULL,'http://tehnohaza.kiev.ua',NULL),
 (677,NULL,'http://www.holodok.com.ua',NULL),
 (678,NULL,'http://www.technosell.com.ua',NULL),
 (679,NULL,'http://www.fotosale.com.ua',NULL),
 (680,NULL,'http://www.plasma-lcd.com.ua/',NULL),
 (681,NULL,'http://www.technomir.com.ua',NULL),
 (682,NULL,'http://www.electromarket.com.ua',NULL),
 (683,NULL,'http://www.electrohata.kiev.ua',NULL),
 (684,NULL,'http://www.karre.com.ua',NULL),
 (685,NULL,'http://www.mshara.com.ua',NULL),
 (686,NULL,'http://www.telemag.com.ua',NULL),
 (687,NULL,'http://tehnokomfort.com.ua',NULL),
 (688,NULL,'http://www.tehkom.com.ua',NULL),
 (689,NULL,'http://vodopad.kiev.ua',NULL),
 (690,NULL,'http://vipproduct.com.ua/',NULL),
 (691,NULL,'http://www.t-trade.com.ua',NULL),
 (692,NULL,'http://www.sanford.com.ua',NULL),
 (693,NULL,'http://maximart.net',NULL),
 (694,NULL,'http://www.mshop.in.ua',NULL),
 (695,NULL,'http://www.foto.ua',NULL),
 (696,NULL,'http://www.eldorado.com.ua',NULL),
 (697,NULL,'http://www.instep.com.ua',NULL),
 (698,NULL,'http://www.uth.com.ua',NULL),
 (699,NULL,'http://digi.com.ua',NULL),
 (700,NULL,'http://www.transformer.ua',NULL),
 (701,NULL,'http://www.mexter.com.ua',NULL),
 (702,NULL,'http://toptorg.com.ua',NULL),
 (703,NULL,'http://www.tehniks.com.ua',NULL),
 (704,NULL,'http://dexline.com.ua/',NULL),
 (705,NULL,'http://www.island.com.ua',NULL),
 (706,NULL,'http://tehnoyarmarok.bigbord.net',NULL),
 (707,NULL,'http://drobak.com.ua',NULL),
 (708,NULL,'http://www.gsm-ka.com.ua',NULL),
 (709,NULL,'http://www.digita.com.ua',NULL),
 (710,NULL,'http://tehnoroom.com.ua',NULL),
 (711,NULL,'http://www.winauto.in.ua',NULL),
 (712,NULL,'http://citycom.ua',NULL),
 (713,NULL,'http://www.portamix.com.ua',NULL),
 (714,NULL,'http://torzhok.com.ua',NULL),
 (715,NULL,'http://tehnoulica.com.ua',NULL),
 (716,NULL,'http://www.gadgetstyle.com.ua',NULL),
 (717,NULL,'http://www.cbm.com.ua',NULL),
 (718,NULL,'http://bt-land.com.ua',NULL),
 (719,NULL,'http://www.best-shot.com.ua',NULL),
 (720,NULL,'http://digistok.com.ua',NULL),
 (721,NULL,'http://dom5.com.ua',NULL),
 (722,NULL,'http://belkashop.com.ua',NULL),
 (723,NULL,'http://www.3ona51.com/',NULL),
 (724,NULL,'http://www.climatshop.com.ua',NULL),
 (725,NULL,'http://www.044.com.ua',NULL),
 (726,NULL,'http://www.avmix.com.ua',NULL),
 (727,NULL,'http://b-smart.com.ua',NULL),
 (728,NULL,'http://delonghi-market.com',NULL),
 (729,NULL,'http://domino-shop.com.ua',NULL),
 (730,NULL,'http://www.diawest.com',NULL),
 (731,NULL,'http://www.acdc.kiev.ua',NULL),
 (732,NULL,'http://www.displanet.com.ua',NULL),
 (733,NULL,'http://ciscosb.com.ua',NULL),
 (734,NULL,'http://www.cifrovik.com.ua',NULL),
 (735,NULL,'http://iphone.in.ua',NULL),
 (736,NULL,'http://fialca.com.ua',NULL),
 (737,NULL,'http://gpsgarmin.kiev.ua',NULL),
 (738,NULL,'http://happybuy.com.ua',NULL),
 (739,NULL,'http://www.gefest.com.ua',NULL),
 (740,NULL,'http://www.fotoshop.ua',NULL),
 (741,NULL,'http://www.e-trading.com.ua',NULL),
 (742,NULL,'http://elektrod.in.ua',NULL),
 (743,NULL,'http://www.e-on.com.ua',NULL),
 (744,NULL,'http://www.fortyna.com.ua',NULL),
 (745,NULL,'http://hadros.com.ua',NULL),
 (746,NULL,'http://www.itkom.com.ua',NULL),
 (747,NULL,'http://www.igromarket.com.ua',NULL),
 (748,NULL,'http://it-sklad.in.ua',NULL),
 (749,NULL,'http://e-on.ua',NULL),
 (750,NULL,'http://www.ibit.com.ua',NULL),
 (751,NULL,'http://it-shop.co.ua',NULL),
 (752,NULL,'http://www.mirmobilok.com.ua',NULL),
 (753,NULL,'http://viptrade.com.ua',NULL),
 (754,NULL,'http://osminog.com.ua',NULL),
 (755,NULL,'http://www.topmobila.com.ua',NULL),
 (756,NULL,'http://www.tehnostar.com.ua',NULL),
 (757,NULL,'http://www.slig.com.ua',NULL),
 (758,NULL,'http://robotronic.com.ua',NULL),
 (759,NULL,'http://mobihata.kiev.ua',NULL),
 (760,NULL,'http://www.pro-holod.kiev.ua',NULL),
 (761,NULL,'http://komora.com.ua',NULL),
 (762,NULL,'http://www.toxic.com.ua',NULL),
 (763,NULL,'http://vareos.com.ua',NULL),
 (764,NULL,'http://www.kam.in.ua',NULL),
 (765,NULL,'http://www.telik.com.ua',NULL),
 (766,NULL,'http://www.videosvit.com.ua',NULL),
 (767,NULL,'http://mir-audio.com.ua',NULL),
 (768,NULL,'http://syndyk.kiev.ua',NULL),
 (769,NULL,'http://www.portativ.org.ua',NULL),
 (770,NULL,'http://superok.com.ua',NULL),
 (771,NULL,'http://www.tehnomix.kiev.ua',NULL),
 (772,NULL,'http://nazakaz.com.ua',NULL),
 (773,NULL,'http://liebherr.kiev.ua',NULL),
 (774,NULL,'http://prometei.com.ua',NULL),
 (775,NULL,'http://lcd-tochka.kiev.ua',NULL),
 (776,NULL,'http://santik.com.ua',NULL),
 (777,NULL,'http://pandashop.com.ua',NULL),
 (778,NULL,'http://www.mobitrade.ua',NULL),
 (779,NULL,'http://www.profi777.com.ua',NULL),
 (780,NULL,'http://texnolux.com',NULL),
 (781,NULL,'http://www.tehnobest.com',NULL),
 (782,NULL,'http://www.neotrade.com.ua',NULL),
 (783,NULL,'http://www.microclimat.com.ua',NULL),
 (784,NULL,'http://shara.ua',NULL),
 (785,NULL,'http://notebook.ua',NULL),
 (786,NULL,'http://mzona.kiev.ua',NULL),
 (787,NULL,'http://sho.com.ua',NULL),
 (788,NULL,'http://liebherr-shop.com.ua',NULL),
 (789,NULL,'http://perestrojka.com.ua',NULL),
 (790,NULL,'http://www.megastar.com.ua',NULL),
 (791,NULL,'http://www.sonymarket.com.ua',NULL),
 (792,NULL,'http://kaktys.com.ua',NULL),
 (793,NULL,'http://www.sermobile.com.ua',NULL),
 (794,NULL,'http://www.vectra.com.ua',NULL),
 (795,NULL,'http://www.stealthcomp.com',NULL),
 (796,NULL,'http://www.telek.net.ua',NULL),
 (797,NULL,'http://mobilife.com.ua',NULL),
 (798,NULL,'http://www.phoneline.com.ua',NULL),
 (799,NULL,'http://www.vint.com.ua',NULL),
 (800,NULL,'http://www.mobiplus.com.ua',NULL),
 (801,NULL,'http://mirka.com.ua',NULL),
 (802,NULL,'http://proteh.com.ua',NULL),
 (803,NULL,'http://mobidrive.com.ua',NULL),
 (804,NULL,'http://webshara.com.ua',NULL),
 (805,NULL,'http://www.plazmatex.com.ua',NULL),
 (806,NULL,'http://medialider.com.ua',NULL),
 (807,NULL,'http://mobiice.com.ua',NULL),
 (808,NULL,'http://sofi.kiev.ua',NULL),
 (809,NULL,'http://megabyte.kiev.ua',NULL),
 (810,NULL,'http://speedway.in.ua',NULL),
 (811,NULL,'http://topbt.com.ua',NULL),
 (812,NULL,'http://www.novatek.com.ua',NULL),
 (813,NULL,'http://tehnodomik.com.ua',NULL),
 (814,NULL,'http://www.optimart.ua',NULL),
 (815,NULL,'http://usa-techniks.com.ua',NULL),
 (816,NULL,'http://www.soundmaster.com.ua',NULL),
 (817,NULL,'http://mobisklad.com.ua',NULL),
 (818,NULL,'http://www.matrix.ua',NULL),
 (819,NULL,'http://www.lcdshop.com.ua',NULL),
 (820,NULL,'http://www.xshop.ua',NULL),
 (821,NULL,'http://www.panasonic-plaza.ua',NULL),
 (822,NULL,'http://www.technozuk.com.ua',NULL),
 (823,NULL,'http://siemens-ukraine.com.ua',NULL),
 (824,NULL,'http://www.sklad-bt.com.ua',NULL),
 (825,NULL,'http://vstroyka.net.ua',NULL),
 (826,NULL,'http://www.telex.com.ua',NULL),
 (827,NULL,'http://www.viptehnika.com.ua',NULL),
 (828,NULL,'http://shop.kenwood.ua',NULL),
 (829,NULL,'http://nevo.com.ua',NULL);
/*!40000 ALTER TABLE `shop_list` ENABLE KEYS */;


--
-- Definition of table `users`
--

DROP TABLE IF EXISTS `users`;
CREATE TABLE `users` (
  `id` int(10) unsigned NOT NULL AUTO_INCREMENT,
  `name` varchar(50) DEFAULT NULL,
  `user_login` varchar(50) DEFAULT NULL,
  `user_password` varchar(50) DEFAULT NULL,
  PRIMARY KEY (`id`)
) ENGINE=InnoDB AUTO_INCREMENT=2 DEFAULT CHARSET=cp1251;

--
-- Dumping data for table `users`
--

/*!40000 ALTER TABLE `users` DISABLE KEYS */;
INSERT INTO `users` (`id`,`name`,`user_login`,`user_password`) VALUES 
 (1,'admin','admin','admin');
/*!40000 ALTER TABLE `users` ENABLE KEYS */;




/*!40101 SET SQL_MODE=@OLD_SQL_MODE */;
/*!40014 SET FOREIGN_KEY_CHECKS=@OLD_FOREIGN_KEY_CHECKS */;
/*!40014 SET UNIQUE_CHECKS=@OLD_UNIQUE_CHECKS */;
/*!40101 SET CHARACTER_SET_CLIENT=@OLD_CHARACTER_SET_CLIENT */;
/*!40101 SET CHARACTER_SET_RESULTS=@OLD_CHARACTER_SET_RESULTS */;
/*!40101 SET COLLATION_CONNECTION=@OLD_COLLATION_CONNECTION */;
/*!40101 SET CHARACTER_SET_CLIENT=@OLD_CHARACTER_SET_CLIENT */;
