-- MySQL Administrator dump 1.4
--
-- ------------------------------------------------------
-- Server version	5.1.39-community


/*!40101 SET @OLD_CHARACTER_SET_CLIENT=@@CHARACTER_SET_CLIENT */;
/*!40101 SET @OLD_CHARACTER_SET_RESULTS=@@CHARACTER_SET_RESULTS */;
/*!40101 SET @OLD_COLLATION_CONNECTION=@@COLLATION_CONNECTION */;
/*!40101 SET NAMES utf8 */;

/*!40014 SET @OLD_UNIQUE_CHECKS=@@UNIQUE_CHECKS, UNIQUE_CHECKS=0 */;
/*!40014 SET @OLD_FOREIGN_KEY_CHECKS=@@FOREIGN_KEY_CHECKS, FOREIGN_KEY_CHECKS=0 */;
/*!40101 SET @OLD_SQL_MODE=@@SQL_MODE, SQL_MODE='NO_AUTO_VALUE_ON_ZERO' */;


--
-- Create schema shop_list_reestr
--

CREATE DATABASE IF NOT EXISTS shop_list_reestr;
USE shop_list_reestr;

--
-- Definition of table `kind`
--

DROP TABLE IF EXISTS `kind`;
CREATE TABLE `kind` (
  `id` int(10) unsigned NOT NULL AUTO_INCREMENT,
  `name` varchar(45) NOT NULL,
  PRIMARY KEY (`id`)
) ENGINE=InnoDB AUTO_INCREMENT=5 DEFAULT CHARSET=cp1251;

--
-- Dumping data for table `kind`
--

/*!40000 ALTER TABLE `kind` DISABLE KEYS */;
INSERT INTO `kind` (`id`,`name`) VALUES 
 (1,'Распарсенные'),
 (2,'В очереди на обработку'),
 (3,'Доработать'),
 (4,'Ошибка парсинга');
/*!40000 ALTER TABLE `kind` ENABLE KEYS */;


--
-- Definition of table `kind_description`
--

DROP TABLE IF EXISTS `kind_description`;
CREATE TABLE `kind_description` (
  `id` int(10) unsigned NOT NULL AUTO_INCREMENT,
  `id_kind` int(10) unsigned NOT NULL,
  `description` varchar(255) NOT NULL,
  PRIMARY KEY (`id`)
) ENGINE=InnoDB AUTO_INCREMENT=33 DEFAULT CHARSET=cp1251;

--
-- Dumping data for table `kind_description`
--

/*!40000 ALTER TABLE `kind_description` DISABLE KEYS */;
INSERT INTO `kind_description` (`id`,`id_kind`,`description`) VALUES 
 (1,2,'high'),
 (2,2,'normal'),
 (3,2,'low'),
 (4,1,'успешно'),
 (5,2,'very important'),
 (6,4,'перебрасывает на другой ресурс'),
 (7,3,'нужен ли товар ?'),
 (8,4,'сложности с перемещением между страницами'),
 (9,4,'не Киев'),
 (10,3,'very hard'),
 (11,3,'COOKIE'),
 (12,3,'сложности с перемещением между страницами'),
 (13,4,'не рабочий'),
 (14,3,'сложности с анализом разделов'),
 (15,4,'мало товара, либо же заброшен'),
 (16,3,'нестандартный'),
 (17,3,'сложности с получением позиций'),
 (18,3,'фреймовая структура'),
 (19,3,'цены в евро'),
 (20,3,'!!! На данном примере можно попробовать уловить разницу в ParserCreator и в TempParser'),
 (21,3,'Ajax'),
 (22,3,'пустые записи'),
 (23,4,'не торговый'),
 (24,4,'нет цен'),
 (25,4,'каталог'),
 (26,4,'нет товаров'),
 (27,3,'сваливает JVM'),
 (28,3,'одна страница с прайсом'),
 (29,3,'Rar архив'),
 (30,4,'плохой HTML код'),
 (31,4,'сваливает JVM'),
 (32,4,'ошибка в формировании прайса');
/*!40000 ALTER TABLE `kind_description` ENABLE KEYS */;


--
-- Definition of table `site_state`
--

DROP TABLE IF EXISTS `site_state`;
CREATE TABLE `site_state` (
  `id` int(10) unsigned NOT NULL AUTO_INCREMENT,
  `id_site` int(10) unsigned NOT NULL,
  `is_last` int(10) unsigned NOT NULL,
  `date_write` timestamp NOT NULL DEFAULT CURRENT_TIMESTAMP,
  `id_kind_descriptor` int(10) unsigned NOT NULL,
  PRIMARY KEY (`id`)
) ENGINE=InnoDB AUTO_INCREMENT=2407 DEFAULT CHARSET=cp1251;

--
-- Dumping data for table `site_state`
--

/*!40000 ALTER TABLE `site_state` DISABLE KEYS */;
INSERT INTO `site_state` (`id`,`id_site`,`is_last`,`date_write`,`id_kind_descriptor`) VALUES 
 (1,3,0,'2010-12-30 22:01:22',3),
 (2,3,0,'2011-01-12 20:43:50',2),
 (3,3,0,'2011-01-12 20:45:22',5),
 (4,3,1,'2011-01-12 22:08:14',4),
 (5,7,0,'2011-01-12 23:51:09',1),
 (6,7,1,'2011-01-12 23:51:39',3),
 (7,8,1,'2011-01-13 13:19:08',3),
 (8,9,1,'2011-01-13 13:19:08',3),
 (9,10,1,'2011-01-13 13:19:08',3),
 (10,11,1,'2011-01-13 13:19:08',3),
 (11,12,1,'2011-01-13 13:19:08',3),
 (12,13,1,'2011-01-13 13:19:08',3),
 (13,14,1,'2011-01-13 13:19:08',3),
 (14,15,1,'2011-01-13 13:19:09',3),
 (15,16,1,'2011-01-13 13:19:09',3),
 (16,17,1,'2011-01-13 13:19:09',3),
 (17,18,1,'2011-01-13 13:19:09',3),
 (18,19,1,'2011-01-13 13:19:09',3),
 (19,20,1,'2011-01-13 13:19:09',3),
 (20,21,1,'2011-01-13 13:19:09',3),
 (21,22,1,'2011-01-13 13:19:09',3),
 (22,23,1,'2011-01-13 13:19:09',3),
 (23,24,1,'2011-01-13 13:19:09',3),
 (24,25,1,'2011-01-13 13:19:09',3),
 (25,26,1,'2011-01-13 13:19:09',3),
 (26,27,1,'2011-01-13 13:19:09',3),
 (27,28,1,'2011-01-13 13:19:09',3),
 (28,29,1,'2011-01-13 13:19:09',3),
 (29,30,1,'2011-01-13 13:19:09',3),
 (30,31,1,'2011-01-13 13:19:09',3),
 (31,32,1,'2011-01-13 13:19:09',3),
 (32,33,1,'2011-01-13 13:19:09',3),
 (33,34,1,'2011-01-13 13:19:09',3),
 (34,35,1,'2011-01-13 13:19:09',3),
 (35,36,1,'2011-01-13 13:19:09',3),
 (36,37,1,'2011-01-13 13:19:09',3),
 (37,38,1,'2011-01-13 13:19:09',3),
 (38,39,1,'2011-01-13 13:19:09',3),
 (39,40,1,'2011-01-13 13:19:10',3),
 (40,41,1,'2011-01-13 13:19:10',3),
 (41,42,1,'2011-01-13 13:19:10',3),
 (42,43,1,'2011-01-13 13:19:10',3),
 (43,44,1,'2011-01-13 13:19:10',3),
 (44,45,1,'2011-01-13 13:19:10',3),
 (45,46,1,'2011-01-13 13:19:10',3),
 (46,47,1,'2011-01-13 13:19:10',3),
 (47,48,1,'2011-01-13 13:19:10',3),
 (48,49,1,'2011-01-13 13:19:10',3),
 (49,50,1,'2011-01-13 13:19:10',3),
 (50,51,1,'2011-01-13 13:19:10',3),
 (51,52,1,'2011-01-13 13:19:10',3),
 (52,53,1,'2011-01-13 13:19:10',3),
 (53,54,1,'2011-01-13 13:19:10',3),
 (54,55,1,'2011-01-13 13:19:10',3),
 (55,56,1,'2011-01-13 13:19:10',3),
 (56,57,1,'2011-01-13 13:19:10',3),
 (57,58,1,'2011-01-13 13:19:10',3),
 (58,59,1,'2011-01-13 13:19:10',3),
 (59,60,1,'2011-01-13 13:19:10',3),
 (60,61,1,'2011-01-13 13:19:10',3),
 (61,62,1,'2011-01-13 13:19:10',3),
 (62,63,1,'2011-01-13 13:19:11',3),
 (63,64,1,'2011-01-13 13:19:11',3),
 (64,65,1,'2011-01-13 13:19:11',3),
 (65,66,1,'2011-01-13 13:19:11',3),
 (66,67,1,'2011-01-13 13:19:11',3),
 (67,68,1,'2011-01-13 13:19:11',3),
 (68,69,1,'2011-01-13 13:19:11',3),
 (69,70,1,'2011-01-13 13:19:11',3),
 (70,71,1,'2011-01-13 13:19:11',3),
 (71,72,1,'2011-01-13 13:19:11',3),
 (72,73,1,'2011-01-13 13:19:11',3),
 (73,74,1,'2011-01-13 13:19:11',3),
 (74,75,1,'2011-01-13 13:19:11',3),
 (75,76,1,'2011-01-13 13:19:11',3),
 (76,77,1,'2011-01-13 13:19:11',3),
 (77,78,1,'2011-01-13 13:19:11',3),
 (78,79,1,'2011-01-13 13:19:11',3),
 (79,80,1,'2011-01-13 13:19:11',3),
 (80,81,1,'2011-01-13 13:19:11',3),
 (81,82,1,'2011-01-13 13:19:11',3),
 (82,83,1,'2011-01-13 13:19:11',3),
 (83,84,1,'2011-01-13 13:19:11',3),
 (84,85,1,'2011-01-13 13:19:11',3),
 (85,86,1,'2011-01-13 13:19:11',3),
 (86,87,1,'2011-01-13 13:19:12',3),
 (87,88,1,'2011-01-13 13:19:12',3),
 (88,89,1,'2011-01-13 13:19:12',3),
 (89,90,1,'2011-01-13 13:19:12',3),
 (90,91,1,'2011-01-13 13:19:12',3),
 (91,92,1,'2011-01-13 13:19:12',3),
 (92,93,1,'2011-01-13 13:19:12',3),
 (93,94,1,'2011-01-13 13:19:12',3),
 (94,95,1,'2011-01-13 13:19:12',3),
 (95,96,1,'2011-01-13 13:19:12',3),
 (96,97,1,'2011-01-13 13:19:12',3),
 (97,98,1,'2011-01-13 13:19:12',3),
 (98,99,1,'2011-01-13 13:19:12',3),
 (99,100,1,'2011-01-13 13:19:12',3),
 (100,101,1,'2011-01-13 13:19:12',3),
 (101,102,1,'2011-01-13 13:19:12',3),
 (102,103,1,'2011-01-13 13:19:12',3),
 (103,104,1,'2011-01-13 13:19:12',3),
 (104,105,1,'2011-01-13 13:19:12',3),
 (105,106,1,'2011-01-13 13:19:12',3),
 (106,107,1,'2011-01-13 13:19:12',3),
 (107,108,1,'2011-01-13 13:19:12',3),
 (108,109,1,'2011-01-13 13:19:12',3),
 (109,110,1,'2011-01-13 13:19:12',3),
 (110,111,1,'2011-01-13 13:19:13',3),
 (111,112,1,'2011-01-13 13:19:13',3),
 (112,113,1,'2011-01-13 13:19:13',3),
 (113,114,1,'2011-01-13 13:19:13',3),
 (114,115,1,'2011-01-13 13:19:13',3),
 (115,116,1,'2011-01-13 13:19:13',3),
 (116,117,1,'2011-01-13 13:19:13',3),
 (117,118,1,'2011-01-13 13:19:13',3),
 (118,119,1,'2011-01-13 13:19:13',3),
 (119,120,1,'2011-01-13 13:19:13',3),
 (120,121,1,'2011-01-13 13:19:13',3),
 (121,122,1,'2011-01-13 13:19:13',3),
 (122,123,1,'2011-01-13 13:19:13',3),
 (123,124,1,'2011-01-13 13:19:13',3),
 (124,125,1,'2011-01-13 13:19:13',3),
 (125,126,1,'2011-01-13 13:19:13',3),
 (126,127,1,'2011-01-13 13:19:13',3),
 (127,128,1,'2011-01-13 13:19:13',3),
 (128,129,1,'2011-01-13 13:19:13',3),
 (129,130,1,'2011-01-13 13:19:13',3),
 (130,131,1,'2011-01-13 13:19:13',3),
 (131,132,1,'2011-01-13 13:19:13',3),
 (132,133,1,'2011-01-13 13:19:13',3),
 (133,134,1,'2011-01-13 13:19:13',3),
 (134,135,1,'2011-01-13 13:19:13',3),
 (135,136,1,'2011-01-13 13:19:14',3),
 (136,137,1,'2011-01-13 13:19:14',3),
 (137,138,1,'2011-01-13 13:19:14',3),
 (138,139,1,'2011-01-13 13:19:14',3),
 (139,140,1,'2011-01-13 13:19:14',3),
 (140,141,1,'2011-01-13 13:19:14',3),
 (141,142,1,'2011-01-13 13:19:14',3),
 (142,143,1,'2011-01-13 13:19:14',3),
 (143,144,1,'2011-01-13 13:19:14',3),
 (144,145,1,'2011-01-13 13:19:14',3),
 (145,146,1,'2011-01-13 13:19:14',3),
 (146,147,1,'2011-01-13 13:19:14',3),
 (147,148,1,'2011-01-13 13:19:14',3),
 (148,149,1,'2011-01-13 13:19:14',3),
 (149,150,1,'2011-01-13 13:19:14',3),
 (150,151,1,'2011-01-13 13:19:14',3),
 (151,152,1,'2011-01-13 13:19:14',3),
 (152,153,1,'2011-01-13 13:19:14',3),
 (153,154,1,'2011-01-13 13:19:14',3),
 (154,155,1,'2011-01-13 13:19:14',3),
 (155,156,1,'2011-01-13 13:19:14',3),
 (156,157,1,'2011-01-13 13:19:14',3),
 (157,158,1,'2011-01-13 13:19:14',3),
 (158,159,1,'2011-01-13 13:19:14',3),
 (159,160,1,'2011-01-13 13:19:15',3),
 (160,161,1,'2011-01-13 13:19:15',3),
 (161,162,1,'2011-01-13 13:19:15',3),
 (162,163,1,'2011-01-13 13:19:15',3),
 (163,164,1,'2011-01-13 13:19:15',3),
 (164,165,1,'2011-01-13 13:19:15',3),
 (165,166,1,'2011-01-13 13:19:15',3),
 (166,167,1,'2011-01-13 13:19:15',3),
 (167,168,1,'2011-01-13 13:19:15',3),
 (168,169,1,'2011-01-13 13:19:15',3),
 (169,170,1,'2011-01-13 13:19:15',3),
 (170,171,1,'2011-01-13 13:19:15',3),
 (171,172,1,'2011-01-13 13:19:15',3),
 (172,173,1,'2011-01-13 13:19:15',3),
 (173,174,1,'2011-01-13 13:19:15',3),
 (174,175,1,'2011-01-13 13:19:15',3),
 (175,176,1,'2011-01-13 13:19:15',3),
 (176,177,1,'2011-01-13 13:19:15',3),
 (177,178,1,'2011-01-13 13:19:15',3),
 (178,179,1,'2011-01-13 13:19:15',3),
 (179,180,1,'2011-01-13 13:19:15',3),
 (180,181,1,'2011-01-13 13:19:15',3),
 (181,182,1,'2011-01-13 13:19:15',3),
 (182,183,1,'2011-01-13 13:19:15',3),
 (183,184,1,'2011-01-13 13:19:16',3),
 (184,185,1,'2011-01-13 13:19:16',3),
 (185,186,1,'2011-01-13 13:19:16',3),
 (186,187,1,'2011-01-13 13:19:16',3),
 (187,188,1,'2011-01-13 13:19:16',3),
 (188,189,1,'2011-01-13 13:19:16',3),
 (189,190,1,'2011-01-13 13:19:16',3),
 (190,191,1,'2011-01-13 13:19:16',3),
 (191,192,1,'2011-01-13 13:19:16',3),
 (192,193,1,'2011-01-13 13:19:16',3),
 (193,194,1,'2011-01-13 13:19:16',3),
 (194,195,1,'2011-01-13 13:19:16',3),
 (195,196,1,'2011-01-13 13:19:16',3),
 (196,197,1,'2011-01-13 13:19:16',3),
 (197,198,1,'2011-01-13 13:19:16',3),
 (198,199,1,'2011-01-13 13:19:16',3),
 (199,200,1,'2011-01-13 13:19:16',3),
 (200,201,1,'2011-01-13 13:19:16',3),
 (201,202,1,'2011-01-13 13:19:16',3),
 (202,203,1,'2011-01-13 13:19:16',3),
 (203,204,1,'2011-01-13 13:19:16',3),
 (204,205,1,'2011-01-13 13:19:16',3),
 (205,206,1,'2011-01-13 13:19:16',3),
 (206,207,1,'2011-01-13 13:19:16',3),
 (207,208,1,'2011-01-13 13:19:17',3),
 (208,209,1,'2011-01-13 13:19:17',3),
 (209,210,1,'2011-01-13 13:19:17',3),
 (210,211,1,'2011-01-13 13:19:17',3),
 (211,212,1,'2011-01-13 13:19:17',3),
 (212,213,1,'2011-01-13 13:19:17',3),
 (213,214,1,'2011-01-13 13:19:17',3),
 (214,215,1,'2011-01-13 13:19:17',3),
 (215,216,1,'2011-01-13 13:19:17',3),
 (216,217,1,'2011-01-13 13:19:17',3),
 (217,218,1,'2011-01-13 13:19:17',3),
 (218,219,1,'2011-01-13 13:19:17',3),
 (219,220,1,'2011-01-13 13:19:17',3),
 (220,221,1,'2011-01-13 13:19:17',3),
 (221,222,1,'2011-01-13 13:19:17',3),
 (222,223,1,'2011-01-13 13:19:17',3),
 (223,224,1,'2011-01-13 13:19:17',3),
 (224,225,1,'2011-01-13 13:19:17',3),
 (225,226,1,'2011-01-13 13:19:17',3),
 (226,227,1,'2011-01-13 13:19:17',3),
 (227,228,1,'2011-01-13 13:19:17',3),
 (228,229,1,'2011-01-13 13:19:17',3),
 (229,230,1,'2011-01-13 13:19:17',3),
 (230,231,1,'2011-01-13 13:19:17',3),
 (231,232,1,'2011-01-13 13:19:18',3),
 (232,233,1,'2011-01-13 13:19:18',3),
 (233,234,1,'2011-01-13 13:19:18',3),
 (234,235,1,'2011-01-13 13:19:18',3),
 (235,236,1,'2011-01-13 13:19:18',3),
 (236,237,1,'2011-01-13 13:19:18',3),
 (237,238,1,'2011-01-13 13:19:18',3),
 (238,239,1,'2011-01-13 13:19:18',3),
 (239,240,1,'2011-01-13 13:19:18',3),
 (240,241,1,'2011-01-13 13:19:18',3),
 (241,242,1,'2011-01-13 13:19:18',3),
 (242,243,1,'2011-01-13 13:19:18',3),
 (243,244,1,'2011-01-13 13:19:18',3),
 (244,245,1,'2011-01-13 13:19:18',3),
 (245,246,1,'2011-01-13 13:19:18',6),
 (246,247,1,'2011-01-13 13:19:18',7),
 (247,248,1,'2011-01-13 13:19:18',7),
 (248,249,1,'2011-01-13 13:19:18',8),
 (249,250,1,'2011-01-13 13:19:18',7),
 (250,251,1,'2011-01-13 13:19:18',9),
 (251,252,1,'2011-01-13 13:19:18',7),
 (252,253,1,'2011-01-13 13:19:18',7),
 (253,254,1,'2011-01-13 13:19:19',10),
 (254,255,1,'2011-01-13 13:19:19',11),
 (255,256,1,'2011-01-13 13:19:19',7),
 (256,257,1,'2011-01-13 13:19:19',7),
 (257,258,1,'2011-01-13 13:19:19',9),
 (258,259,1,'2011-01-13 13:19:19',7),
 (259,260,1,'2011-01-13 13:19:19',12),
 (260,261,1,'2011-01-13 13:19:19',7),
 (261,262,1,'2011-01-13 13:19:19',13),
 (262,263,1,'2011-01-13 13:19:19',14),
 (263,264,1,'2011-01-13 13:19:19',7),
 (264,265,1,'2011-01-13 13:19:19',14),
 (265,266,1,'2011-01-13 13:19:19',11),
 (266,267,1,'2011-01-13 13:19:19',7),
 (267,268,1,'2011-01-13 13:19:19',7),
 (268,269,1,'2011-01-13 13:19:19',15),
 (269,270,1,'2011-01-13 13:19:19',7),
 (270,271,1,'2011-01-13 13:19:19',7),
 (271,272,1,'2011-01-13 13:19:19',15),
 (272,273,1,'2011-01-13 13:19:19',16),
 (273,274,1,'2011-01-13 13:19:19',14),
 (274,275,1,'2011-01-13 13:19:20',11),
 (275,276,1,'2011-01-13 13:19:20',15),
 (276,277,1,'2011-01-13 13:19:20',14),
 (277,278,1,'2011-01-13 13:19:20',14),
 (278,279,1,'2011-01-13 13:19:20',17),
 (279,280,1,'2011-01-13 13:19:20',9),
 (280,281,1,'2011-01-13 13:19:20',15),
 (281,282,1,'2011-01-13 13:19:20',15),
 (282,283,1,'2011-01-13 13:19:20',15),
 (283,284,1,'2011-01-13 13:19:20',14),
 (284,285,1,'2011-01-13 13:19:20',14),
 (285,286,1,'2011-01-13 13:19:20',14),
 (286,287,1,'2011-01-13 13:19:20',15),
 (287,288,1,'2011-01-13 13:19:20',14),
 (288,289,1,'2011-01-13 13:19:20',15),
 (289,290,1,'2011-01-13 13:19:20',14),
 (290,291,1,'2011-01-13 13:19:20',17),
 (291,292,1,'2011-01-13 13:19:20',3),
 (292,293,1,'2011-01-13 13:19:20',18),
 (293,294,1,'2011-01-13 13:19:20',19),
 (294,295,1,'2011-01-13 13:19:20',7),
 (295,296,1,'2011-01-13 13:19:20',17),
 (296,297,1,'2011-01-13 13:19:20',7),
 (297,298,1,'2011-01-13 13:19:20',11),
 (298,299,1,'2011-01-13 13:19:21',20),
 (299,300,1,'2011-01-13 13:19:21',17),
 (300,301,1,'2011-01-13 13:19:21',15),
 (301,302,1,'2011-01-13 13:19:21',7),
 (302,303,1,'2011-01-13 13:19:21',17),
 (303,304,1,'2011-01-13 13:19:21',21),
 (304,305,1,'2011-01-13 13:19:21',15),
 (305,306,1,'2011-01-13 13:19:21',15),
 (306,307,1,'2011-01-13 13:19:21',22),
 (307,308,1,'2011-01-13 13:19:21',9),
 (308,309,1,'2011-01-13 13:19:21',14),
 (309,310,1,'2011-01-13 13:19:21',17),
 (310,311,1,'2011-01-13 13:19:21',7),
 (311,312,1,'2011-01-13 13:19:21',20),
 (312,313,1,'2011-01-13 13:19:21',7),
 (313,314,1,'2011-01-13 13:19:21',14),
 (314,315,1,'2011-01-13 13:19:21',7),
 (315,316,1,'2011-01-13 13:19:21',7),
 (316,317,1,'2011-01-13 13:19:21',15),
 (317,318,1,'2011-01-13 13:19:21',15),
 (318,319,1,'2011-01-13 13:19:21',7),
 (319,320,1,'2011-01-13 13:19:21',7),
 (320,321,1,'2011-01-13 13:19:21',17),
 (321,322,1,'2011-01-13 13:19:21',15),
 (322,323,1,'2011-01-13 13:19:22',9),
 (323,324,1,'2011-01-13 13:19:22',23),
 (324,325,1,'2011-01-13 13:19:22',13),
 (325,326,1,'2011-01-13 13:19:22',15),
 (326,327,1,'2011-01-13 13:19:22',24),
 (327,328,1,'2011-01-13 13:19:22',24),
 (328,329,1,'2011-01-13 13:19:22',24),
 (329,330,1,'2011-01-13 13:19:22',7),
 (330,331,1,'2011-01-13 13:19:22',7),
 (331,332,1,'2011-01-13 13:19:22',7),
 (332,333,1,'2011-01-13 13:19:22',24),
 (333,334,1,'2011-01-13 13:19:22',24),
 (334,335,1,'2011-01-13 13:19:22',6),
 (335,336,1,'2011-01-13 13:19:22',9),
 (336,337,1,'2011-01-13 13:19:22',9),
 (337,338,1,'2011-01-13 13:19:22',7),
 (338,339,1,'2011-01-13 13:19:22',7),
 (339,340,1,'2011-01-13 13:19:22',6),
 (340,341,1,'2011-01-13 13:19:22',6),
 (341,342,1,'2011-01-13 13:19:22',25),
 (342,343,1,'2011-01-13 13:19:22',26),
 (343,344,1,'2011-01-13 13:19:22',7),
 (344,345,1,'2011-01-13 13:19:22',24),
 (345,346,1,'2011-01-13 13:19:22',25),
 (346,347,1,'2011-01-13 13:19:23',26),
 (347,348,1,'2011-01-13 13:19:23',26),
 (348,349,1,'2011-01-13 13:19:23',24),
 (349,350,1,'2011-01-13 13:19:23',24),
 (350,351,1,'2011-01-13 13:19:23',13),
 (351,352,1,'2011-01-13 13:19:23',6),
 (352,353,1,'2011-01-13 13:19:23',9),
 (353,354,1,'2011-01-13 13:19:23',24),
 (354,355,1,'2011-01-13 13:19:23',7),
 (355,356,1,'2011-01-13 13:19:23',14),
 (356,357,1,'2011-01-13 13:19:23',7),
 (357,358,1,'2011-01-13 13:19:23',7),
 (358,359,1,'2011-01-13 13:19:23',7),
 (359,360,1,'2011-01-13 13:19:23',13),
 (360,361,1,'2011-01-13 13:19:23',12),
 (361,362,1,'2011-01-13 13:19:23',15),
 (362,363,1,'2011-01-13 13:19:23',7),
 (363,364,1,'2011-01-13 13:19:23',15),
 (364,365,1,'2011-01-13 13:19:23',7),
 (365,366,1,'2011-01-13 13:19:23',27),
 (366,367,1,'2011-01-13 13:19:23',28),
 (367,368,1,'2011-01-13 13:19:23',4),
 (368,369,1,'2011-01-13 13:19:23',4),
 (369,370,1,'2011-01-13 13:19:23',4),
 (370,371,1,'2011-01-13 13:19:24',4),
 (371,372,1,'2011-01-13 13:19:24',4),
 (372,373,1,'2011-01-13 13:19:24',4),
 (373,374,1,'2011-01-13 13:19:24',4),
 (374,375,1,'2011-01-13 13:19:24',4),
 (375,376,1,'2011-01-13 13:19:24',4),
 (376,377,1,'2011-01-13 13:19:24',4),
 (377,378,1,'2011-01-13 13:19:24',4),
 (378,379,1,'2011-01-13 13:19:24',4),
 (379,380,1,'2011-01-13 13:19:24',4),
 (380,381,1,'2011-01-13 13:19:24',4),
 (381,382,1,'2011-01-13 13:19:24',4),
 (382,383,1,'2011-01-13 13:19:24',4),
 (383,384,1,'2011-01-13 13:19:24',4),
 (384,385,1,'2011-01-13 13:19:24',4),
 (385,386,1,'2011-01-13 13:19:24',4),
 (386,387,1,'2011-01-13 13:19:24',4),
 (387,388,1,'2011-01-13 13:19:24',4),
 (388,389,1,'2011-01-13 13:19:24',4),
 (389,390,1,'2011-01-13 13:19:24',4),
 (390,391,1,'2011-01-13 13:19:24',4),
 (391,392,1,'2011-01-13 13:19:24',4),
 (392,393,1,'2011-01-13 13:19:24',4),
 (393,394,1,'2011-01-13 13:19:25',4),
 (394,395,1,'2011-01-13 13:19:25',4),
 (395,396,1,'2011-01-13 13:19:25',4),
 (396,397,1,'2011-01-13 13:19:25',4),
 (397,398,1,'2011-01-13 13:19:25',4),
 (398,399,1,'2011-01-13 13:19:25',4),
 (399,400,1,'2011-01-13 13:19:25',4),
 (400,401,1,'2011-01-13 13:19:25',4),
 (401,402,1,'2011-01-13 13:19:25',4),
 (402,403,1,'2011-01-13 13:19:25',4),
 (403,404,1,'2011-01-13 13:19:25',4),
 (404,405,1,'2011-01-13 13:19:25',4),
 (405,406,1,'2011-01-13 13:19:25',4),
 (406,407,1,'2011-01-13 13:19:25',4),
 (407,408,1,'2011-01-13 13:19:25',4),
 (408,409,1,'2011-01-13 13:19:25',4),
 (409,410,1,'2011-01-13 13:19:25',4),
 (410,411,1,'2011-01-13 13:19:25',4),
 (411,412,1,'2011-01-13 13:19:25',4),
 (412,413,1,'2011-01-13 13:19:25',4),
 (413,414,1,'2011-01-13 13:19:25',4),
 (414,415,1,'2011-01-13 13:19:25',4),
 (415,416,1,'2011-01-13 13:19:25',4),
 (416,417,1,'2011-01-13 13:19:26',4),
 (417,418,1,'2011-01-13 13:19:26',4),
 (418,419,1,'2011-01-13 13:19:26',4),
 (419,420,1,'2011-01-13 13:19:26',4),
 (420,421,1,'2011-01-13 13:19:26',4),
 (421,422,1,'2011-01-13 13:19:26',4),
 (422,423,1,'2011-01-13 13:19:26',4),
 (423,424,1,'2011-01-13 13:19:26',4),
 (424,425,1,'2011-01-13 13:19:26',4),
 (425,426,1,'2011-01-13 13:19:26',4),
 (426,427,1,'2011-01-13 13:19:26',4),
 (427,428,1,'2011-01-13 13:19:26',4),
 (428,429,1,'2011-01-13 13:19:26',4),
 (429,430,1,'2011-01-13 13:19:26',4),
 (430,431,1,'2011-01-13 13:19:26',4),
 (431,432,1,'2011-01-13 13:19:26',4),
 (432,433,1,'2011-01-13 13:19:26',4),
 (433,434,1,'2011-01-13 13:19:26',4),
 (434,435,1,'2011-01-13 13:19:26',4),
 (435,436,1,'2011-01-13 13:19:26',4),
 (436,437,1,'2011-01-13 13:19:26',4),
 (437,438,1,'2011-01-13 13:19:26',4),
 (438,439,1,'2011-01-13 13:19:26',4),
 (439,440,1,'2011-01-13 13:19:27',4),
 (440,441,1,'2011-01-13 13:19:27',4),
 (441,442,1,'2011-01-13 13:19:27',4),
 (442,443,1,'2011-01-13 13:19:27',4),
 (443,444,1,'2011-01-13 13:19:27',4),
 (444,445,1,'2011-01-13 13:19:27',4),
 (445,446,1,'2011-01-13 13:19:27',4),
 (446,447,1,'2011-01-13 13:19:27',4),
 (447,448,1,'2011-01-13 13:19:27',4),
 (448,449,1,'2011-01-13 13:19:27',4),
 (449,450,1,'2011-01-13 13:19:27',4),
 (450,451,1,'2011-01-13 13:19:27',4),
 (451,452,1,'2011-01-13 13:19:27',4),
 (452,453,1,'2011-01-13 13:19:27',4),
 (453,454,1,'2011-01-13 13:19:27',4),
 (454,455,1,'2011-01-13 13:19:27',4),
 (455,456,1,'2011-01-13 13:19:27',4),
 (456,457,1,'2011-01-13 13:19:27',4),
 (457,458,1,'2011-01-13 13:19:27',4),
 (458,459,1,'2011-01-13 13:19:27',4),
 (459,460,1,'2011-01-13 13:19:27',4),
 (460,461,1,'2011-01-13 13:19:27',4),
 (461,462,1,'2011-01-13 13:19:27',4),
 (462,463,1,'2011-01-13 13:19:27',4),
 (463,464,1,'2011-01-13 13:19:28',4),
 (464,465,1,'2011-01-13 13:19:28',4),
 (465,466,1,'2011-01-13 13:19:28',4),
 (466,467,1,'2011-01-13 13:19:28',4),
 (467,468,1,'2011-01-13 13:19:28',4),
 (468,469,1,'2011-01-13 13:19:28',4),
 (469,470,1,'2011-01-13 13:19:28',4),
 (470,471,1,'2011-01-13 13:19:28',4),
 (471,472,1,'2011-01-13 13:19:28',4),
 (472,473,1,'2011-01-13 13:19:28',4),
 (473,474,1,'2011-01-13 13:19:28',4),
 (474,475,1,'2011-01-13 13:19:28',4),
 (475,476,1,'2011-01-13 13:19:28',4),
 (476,477,1,'2011-01-13 13:19:28',4),
 (477,478,1,'2011-01-13 13:19:28',4),
 (478,479,1,'2011-01-13 13:19:28',4),
 (479,480,1,'2011-01-13 13:19:28',4),
 (480,481,1,'2011-01-13 13:19:28',4),
 (481,482,1,'2011-01-13 13:19:28',4),
 (482,483,1,'2011-01-13 13:19:28',4),
 (483,484,1,'2011-01-13 13:19:28',4),
 (484,485,1,'2011-01-13 13:19:28',4),
 (485,486,1,'2011-01-13 13:19:29',4),
 (486,487,1,'2011-01-13 13:19:29',4),
 (487,488,1,'2011-01-13 13:19:29',4),
 (488,489,1,'2011-01-13 13:19:29',4),
 (489,490,1,'2011-01-13 13:19:29',4),
 (490,491,1,'2011-01-13 13:19:29',4),
 (491,492,1,'2011-01-13 13:19:29',4),
 (492,493,1,'2011-01-13 13:19:29',4),
 (493,494,1,'2011-01-13 13:19:29',4),
 (494,495,1,'2011-01-13 13:19:29',4),
 (495,496,1,'2011-01-13 13:19:29',4),
 (496,497,1,'2011-01-13 13:19:29',4),
 (497,498,1,'2011-01-13 13:19:29',4),
 (498,499,1,'2011-01-13 13:19:29',4),
 (499,500,1,'2011-01-13 13:19:29',4),
 (500,501,1,'2011-01-13 13:19:29',4),
 (501,502,1,'2011-01-13 13:19:29',4),
 (502,503,1,'2011-01-13 13:19:29',4),
 (503,504,1,'2011-01-13 13:19:29',4),
 (504,505,1,'2011-01-13 13:19:29',4),
 (505,506,1,'2011-01-13 13:19:29',4),
 (506,507,1,'2011-01-13 13:19:29',4),
 (507,508,1,'2011-01-13 13:19:30',4),
 (508,509,1,'2011-01-13 13:19:30',4),
 (509,510,1,'2011-01-13 13:19:30',4),
 (510,511,1,'2011-01-13 13:19:30',4),
 (511,512,1,'2011-01-13 13:19:30',4),
 (512,513,1,'2011-01-13 13:19:30',4),
 (513,514,1,'2011-01-13 13:19:30',4),
 (514,515,1,'2011-01-13 13:19:30',4),
 (515,516,1,'2011-01-13 13:19:30',4),
 (516,517,1,'2011-01-13 13:19:30',4),
 (517,518,1,'2011-01-13 13:19:30',4),
 (518,519,1,'2011-01-13 13:19:30',4),
 (519,520,1,'2011-01-13 13:19:30',4),
 (520,521,1,'2011-01-13 13:19:30',4),
 (521,522,1,'2011-01-13 13:19:30',4),
 (522,523,1,'2011-01-13 13:19:30',4),
 (523,524,1,'2011-01-13 13:19:30',4),
 (524,525,1,'2011-01-13 13:19:30',4),
 (525,526,1,'2011-01-13 13:19:30',4),
 (526,527,1,'2011-01-13 13:19:30',4),
 (527,528,1,'2011-01-13 13:19:30',4),
 (528,529,1,'2011-01-13 13:19:30',4),
 (529,530,1,'2011-01-13 13:19:30',4),
 (530,531,1,'2011-01-13 13:19:31',4),
 (531,532,1,'2011-01-13 13:19:31',4),
 (532,533,1,'2011-01-13 13:19:31',4),
 (533,534,1,'2011-01-13 13:19:31',4),
 (534,535,1,'2011-01-13 13:19:31',4),
 (535,536,1,'2011-01-13 13:19:31',4),
 (536,537,1,'2011-01-13 13:19:31',4),
 (537,538,1,'2011-01-13 13:19:31',4),
 (538,539,1,'2011-01-13 13:19:31',4),
 (539,540,1,'2011-01-13 13:19:31',4),
 (540,541,1,'2011-01-13 13:19:31',4),
 (541,542,1,'2011-01-13 13:19:31',4),
 (542,543,1,'2011-01-13 13:19:31',4),
 (543,544,1,'2011-01-13 13:19:31',4),
 (544,545,1,'2011-01-13 13:19:31',4),
 (545,546,1,'2011-01-13 13:19:31',4),
 (546,547,1,'2011-01-13 13:19:31',4),
 (547,548,1,'2011-01-13 13:19:31',4),
 (548,549,1,'2011-01-13 13:19:31',4),
 (549,550,1,'2011-01-13 13:19:31',4),
 (550,551,1,'2011-01-13 13:19:31',4),
 (551,552,1,'2011-01-13 13:19:31',4),
 (552,553,1,'2011-01-13 13:19:31',4),
 (553,554,1,'2011-01-13 13:19:31',4),
 (554,555,1,'2011-01-13 13:19:32',4),
 (555,556,1,'2011-01-13 13:19:32',4),
 (556,557,1,'2011-01-13 13:19:32',4),
 (557,558,1,'2011-01-13 13:19:32',4),
 (558,559,1,'2011-01-13 13:19:32',4),
 (559,560,1,'2011-01-13 13:19:32',4),
 (560,561,1,'2011-01-13 13:19:32',4),
 (561,562,1,'2011-01-13 13:19:32',4),
 (562,563,1,'2011-01-13 13:19:32',4),
 (563,564,1,'2011-01-13 13:19:32',4),
 (564,565,1,'2011-01-13 13:19:32',4),
 (565,566,1,'2011-01-13 13:19:32',4),
 (566,567,1,'2011-01-13 13:19:32',4),
 (567,568,1,'2011-01-13 13:19:32',4),
 (568,569,1,'2011-01-13 13:19:32',4),
 (569,570,1,'2011-01-13 13:19:32',4),
 (570,571,1,'2011-01-13 13:19:32',4),
 (571,572,1,'2011-01-13 13:19:32',4),
 (572,573,1,'2011-01-13 13:19:32',4),
 (573,574,1,'2011-01-13 13:19:32',4),
 (574,575,1,'2011-01-13 13:19:32',4),
 (575,576,1,'2011-01-13 13:19:32',4),
 (576,577,1,'2011-01-13 13:19:32',4),
 (577,578,1,'2011-01-13 13:19:32',4),
 (578,579,1,'2011-01-13 13:19:33',4),
 (579,580,1,'2011-01-13 13:19:33',4),
 (580,581,1,'2011-01-13 13:19:33',4),
 (581,582,1,'2011-01-13 13:19:33',4),
 (582,583,1,'2011-01-13 13:19:33',4),
 (583,584,1,'2011-01-13 13:19:33',4),
 (584,585,1,'2011-01-13 13:19:33',4),
 (585,586,1,'2011-01-13 13:19:33',4),
 (586,587,1,'2011-01-13 13:19:33',4),
 (587,588,1,'2011-01-13 13:19:33',4),
 (588,589,1,'2011-01-13 13:19:33',4),
 (589,590,1,'2011-01-13 13:19:33',4),
 (590,591,1,'2011-01-13 13:19:33',4),
 (591,592,1,'2011-01-13 13:19:33',4),
 (592,593,1,'2011-01-13 13:19:33',4),
 (593,594,1,'2011-01-13 13:19:33',4),
 (594,595,1,'2011-01-13 13:19:33',4),
 (595,596,1,'2011-01-13 13:19:33',4),
 (596,597,1,'2011-01-13 13:19:33',4),
 (597,598,1,'2011-01-13 13:19:33',4),
 (598,599,1,'2011-01-13 13:19:33',4),
 (599,600,1,'2011-01-13 13:19:33',4),
 (600,601,1,'2011-01-13 13:19:33',4),
 (601,602,1,'2011-01-13 13:19:33',4),
 (602,603,1,'2011-01-13 13:19:34',4),
 (603,604,1,'2011-01-13 13:19:34',4),
 (604,605,1,'2011-01-13 13:19:34',4),
 (605,606,1,'2011-01-13 13:19:34',4),
 (606,607,1,'2011-01-13 13:19:34',4),
 (607,608,1,'2011-01-13 13:19:34',4),
 (608,609,1,'2011-01-13 13:19:34',4),
 (609,610,1,'2011-01-13 13:19:34',4),
 (610,611,1,'2011-01-13 13:19:34',4),
 (611,612,1,'2011-01-13 13:19:34',4),
 (612,613,1,'2011-01-13 13:19:34',4),
 (613,614,1,'2011-01-13 13:19:34',4),
 (614,615,1,'2011-01-13 13:19:34',4),
 (615,616,1,'2011-01-13 13:19:34',4),
 (616,617,1,'2011-01-13 13:19:34',4),
 (617,618,1,'2011-01-13 13:19:34',4),
 (618,619,1,'2011-01-13 13:19:34',4),
 (619,620,1,'2011-01-13 13:19:34',4),
 (620,621,1,'2011-01-13 13:19:34',4),
 (621,622,1,'2011-01-13 13:19:34',4),
 (622,623,1,'2011-01-13 13:19:34',4),
 (623,624,1,'2011-01-13 13:19:34',4),
 (624,625,1,'2011-01-13 13:19:34',4),
 (625,626,1,'2011-01-13 13:19:34',4),
 (626,627,1,'2011-01-13 13:19:35',4),
 (627,628,1,'2011-01-13 13:19:35',4),
 (628,629,1,'2011-01-13 13:19:35',4),
 (629,630,1,'2011-01-13 13:19:35',4),
 (630,631,1,'2011-01-13 13:19:35',4),
 (631,632,1,'2011-01-13 13:19:35',4),
 (632,633,1,'2011-01-13 13:19:35',4),
 (633,634,1,'2011-01-13 13:19:35',4),
 (634,635,1,'2011-01-13 13:19:35',4),
 (635,636,1,'2011-01-13 13:19:35',4),
 (636,637,1,'2011-01-13 13:19:35',4),
 (637,638,1,'2011-01-13 13:19:35',4),
 (638,639,1,'2011-01-13 13:19:35',4),
 (639,640,1,'2011-01-13 13:19:35',4),
 (640,641,1,'2011-01-13 13:19:35',4),
 (641,642,1,'2011-01-13 13:19:35',4),
 (642,643,1,'2011-01-13 13:19:35',4),
 (643,644,1,'2011-01-13 13:19:35',4),
 (644,645,1,'2011-01-13 13:19:35',4),
 (645,646,1,'2011-01-13 13:19:35',4),
 (646,647,1,'2011-01-13 13:19:35',4),
 (647,648,1,'2011-01-13 13:19:35',4),
 (648,649,1,'2011-01-13 13:19:35',4),
 (649,650,1,'2011-01-13 13:19:35',4),
 (650,651,1,'2011-01-13 13:19:36',4),
 (651,652,1,'2011-01-13 13:19:36',4),
 (652,653,1,'2011-01-13 13:19:36',4),
 (653,654,1,'2011-01-13 13:19:36',4),
 (654,655,1,'2011-01-13 13:19:36',4),
 (655,656,1,'2011-01-13 13:19:36',4),
 (656,657,1,'2011-01-13 13:19:36',4),
 (657,658,1,'2011-01-13 13:19:36',4),
 (658,659,1,'2011-01-13 13:19:36',4),
 (659,660,1,'2011-01-13 13:19:36',4),
 (660,661,1,'2011-01-13 13:19:36',4),
 (661,662,1,'2011-01-13 13:19:36',4),
 (662,663,1,'2011-01-13 13:19:36',4),
 (663,664,1,'2011-01-13 13:19:36',4),
 (664,665,1,'2011-01-13 13:19:36',4),
 (665,666,1,'2011-01-13 13:19:36',4),
 (666,667,1,'2011-01-13 13:19:36',4),
 (667,668,1,'2011-01-13 13:19:36',4),
 (668,669,1,'2011-01-13 13:19:36',4),
 (669,670,1,'2011-01-13 13:19:36',4),
 (670,671,1,'2011-01-13 13:19:36',4),
 (671,672,1,'2011-01-13 13:19:36',4),
 (672,673,1,'2011-01-13 13:19:36',4),
 (673,674,1,'2011-01-13 13:19:36',4),
 (674,675,1,'2011-01-13 13:19:37',4),
 (675,676,1,'2011-01-13 13:19:37',4),
 (676,677,1,'2011-01-13 13:19:37',4),
 (677,678,1,'2011-01-13 13:19:37',4),
 (678,679,1,'2011-01-13 13:19:37',4),
 (679,680,1,'2011-01-13 13:19:37',4),
 (680,681,1,'2011-01-13 13:19:37',4),
 (681,682,1,'2011-01-13 13:19:37',4),
 (682,683,1,'2011-01-13 13:19:37',4),
 (683,684,1,'2011-01-13 13:19:37',4),
 (684,685,1,'2011-01-13 13:19:37',4),
 (685,686,1,'2011-01-13 13:19:37',4),
 (686,687,1,'2011-01-13 13:19:37',4),
 (687,688,1,'2011-01-13 13:19:37',4),
 (688,689,1,'2011-01-13 13:19:37',4),
 (689,690,1,'2011-01-13 13:19:37',4),
 (690,691,1,'2011-01-13 13:19:37',4),
 (691,692,1,'2011-01-13 13:19:37',4),
 (692,693,1,'2011-01-13 13:19:37',4),
 (693,694,1,'2011-01-13 13:19:37',4),
 (694,695,1,'2011-01-13 13:19:37',4),
 (695,696,1,'2011-01-13 13:19:37',4),
 (696,697,1,'2011-01-13 13:19:37',4),
 (697,698,1,'2011-01-13 13:19:37',4),
 (698,699,1,'2011-01-13 13:19:38',4),
 (699,700,1,'2011-01-13 13:19:38',4),
 (700,701,1,'2011-01-13 13:19:38',4),
 (701,702,1,'2011-01-13 13:19:38',4),
 (702,703,1,'2011-01-13 13:19:38',4),
 (703,704,1,'2011-01-13 13:19:38',4),
 (704,705,1,'2011-01-13 13:19:38',4),
 (705,706,1,'2011-01-13 13:19:38',4),
 (706,707,1,'2011-01-13 13:19:38',4),
 (707,708,1,'2011-01-13 13:19:38',4),
 (708,709,1,'2011-01-13 13:19:38',4),
 (709,710,1,'2011-01-13 13:19:38',4),
 (710,711,1,'2011-01-13 13:19:38',4),
 (711,712,1,'2011-01-13 13:19:38',4),
 (712,713,1,'2011-01-13 13:19:38',4),
 (713,714,1,'2011-01-13 13:19:38',4),
 (714,715,1,'2011-01-13 13:19:38',4),
 (715,716,1,'2011-01-13 13:19:38',4),
 (716,717,1,'2011-01-13 13:19:38',4),
 (717,718,1,'2011-01-13 13:19:38',4),
 (718,719,1,'2011-01-13 13:19:38',4),
 (719,720,1,'2011-01-13 13:19:38',4),
 (720,721,1,'2011-01-13 13:19:38',4),
 (721,722,1,'2011-01-13 13:19:39',4),
 (722,723,1,'2011-01-13 13:19:39',4),
 (723,724,1,'2011-01-13 13:19:39',4),
 (724,725,1,'2011-01-13 13:19:39',4),
 (725,726,1,'2011-01-13 13:19:39',4),
 (726,727,1,'2011-01-13 13:19:39',4),
 (727,728,1,'2011-01-13 13:19:39',4),
 (728,729,1,'2011-01-13 13:19:39',4),
 (729,730,1,'2011-01-13 13:19:39',4),
 (730,731,1,'2011-01-13 13:19:39',4),
 (731,732,1,'2011-01-13 13:19:39',4),
 (732,733,1,'2011-01-13 13:19:39',4),
 (733,734,1,'2011-01-13 13:19:39',4),
 (734,735,1,'2011-01-13 13:19:39',4),
 (735,736,1,'2011-01-13 13:19:39',4),
 (736,737,1,'2011-01-13 13:19:39',4),
 (737,738,1,'2011-01-13 13:19:39',4),
 (738,739,1,'2011-01-13 13:19:39',4),
 (739,740,1,'2011-01-13 13:19:39',4),
 (740,741,1,'2011-01-13 13:19:39',4),
 (741,742,1,'2011-01-13 13:19:40',4),
 (742,743,1,'2011-01-13 13:19:40',4),
 (743,744,1,'2011-01-13 13:19:40',4),
 (744,745,1,'2011-01-13 13:19:40',4),
 (745,746,1,'2011-01-13 13:19:40',4),
 (746,747,1,'2011-01-13 13:19:40',4),
 (747,748,1,'2011-01-13 13:19:40',4),
 (748,749,1,'2011-01-13 13:19:40',4),
 (749,750,1,'2011-01-13 13:19:40',4),
 (750,751,1,'2011-01-13 13:19:40',4),
 (751,752,1,'2011-01-13 13:19:40',4),
 (752,753,1,'2011-01-13 13:19:40',4),
 (753,754,1,'2011-01-13 13:19:40',4),
 (754,755,1,'2011-01-13 13:19:40',4),
 (755,756,1,'2011-01-13 13:19:40',4),
 (756,757,1,'2011-01-13 13:19:40',4),
 (757,758,1,'2011-01-13 13:19:40',4),
 (758,759,1,'2011-01-13 13:19:40',4),
 (759,760,1,'2011-01-13 13:19:40',4),
 (760,761,1,'2011-01-13 13:19:40',4),
 (761,762,1,'2011-01-13 13:19:40',4),
 (762,763,1,'2011-01-13 13:19:40',4),
 (763,764,1,'2011-01-13 13:19:40',4),
 (764,765,1,'2011-01-13 13:19:40',4),
 (765,766,1,'2011-01-13 13:19:41',4),
 (766,767,1,'2011-01-13 13:19:41',4),
 (767,768,1,'2011-01-13 13:19:41',4),
 (768,769,1,'2011-01-13 13:19:41',4),
 (769,770,1,'2011-01-13 13:19:41',4),
 (770,771,1,'2011-01-13 13:19:41',4),
 (771,772,1,'2011-01-13 13:19:41',4),
 (772,773,1,'2011-01-13 13:19:41',4),
 (773,774,1,'2011-01-13 13:19:41',4),
 (774,775,1,'2011-01-13 13:19:41',4),
 (775,776,1,'2011-01-13 13:19:41',4),
 (776,777,1,'2011-01-13 13:19:41',4),
 (777,778,1,'2011-01-13 13:19:41',4),
 (778,779,1,'2011-01-13 13:19:41',4),
 (779,780,1,'2011-01-13 13:19:41',4),
 (780,781,1,'2011-01-13 13:19:41',4),
 (781,782,1,'2011-01-13 13:19:41',4),
 (782,783,1,'2011-01-13 13:19:41',4),
 (783,784,1,'2011-01-13 13:19:41',4),
 (784,785,1,'2011-01-13 13:19:41',4),
 (785,786,1,'2011-01-13 13:19:41',4),
 (786,787,1,'2011-01-13 13:19:41',4),
 (787,788,1,'2011-01-13 13:19:41',4),
 (788,789,1,'2011-01-13 13:19:41',4),
 (789,790,1,'2011-01-13 13:19:42',4),
 (790,791,1,'2011-01-13 13:19:42',4),
 (791,792,1,'2011-01-13 13:19:42',4),
 (792,793,1,'2011-01-13 13:19:42',4),
 (793,794,1,'2011-01-13 13:19:42',4),
 (794,795,1,'2011-01-13 13:19:42',4),
 (795,796,1,'2011-01-13 13:19:42',4),
 (796,797,1,'2011-01-13 13:19:42',4),
 (797,798,1,'2011-01-13 13:19:42',4),
 (798,799,1,'2011-01-13 13:19:42',4),
 (799,800,1,'2011-01-13 13:19:42',4),
 (800,801,1,'2011-01-13 13:19:42',4),
 (801,802,1,'2011-01-13 13:19:42',4),
 (802,803,1,'2011-01-13 13:19:42',4),
 (803,804,1,'2011-01-13 13:19:42',4),
 (804,805,1,'2011-01-13 13:19:42',4),
 (805,806,1,'2011-01-13 13:19:42',4),
 (806,807,1,'2011-01-13 13:19:42',4),
 (807,808,1,'2011-01-13 13:19:42',4),
 (808,809,1,'2011-01-13 13:19:42',4),
 (809,810,1,'2011-01-13 13:19:42',4),
 (810,811,1,'2011-01-13 13:19:42',4),
 (811,812,1,'2011-01-13 13:19:42',4),
 (812,813,1,'2011-01-13 13:19:42',4),
 (813,814,1,'2011-01-13 13:19:43',4),
 (814,815,1,'2011-01-13 13:19:43',4),
 (815,816,1,'2011-01-13 13:19:43',4),
 (816,817,1,'2011-01-13 13:19:43',4),
 (817,818,1,'2011-01-13 13:19:43',4),
 (818,819,1,'2011-01-13 13:19:43',4),
 (819,820,1,'2011-01-13 13:19:43',4),
 (820,821,1,'2011-01-13 13:19:43',4),
 (821,822,1,'2011-01-13 13:19:43',4),
 (822,823,1,'2011-01-13 13:19:43',4),
 (823,824,1,'2011-01-13 13:19:43',4),
 (824,825,1,'2011-01-13 13:19:43',4),
 (825,826,1,'2011-01-13 13:19:43',4),
 (826,827,1,'2011-01-13 13:19:43',4),
 (827,828,1,'2011-01-13 13:19:43',4),
 (828,829,1,'2011-01-13 13:19:43',4),
 (829,830,1,'2011-01-13 13:19:43',4),
 (830,831,1,'2011-01-13 13:19:43',4),
 (831,832,1,'2011-01-13 13:19:43',4),
 (832,833,1,'2011-01-13 13:19:43',4),
 (833,834,1,'2011-01-13 13:19:43',4),
 (834,835,1,'2011-01-13 13:19:43',4),
 (835,836,1,'2011-01-13 13:19:43',4),
 (836,837,1,'2011-01-13 13:19:44',4),
 (837,838,1,'2011-01-13 13:19:44',4),
 (838,839,1,'2011-01-13 13:19:44',4),
 (839,840,1,'2011-01-13 13:19:44',4),
 (840,841,1,'2011-01-13 13:19:44',4),
 (841,842,1,'2011-01-13 13:19:44',4),
 (842,843,1,'2011-01-13 13:19:44',4),
 (843,844,1,'2011-01-13 13:19:44',4),
 (844,845,1,'2011-01-13 13:19:44',4),
 (845,846,1,'2011-01-13 13:19:44',4),
 (846,847,1,'2011-01-13 13:19:44',4),
 (847,848,1,'2011-01-13 13:19:44',4),
 (848,849,1,'2011-01-13 13:19:44',4),
 (849,850,1,'2011-01-13 13:19:44',4),
 (850,851,1,'2011-01-13 13:19:44',4),
 (851,852,1,'2011-01-13 13:19:44',4),
 (852,853,1,'2011-01-13 13:19:44',4),
 (853,854,1,'2011-01-13 13:19:44',4),
 (854,855,1,'2011-01-13 13:19:44',4),
 (855,856,1,'2011-01-13 13:19:44',4),
 (856,857,1,'2011-01-13 13:19:44',4),
 (857,858,1,'2011-01-13 13:19:44',4),
 (858,859,1,'2011-01-13 13:19:44',4),
 (859,860,1,'2011-01-13 13:19:44',4),
 (860,861,1,'2011-01-13 13:19:45',4),
 (861,862,1,'2011-01-13 13:19:45',4),
 (862,863,1,'2011-01-13 13:19:45',4),
 (863,864,1,'2011-01-13 13:19:45',4),
 (864,865,1,'2011-01-13 13:19:45',4),
 (865,866,1,'2011-01-13 13:19:45',4),
 (866,867,1,'2011-01-13 13:19:45',4),
 (867,868,1,'2011-01-13 13:19:45',4),
 (868,869,1,'2011-01-13 13:19:45',4),
 (869,870,1,'2011-01-13 13:19:45',4),
 (870,871,1,'2011-01-13 13:19:45',4),
 (871,872,1,'2011-01-13 13:19:45',4),
 (872,873,1,'2011-01-13 13:19:45',4),
 (873,874,1,'2011-01-13 13:19:45',4),
 (874,875,1,'2011-01-13 13:19:45',4),
 (875,876,1,'2011-01-13 13:19:45',4),
 (876,877,1,'2011-01-13 13:19:45',4),
 (877,878,1,'2011-01-13 13:19:45',4),
 (878,879,1,'2011-01-13 13:19:45',4),
 (879,880,1,'2011-01-13 13:19:45',4),
 (880,881,1,'2011-01-13 13:19:45',4),
 (881,882,1,'2011-01-13 13:19:45',4),
 (882,883,1,'2011-01-13 13:19:45',4),
 (883,884,1,'2011-01-13 13:19:46',4),
 (884,885,1,'2011-01-13 13:19:46',4),
 (885,886,1,'2011-01-13 13:19:46',4),
 (886,887,1,'2011-01-13 13:19:46',4),
 (887,888,1,'2011-01-13 13:19:46',4),
 (888,889,1,'2011-01-13 13:19:46',4),
 (889,890,1,'2011-01-13 13:19:46',4),
 (890,891,1,'2011-01-13 13:19:46',4),
 (891,892,1,'2011-01-13 13:19:46',4),
 (892,893,1,'2011-01-13 13:19:46',4),
 (893,894,1,'2011-01-13 13:19:46',4),
 (894,895,1,'2011-01-13 13:19:46',4),
 (895,896,1,'2011-01-13 13:19:46',4),
 (896,897,1,'2011-01-13 13:19:46',4),
 (897,898,1,'2011-01-13 13:19:46',4),
 (898,899,1,'2011-01-13 13:19:46',4),
 (899,900,1,'2011-01-13 13:19:46',4),
 (900,901,1,'2011-01-13 13:19:46',4),
 (901,902,1,'2011-01-13 13:19:46',4),
 (902,903,1,'2011-01-13 13:19:46',4),
 (903,904,1,'2011-01-13 13:19:46',4),
 (904,905,1,'2011-01-13 13:19:46',4),
 (905,906,1,'2011-01-13 13:19:47',4),
 (906,907,1,'2011-01-13 13:19:47',4),
 (907,908,1,'2011-01-13 13:19:47',4),
 (908,909,1,'2011-01-13 13:19:47',4),
 (909,910,1,'2011-01-13 13:19:47',4),
 (910,911,1,'2011-01-13 13:19:47',4),
 (911,912,1,'2011-01-13 13:19:47',4),
 (912,913,1,'2011-01-13 13:19:47',4),
 (913,914,1,'2011-01-13 13:19:47',4),
 (914,915,1,'2011-01-13 13:19:47',4),
 (915,916,1,'2011-01-13 13:19:47',4),
 (916,917,1,'2011-01-13 13:19:47',4),
 (917,918,1,'2011-01-13 13:19:47',4),
 (918,919,1,'2011-01-13 13:19:47',4),
 (919,920,1,'2011-01-13 13:19:47',4),
 (920,921,1,'2011-01-13 13:19:47',4),
 (921,922,1,'2011-01-13 13:19:47',4),
 (922,923,1,'2011-01-13 13:19:47',4),
 (923,924,1,'2011-01-13 13:19:47',4),
 (924,925,1,'2011-01-13 13:19:47',4),
 (925,926,1,'2011-01-13 13:19:48',4),
 (926,927,1,'2011-01-13 13:19:48',4),
 (927,928,1,'2011-01-13 13:19:48',4),
 (928,929,1,'2011-01-13 13:19:48',4),
 (929,930,1,'2011-01-13 13:19:48',4),
 (930,931,1,'2011-01-13 13:19:48',4),
 (931,932,1,'2011-01-13 13:19:48',4),
 (932,933,1,'2011-01-13 13:19:48',4),
 (933,934,1,'2011-01-13 13:19:48',4),
 (934,935,1,'2011-01-13 13:19:48',4),
 (935,936,1,'2011-01-13 13:19:48',4),
 (936,937,1,'2011-01-13 13:19:48',4),
 (937,938,1,'2011-01-13 13:19:48',4),
 (938,939,1,'2011-01-13 13:19:48',4),
 (939,940,1,'2011-01-13 13:19:48',4),
 (940,941,1,'2011-01-13 13:19:48',4),
 (941,942,1,'2011-01-13 13:19:48',4),
 (942,943,1,'2011-01-13 13:19:48',4),
 (943,944,1,'2011-01-13 13:19:48',4),
 (944,945,1,'2011-01-13 13:19:48',4),
 (945,946,1,'2011-01-13 13:19:49',4),
 (946,947,1,'2011-01-13 13:19:49',4),
 (947,948,1,'2011-01-13 13:19:49',4),
 (948,949,1,'2011-01-13 13:19:49',4),
 (949,950,1,'2011-01-13 13:19:49',4),
 (950,951,1,'2011-01-13 13:19:49',4),
 (951,952,1,'2011-01-13 13:19:49',4),
 (952,953,1,'2011-01-13 13:19:49',4),
 (953,954,1,'2011-01-13 13:19:49',4),
 (954,955,1,'2011-01-13 13:19:49',4),
 (955,956,1,'2011-01-13 13:19:49',4),
 (956,957,1,'2011-01-13 13:19:49',4),
 (957,958,1,'2011-01-13 13:19:49',4),
 (958,959,1,'2011-01-13 13:19:49',4),
 (959,960,1,'2011-01-13 13:19:49',4),
 (960,961,1,'2011-01-13 13:19:49',4),
 (961,962,1,'2011-01-13 13:19:49',4),
 (962,963,1,'2011-01-13 13:19:49',4),
 (963,964,1,'2011-01-13 13:19:49',7),
 (964,965,1,'2011-01-13 13:19:49',7),
 (965,966,1,'2011-01-13 13:19:50',7),
 (966,967,1,'2011-01-13 13:19:50',7),
 (967,968,1,'2011-01-13 13:19:50',7),
 (968,969,1,'2011-01-13 13:19:50',7),
 (969,970,1,'2011-01-13 13:19:50',7),
 (970,971,1,'2011-01-13 13:19:50',7),
 (971,972,1,'2011-01-13 13:19:50',7),
 (972,973,1,'2011-01-13 13:19:50',7),
 (973,974,1,'2011-01-13 13:19:50',7),
 (974,975,1,'2011-01-13 13:19:50',7),
 (975,976,1,'2011-01-13 13:19:50',7),
 (976,977,1,'2011-01-13 13:19:50',7),
 (977,978,1,'2011-01-13 13:19:50',7),
 (978,979,1,'2011-01-13 13:19:50',7),
 (979,980,1,'2011-01-13 13:19:51',7),
 (980,981,1,'2011-01-13 13:19:51',7),
 (981,982,1,'2011-01-13 13:19:51',7),
 (982,983,1,'2011-01-13 13:19:51',7),
 (983,984,1,'2011-01-13 13:19:51',7),
 (984,985,1,'2011-01-13 13:19:51',7),
 (985,986,1,'2011-01-13 13:19:51',7),
 (986,987,1,'2011-01-13 13:19:51',7),
 (987,988,1,'2011-01-13 13:19:51',7),
 (988,989,1,'2011-01-13 13:19:51',7),
 (989,990,1,'2011-01-13 13:19:51',7),
 (990,991,1,'2011-01-13 13:19:51',7),
 (991,992,1,'2011-01-13 13:19:51',7),
 (992,993,1,'2011-01-13 13:19:51',7),
 (993,994,1,'2011-01-13 13:19:51',7),
 (994,995,1,'2011-01-13 13:19:51',7),
 (995,996,1,'2011-01-13 13:19:51',7),
 (996,997,1,'2011-01-13 13:19:51',7),
 (997,998,1,'2011-01-13 13:19:51',7),
 (998,999,1,'2011-01-13 13:19:51',7),
 (999,1000,1,'2011-01-13 13:19:51',7),
 (1000,1001,1,'2011-01-13 13:19:51',7),
 (1001,1002,1,'2011-01-13 13:19:51',7),
 (1002,1003,1,'2011-01-13 13:19:51',7),
 (1003,1004,1,'2011-01-13 13:19:52',7),
 (1004,1005,1,'2011-01-13 13:19:52',7),
 (1005,1006,1,'2011-01-13 13:19:52',7),
 (1006,1007,1,'2011-01-13 13:19:52',7),
 (1007,1008,1,'2011-01-13 13:19:52',7),
 (1008,1009,1,'2011-01-13 13:19:52',7),
 (1009,1010,1,'2011-01-13 13:19:52',7),
 (1010,1011,1,'2011-01-13 13:19:52',7),
 (1011,1012,1,'2011-01-13 13:19:52',7),
 (1012,1013,1,'2011-01-13 13:19:52',7),
 (1013,1014,1,'2011-01-13 13:19:52',7),
 (1014,1015,1,'2011-01-13 13:19:52',7),
 (1015,1016,1,'2011-01-13 13:19:52',7),
 (1016,1017,1,'2011-01-13 13:19:52',7),
 (1017,1018,1,'2011-01-13 13:19:52',7),
 (1018,1019,1,'2011-01-13 13:19:52',7),
 (1019,1020,1,'2011-01-13 13:19:52',7),
 (1020,1021,1,'2011-01-13 13:19:52',7),
 (1021,1022,1,'2011-01-13 13:19:52',7),
 (1022,1023,1,'2011-01-13 13:19:52',7),
 (1023,1024,1,'2011-01-13 13:19:52',7),
 (1024,1025,1,'2011-01-13 13:19:52',7),
 (1025,1026,1,'2011-01-13 13:19:52',7),
 (1026,1027,1,'2011-01-13 13:19:52',7),
 (1027,1028,1,'2011-01-13 13:19:53',7),
 (1028,1029,1,'2011-01-13 13:19:53',7),
 (1029,1030,1,'2011-01-13 13:19:53',7),
 (1030,1031,1,'2011-01-13 13:19:53',7),
 (1031,1032,1,'2011-01-13 13:19:53',7),
 (1032,1033,1,'2011-01-13 13:19:53',7),
 (1033,1034,1,'2011-01-13 13:19:53',7),
 (1034,1035,1,'2011-01-13 13:19:53',7),
 (1035,1036,1,'2011-01-13 13:19:53',7),
 (1036,1037,1,'2011-01-13 13:19:53',7),
 (1037,1038,1,'2011-01-13 13:19:53',7),
 (1038,1039,1,'2011-01-13 13:19:53',7),
 (1039,1040,1,'2011-01-13 13:19:53',7),
 (1040,1041,1,'2011-01-13 13:19:53',7),
 (1041,1042,1,'2011-01-13 13:19:53',7),
 (1042,1043,1,'2011-01-13 13:19:53',7),
 (1043,1044,1,'2011-01-13 13:19:53',7),
 (1044,1045,1,'2011-01-13 13:19:53',7),
 (1045,1046,1,'2011-01-13 13:19:53',7),
 (1046,1047,1,'2011-01-13 13:19:53',7),
 (1047,1048,1,'2011-01-13 13:19:53',7),
 (1048,1049,1,'2011-01-13 13:19:53',7),
 (1049,1050,1,'2011-01-13 13:19:54',7),
 (1050,1051,1,'2011-01-13 13:19:54',7),
 (1051,1052,1,'2011-01-13 13:19:54',7),
 (1052,1053,1,'2011-01-13 13:19:54',7),
 (1053,1054,1,'2011-01-13 13:19:54',7),
 (1054,1055,1,'2011-01-13 13:19:54',7),
 (1055,1056,1,'2011-01-13 13:19:54',7),
 (1056,1057,1,'2011-01-13 13:19:54',7),
 (1057,1058,1,'2011-01-13 13:19:54',7),
 (1058,1059,1,'2011-01-13 13:19:54',7),
 (1059,1060,1,'2011-01-13 13:19:54',7),
 (1060,1061,1,'2011-01-13 13:19:54',7),
 (1061,1062,1,'2011-01-13 13:19:54',7),
 (1062,1063,1,'2011-01-13 13:19:54',7),
 (1063,1064,1,'2011-01-13 13:19:54',7),
 (1064,1065,1,'2011-01-13 13:19:54',7),
 (1065,1066,1,'2011-01-13 13:19:54',7),
 (1066,1067,1,'2011-01-13 13:19:54',7),
 (1067,1068,1,'2011-01-13 13:19:54',7),
 (1068,1069,1,'2011-01-13 13:19:54',7),
 (1069,1070,1,'2011-01-13 13:19:55',7),
 (1070,1071,1,'2011-01-13 13:19:55',7),
 (1071,1072,1,'2011-01-13 13:19:55',7),
 (1072,1073,1,'2011-01-13 13:19:55',7),
 (1073,1074,1,'2011-01-13 13:19:55',7),
 (1074,1075,1,'2011-01-13 13:19:55',7),
 (1075,1076,1,'2011-01-13 13:19:55',7),
 (1076,1077,1,'2011-01-13 13:19:55',7),
 (1077,1078,1,'2011-01-13 13:19:55',7),
 (1078,1079,1,'2011-01-13 13:19:55',7),
 (1079,1080,1,'2011-01-13 13:19:55',7),
 (1080,1081,1,'2011-01-13 13:19:55',7),
 (1081,1082,1,'2011-01-13 13:19:55',7),
 (1082,1083,1,'2011-01-13 13:19:55',7),
 (1083,1084,1,'2011-01-13 13:19:55',7),
 (1084,1085,1,'2011-01-13 13:19:55',7),
 (1085,1086,1,'2011-01-13 13:19:55',7),
 (1086,1087,1,'2011-01-13 13:19:55',7),
 (1087,1088,1,'2011-01-13 13:19:55',7),
 (1088,1089,1,'2011-01-13 13:19:56',7),
 (1089,1090,1,'2011-01-13 13:19:56',7),
 (1090,1091,1,'2011-01-13 13:19:56',7),
 (1091,1092,1,'2011-01-13 13:19:56',7),
 (1092,1093,1,'2011-01-13 13:19:56',7),
 (1093,1094,1,'2011-01-13 13:19:56',7),
 (1094,1095,1,'2011-01-13 13:19:56',7),
 (1095,1096,1,'2011-01-13 13:19:56',7),
 (1096,1097,1,'2011-01-13 13:19:56',7),
 (1097,1098,1,'2011-01-13 13:19:56',7),
 (1098,1099,1,'2011-01-13 13:19:56',7),
 (1099,1100,1,'2011-01-13 13:19:56',7),
 (1100,1101,1,'2011-01-13 13:19:56',7),
 (1101,1102,1,'2011-01-13 13:19:56',7),
 (1102,1103,1,'2011-01-13 13:19:56',7),
 (1103,1104,1,'2011-01-13 13:19:56',7),
 (1104,1105,1,'2011-01-13 13:19:56',7),
 (1105,1106,1,'2011-01-13 13:19:56',7),
 (1106,1107,1,'2011-01-13 13:19:56',7),
 (1107,1108,1,'2011-01-13 13:19:56',7),
 (1108,1109,1,'2011-01-13 13:19:56',7),
 (1109,1110,1,'2011-01-13 13:19:56',7),
 (1110,1111,1,'2011-01-13 13:19:56',7),
 (1111,1112,1,'2011-01-13 13:19:56',7),
 (1112,1113,1,'2011-01-13 13:19:57',7),
 (1113,1114,1,'2011-01-13 13:19:57',7),
 (1114,1115,1,'2011-01-13 13:19:57',7),
 (1115,1116,1,'2011-01-13 13:19:57',7),
 (1116,1117,1,'2011-01-13 13:19:57',7),
 (1117,1118,1,'2011-01-13 13:19:57',7),
 (1118,1119,1,'2011-01-13 13:19:57',7),
 (1119,1120,1,'2011-01-13 13:19:57',7),
 (1120,1121,1,'2011-01-13 13:19:57',7),
 (1121,1122,1,'2011-01-13 13:19:57',7),
 (1122,1123,1,'2011-01-13 13:19:57',7),
 (1123,1124,1,'2011-01-13 13:19:57',7),
 (1124,1125,1,'2011-01-13 13:19:57',7),
 (1125,1126,1,'2011-01-13 13:19:57',7),
 (1126,1127,1,'2011-01-13 13:19:57',7),
 (1127,1128,1,'2011-01-13 13:19:57',7),
 (1128,1129,1,'2011-01-13 13:19:57',7),
 (1129,1130,1,'2011-01-13 13:19:57',7),
 (1130,1131,1,'2011-01-13 13:19:57',7),
 (1131,1132,1,'2011-01-13 13:19:57',7),
 (1132,1133,1,'2011-01-13 13:19:57',7),
 (1133,1134,1,'2011-01-13 13:19:57',7),
 (1134,1135,1,'2011-01-13 13:19:57',7),
 (1135,1136,1,'2011-01-13 13:19:57',7),
 (1136,1137,1,'2011-01-13 13:19:58',7),
 (1137,1138,1,'2011-01-13 13:19:58',7),
 (1138,1139,1,'2011-01-13 13:19:58',7),
 (1139,1140,1,'2011-01-13 13:19:58',7),
 (1140,1141,1,'2011-01-13 13:19:58',7),
 (1141,1142,1,'2011-01-13 13:19:58',7),
 (1142,1143,1,'2011-01-13 13:19:58',7),
 (1143,1144,1,'2011-01-13 13:19:58',7),
 (1144,1145,1,'2011-01-13 13:19:58',7),
 (1145,1146,1,'2011-01-13 13:19:58',7),
 (1146,1147,1,'2011-01-13 13:19:58',7),
 (1147,1148,1,'2011-01-13 13:19:58',7),
 (1148,1149,1,'2011-01-13 13:19:58',7),
 (1149,1150,1,'2011-01-13 13:19:58',7),
 (1150,1151,1,'2011-01-13 13:19:58',7),
 (1151,1152,1,'2011-01-13 13:19:58',7),
 (1152,1153,1,'2011-01-13 13:19:58',7),
 (1153,1154,1,'2011-01-13 13:19:58',7),
 (1154,1155,1,'2011-01-13 13:19:58',7),
 (1155,1156,1,'2011-01-13 13:19:58',7),
 (1156,1157,1,'2011-01-13 13:19:58',7),
 (1157,1158,1,'2011-01-13 13:19:58',7),
 (1158,1159,1,'2011-01-13 13:19:58',7),
 (1159,1160,1,'2011-01-13 13:19:58',7),
 (1160,1161,1,'2011-01-13 13:19:59',7),
 (1161,1162,1,'2011-01-13 13:19:59',7),
 (1162,1163,1,'2011-01-13 13:19:59',7),
 (1163,1164,1,'2011-01-13 13:19:59',7),
 (1164,1165,1,'2011-01-13 13:19:59',7),
 (1165,1166,1,'2011-01-13 13:19:59',7),
 (1166,1167,1,'2011-01-13 13:19:59',7),
 (1167,1168,1,'2011-01-13 13:19:59',7),
 (1168,1169,1,'2011-01-13 13:19:59',7),
 (1169,1170,1,'2011-01-13 13:19:59',7),
 (1170,1171,1,'2011-01-13 13:19:59',7),
 (1171,1172,1,'2011-01-13 13:19:59',7),
 (1172,1173,1,'2011-01-13 13:19:59',7),
 (1173,1174,1,'2011-01-13 13:19:59',7),
 (1174,1175,1,'2011-01-13 13:19:59',7),
 (1175,1176,1,'2011-01-13 13:19:59',7),
 (1176,1177,1,'2011-01-13 13:19:59',7),
 (1177,1178,1,'2011-01-13 13:19:59',7),
 (1178,1179,1,'2011-01-13 13:19:59',7),
 (1179,1180,1,'2011-01-13 13:19:59',7),
 (1180,1181,1,'2011-01-13 13:20:00',7),
 (1181,1182,1,'2011-01-13 13:20:00',7),
 (1182,1183,1,'2011-01-13 13:20:00',7),
 (1183,1184,1,'2011-01-13 13:20:00',7),
 (1184,1185,1,'2011-01-13 13:20:00',7),
 (1185,1186,1,'2011-01-13 13:20:00',7),
 (1186,1187,1,'2011-01-13 13:20:00',7),
 (1187,1188,1,'2011-01-13 13:20:00',7),
 (1188,1189,1,'2011-01-13 13:20:00',7),
 (1189,1190,1,'2011-01-13 13:20:00',7),
 (1190,1191,1,'2011-01-13 13:20:00',7),
 (1191,1192,1,'2011-01-13 13:20:00',7),
 (1192,1193,1,'2011-01-13 13:20:00',7),
 (1193,1194,1,'2011-01-13 13:20:00',7),
 (1194,1195,1,'2011-01-13 13:20:00',7),
 (1195,1196,1,'2011-01-13 13:20:00',7),
 (1196,1197,1,'2011-01-13 13:20:00',7),
 (1197,1198,1,'2011-01-13 13:20:00',7),
 (1198,1199,1,'2011-01-13 13:20:00',7),
 (1199,1200,1,'2011-01-13 13:20:00',7),
 (1200,1201,1,'2011-01-13 13:20:00',7),
 (1201,1202,1,'2011-01-13 13:20:00',7),
 (1202,1203,1,'2011-01-13 13:20:01',7),
 (1203,1204,1,'2011-01-13 13:20:01',7),
 (1204,1205,1,'2011-01-13 13:20:01',7),
 (1205,1206,1,'2011-01-13 13:20:01',7),
 (1206,1207,1,'2011-01-13 13:20:01',7),
 (1207,1208,1,'2011-01-13 13:20:01',7),
 (1208,1209,1,'2011-01-13 13:20:01',7),
 (1209,1210,1,'2011-01-13 13:20:01',7),
 (1210,1211,1,'2011-01-13 13:20:01',7),
 (1211,1212,1,'2011-01-13 13:20:01',7),
 (1212,1213,1,'2011-01-13 13:20:01',7),
 (1213,1214,1,'2011-01-13 13:20:01',7),
 (1214,1215,1,'2011-01-13 13:20:01',7),
 (1215,1216,1,'2011-01-13 13:20:01',7),
 (1216,1217,1,'2011-01-13 13:20:01',7),
 (1217,1218,1,'2011-01-13 13:20:01',7),
 (1218,1219,1,'2011-01-13 13:20:01',7),
 (1219,1220,1,'2011-01-13 13:20:01',7),
 (1220,1221,1,'2011-01-13 13:20:01',7),
 (1221,1222,1,'2011-01-13 13:20:01',7),
 (1222,1223,1,'2011-01-13 13:20:02',7),
 (1223,1224,1,'2011-01-13 13:20:02',7),
 (1224,1225,1,'2011-01-13 13:20:02',7),
 (1225,1226,1,'2011-01-13 13:20:02',7),
 (1226,1227,1,'2011-01-13 13:20:02',7),
 (1227,1228,1,'2011-01-13 13:20:02',7),
 (1228,1229,1,'2011-01-13 13:20:02',7),
 (1229,1230,1,'2011-01-13 13:20:02',7),
 (1230,1231,1,'2011-01-13 13:20:02',7),
 (1231,1232,1,'2011-01-13 13:20:02',7),
 (1232,1233,1,'2011-01-13 13:20:02',7),
 (1233,1234,1,'2011-01-13 13:20:02',7),
 (1234,1235,1,'2011-01-13 13:20:02',7),
 (1235,1236,1,'2011-01-13 13:20:02',7),
 (1236,1237,1,'2011-01-13 13:20:02',7),
 (1237,1238,1,'2011-01-13 13:20:02',7),
 (1238,1239,1,'2011-01-13 13:20:02',7),
 (1239,1240,1,'2011-01-13 13:20:02',7),
 (1240,1241,1,'2011-01-13 13:20:02',7),
 (1241,1242,1,'2011-01-13 13:20:02',7),
 (1242,1243,1,'2011-01-13 13:20:03',7),
 (1243,1244,1,'2011-01-13 13:20:03',7),
 (1244,1245,1,'2011-01-13 13:20:03',7),
 (1245,1246,1,'2011-01-13 13:20:03',7),
 (1246,1247,1,'2011-01-13 13:20:03',7),
 (1247,1248,1,'2011-01-13 13:20:03',7),
 (1248,1249,1,'2011-01-13 13:20:03',7),
 (1249,1250,1,'2011-01-13 13:20:03',7),
 (1250,1251,1,'2011-01-13 13:20:03',7),
 (1251,1252,1,'2011-01-13 13:20:03',7),
 (1252,1253,1,'2011-01-13 13:20:03',7),
 (1253,1254,1,'2011-01-13 13:20:03',7),
 (1254,1255,1,'2011-01-13 13:20:03',7),
 (1255,1256,1,'2011-01-13 13:20:03',7),
 (1256,1257,1,'2011-01-13 13:20:03',7),
 (1257,1258,1,'2011-01-13 13:20:03',7),
 (1258,1259,1,'2011-01-13 13:20:03',7),
 (1259,1260,1,'2011-01-13 13:20:03',7),
 (1260,1261,1,'2011-01-13 13:20:03',7),
 (1261,1262,1,'2011-01-13 13:20:04',7),
 (1262,1263,1,'2011-01-13 13:20:04',7),
 (1263,1264,1,'2011-01-13 13:20:04',7),
 (1264,1265,1,'2011-01-13 13:20:04',7),
 (1265,1266,1,'2011-01-13 13:20:04',7),
 (1266,1267,1,'2011-01-13 13:20:04',7),
 (1267,1268,1,'2011-01-13 13:20:04',7),
 (1268,1269,1,'2011-01-13 13:20:04',7),
 (1269,1270,1,'2011-01-13 13:20:04',7),
 (1270,1271,1,'2011-01-13 13:20:04',7),
 (1271,1272,1,'2011-01-13 13:20:04',7),
 (1272,1273,1,'2011-01-13 13:20:04',7),
 (1273,1274,1,'2011-01-13 13:20:04',7),
 (1274,1275,1,'2011-01-13 13:20:04',7),
 (1275,1276,1,'2011-01-13 13:20:04',7),
 (1276,1277,1,'2011-01-13 13:20:04',7),
 (1277,1278,1,'2011-01-13 13:20:04',7),
 (1278,1279,1,'2011-01-13 13:20:04',7),
 (1279,1280,1,'2011-01-13 13:20:04',7),
 (1280,1281,1,'2011-01-13 13:20:04',7),
 (1281,1282,1,'2011-01-13 13:20:05',7),
 (1282,1283,1,'2011-01-13 13:20:05',7),
 (1283,1284,1,'2011-01-13 13:20:05',7),
 (1284,1285,1,'2011-01-13 13:20:05',7),
 (1285,1286,1,'2011-01-13 13:20:05',7),
 (1286,1287,1,'2011-01-13 13:20:05',7),
 (1287,1288,1,'2011-01-13 13:20:05',7),
 (1288,1289,1,'2011-01-13 13:20:05',7),
 (1289,1290,1,'2011-01-13 13:20:05',7),
 (1290,1291,1,'2011-01-13 13:20:05',7),
 (1291,1292,1,'2011-01-13 13:20:05',7),
 (1292,1293,1,'2011-01-13 13:20:05',7),
 (1293,1294,1,'2011-01-13 13:20:05',7),
 (1294,1295,1,'2011-01-13 13:20:05',7),
 (1295,1296,1,'2011-01-13 13:20:05',7),
 (1296,1297,1,'2011-01-13 13:20:05',7),
 (1297,1298,1,'2011-01-13 13:20:05',7),
 (1298,1299,1,'2011-01-13 13:20:05',7),
 (1299,1300,1,'2011-01-13 13:20:05',7),
 (1300,1301,1,'2011-01-13 13:20:05',7),
 (1301,1302,1,'2011-01-13 13:20:06',7),
 (1302,1303,1,'2011-01-13 13:20:06',7),
 (1303,1304,1,'2011-01-13 13:20:06',7),
 (1304,1305,1,'2011-01-13 13:20:06',7),
 (1305,1306,1,'2011-01-13 13:20:06',7),
 (1306,1307,1,'2011-01-13 13:20:06',7),
 (1307,1308,1,'2011-01-13 13:20:06',7),
 (1308,1309,1,'2011-01-13 13:20:06',7),
 (1309,1310,1,'2011-01-13 13:20:06',7),
 (1310,1311,1,'2011-01-13 13:20:06',7),
 (1311,1312,1,'2011-01-13 13:20:06',7),
 (1312,1313,1,'2011-01-13 13:20:06',7),
 (1313,1314,1,'2011-01-13 13:20:06',7),
 (1314,1315,1,'2011-01-13 13:20:06',7),
 (1315,1316,1,'2011-01-13 13:20:06',7),
 (1316,1317,1,'2011-01-13 13:20:06',7),
 (1317,1318,1,'2011-01-13 13:20:06',7),
 (1318,1319,1,'2011-01-13 13:20:06',7),
 (1319,1320,1,'2011-01-13 13:20:06',7),
 (1320,1321,1,'2011-01-13 13:20:06',7),
 (1321,1322,1,'2011-01-13 13:20:07',7),
 (1322,1323,1,'2011-01-13 13:20:07',7),
 (1323,1324,1,'2011-01-13 13:20:07',7),
 (1324,1325,1,'2011-01-13 13:20:07',7),
 (1325,1326,1,'2011-01-13 13:20:07',7),
 (1326,1327,1,'2011-01-13 13:20:07',7),
 (1327,1328,1,'2011-01-13 13:20:07',7),
 (1328,1329,1,'2011-01-13 13:20:07',7),
 (1329,1330,1,'2011-01-13 13:20:07',7),
 (1330,1331,1,'2011-01-13 13:20:07',7),
 (1331,1332,1,'2011-01-13 13:20:07',7),
 (1332,1333,1,'2011-01-13 13:20:07',7),
 (1333,1334,1,'2011-01-13 13:20:07',7),
 (1334,1335,1,'2011-01-13 13:20:07',7),
 (1335,1336,1,'2011-01-13 13:20:07',7),
 (1336,1337,1,'2011-01-13 13:20:07',7),
 (1337,1338,1,'2011-01-13 13:20:07',7),
 (1338,1339,1,'2011-01-13 13:20:07',7),
 (1339,1340,1,'2011-01-13 13:20:07',7),
 (1340,1341,1,'2011-01-13 13:20:08',7),
 (1341,1342,1,'2011-01-13 13:20:08',7),
 (1342,1343,1,'2011-01-13 13:20:08',7),
 (1343,1344,1,'2011-01-13 13:20:08',7),
 (1344,1345,1,'2011-01-13 13:20:08',7),
 (1345,1346,1,'2011-01-13 13:20:08',7),
 (1346,1347,1,'2011-01-13 13:20:08',7),
 (1347,1348,1,'2011-01-13 13:20:08',7),
 (1348,1349,1,'2011-01-13 13:20:08',7),
 (1349,1350,1,'2011-01-13 13:20:08',7),
 (1350,1351,1,'2011-01-13 13:20:08',7),
 (1351,1352,1,'2011-01-13 13:20:08',7),
 (1352,1353,1,'2011-01-13 13:20:08',7),
 (1353,1354,1,'2011-01-13 13:20:08',7),
 (1354,1355,1,'2011-01-13 13:20:08',7),
 (1355,1356,1,'2011-01-13 13:20:08',7),
 (1356,1357,1,'2011-01-13 13:20:08',7),
 (1357,1358,1,'2011-01-13 13:20:09',7),
 (1358,1359,1,'2011-01-13 13:20:09',7),
 (1359,1360,1,'2011-01-13 13:20:09',7),
 (1360,1361,1,'2011-01-13 13:20:09',7),
 (1361,1362,1,'2011-01-13 13:20:09',7),
 (1362,1363,1,'2011-01-13 13:20:09',7),
 (1363,1364,1,'2011-01-13 13:20:09',7),
 (1364,1365,1,'2011-01-13 13:20:09',7),
 (1365,1366,1,'2011-01-13 13:20:09',7),
 (1366,1367,1,'2011-01-13 13:20:09',7),
 (1367,1368,1,'2011-01-13 13:20:09',7),
 (1368,1369,1,'2011-01-13 13:20:09',7),
 (1369,1370,1,'2011-01-13 13:20:09',7),
 (1370,1371,1,'2011-01-13 13:20:09',7),
 (1371,1372,1,'2011-01-13 13:20:09',7),
 (1372,1373,1,'2011-01-13 13:20:09',7),
 (1373,1374,1,'2011-01-13 13:20:09',7),
 (1374,1375,1,'2011-01-13 13:20:09',7),
 (1375,1376,1,'2011-01-13 13:20:10',7),
 (1376,1377,1,'2011-01-13 13:20:10',7),
 (1377,1378,1,'2011-01-13 13:20:10',7),
 (1378,1379,1,'2011-01-13 13:20:10',7),
 (1379,1380,1,'2011-01-13 13:20:10',7),
 (1380,1381,1,'2011-01-13 13:20:10',7),
 (1381,1382,1,'2011-01-13 13:20:10',7),
 (1382,1383,1,'2011-01-13 13:20:10',7),
 (1383,1384,1,'2011-01-13 13:20:10',7),
 (1384,1385,1,'2011-01-13 13:20:10',7),
 (1385,1386,1,'2011-01-13 13:20:10',7),
 (1386,1387,1,'2011-01-13 13:20:10',7),
 (1387,1388,1,'2011-01-13 13:20:10',7),
 (1388,1389,1,'2011-01-13 13:20:10',7),
 (1389,1390,1,'2011-01-13 13:20:10',7),
 (1390,1391,1,'2011-01-13 13:20:10',7),
 (1391,1392,1,'2011-01-13 13:20:10',7),
 (1392,1393,1,'2011-01-13 13:20:10',7),
 (1393,1394,1,'2011-01-13 13:20:10',7),
 (1394,1395,1,'2011-01-13 13:20:11',7),
 (1395,1396,1,'2011-01-13 13:20:11',7),
 (1396,1397,1,'2011-01-13 13:20:11',7),
 (1397,1398,1,'2011-01-13 13:20:11',7),
 (1398,1399,1,'2011-01-13 13:20:11',7),
 (1399,1400,1,'2011-01-13 13:20:11',7),
 (1400,1401,1,'2011-01-13 13:20:11',7),
 (1401,1402,1,'2011-01-13 13:20:11',7),
 (1402,1403,1,'2011-01-13 13:20:11',7),
 (1403,1404,1,'2011-01-13 13:20:11',7),
 (1404,1405,1,'2011-01-13 13:20:11',7),
 (1405,1406,1,'2011-01-13 13:20:11',7),
 (1406,1407,1,'2011-01-13 13:20:11',7),
 (1407,1408,1,'2011-01-13 13:20:11',7),
 (1408,1409,1,'2011-01-13 13:20:11',7),
 (1409,1410,1,'2011-01-13 13:20:11',7),
 (1410,1411,1,'2011-01-13 13:20:11',7),
 (1411,1412,1,'2011-01-13 13:20:11',7),
 (1412,1413,1,'2011-01-13 13:20:11',7),
 (1413,1414,1,'2011-01-13 13:20:12',7),
 (1414,1415,1,'2011-01-13 13:20:12',7),
 (1415,1416,1,'2011-01-13 13:20:12',7),
 (1416,1417,1,'2011-01-13 13:20:12',7),
 (1417,1418,1,'2011-01-13 13:20:12',7),
 (1418,1419,1,'2011-01-13 13:20:12',7),
 (1419,1420,1,'2011-01-13 13:20:12',7),
 (1420,1421,1,'2011-01-13 13:20:12',7),
 (1421,1422,1,'2011-01-13 13:20:12',7),
 (1422,1423,1,'2011-01-13 13:20:12',7),
 (1423,1424,1,'2011-01-13 13:20:12',7),
 (1424,1425,1,'2011-01-13 13:20:12',7),
 (1425,1426,1,'2011-01-13 13:20:12',7),
 (1426,1427,1,'2011-01-13 13:20:12',7),
 (1427,1428,1,'2011-01-13 13:20:12',7),
 (1428,1429,1,'2011-01-13 13:20:12',7),
 (1429,1430,1,'2011-01-13 13:20:12',7),
 (1430,1431,1,'2011-01-13 13:20:13',7),
 (1431,1432,1,'2011-01-13 13:20:13',7),
 (1432,1433,1,'2011-01-13 13:20:13',7),
 (1433,1434,1,'2011-01-13 13:20:13',7),
 (1434,1435,1,'2011-01-13 13:20:13',7),
 (1435,1436,1,'2011-01-13 13:20:13',7),
 (1436,1437,1,'2011-01-13 13:20:13',7),
 (1437,1438,1,'2011-01-13 13:20:13',7),
 (1438,1439,1,'2011-01-13 13:20:13',7),
 (1439,1440,1,'2011-01-13 13:20:13',7),
 (1440,1441,1,'2011-01-13 13:20:13',7),
 (1441,1442,1,'2011-01-13 13:20:13',7),
 (1442,1443,1,'2011-01-13 13:20:13',7),
 (1443,1444,1,'2011-01-13 13:20:13',7),
 (1444,1445,1,'2011-01-13 13:20:13',7),
 (1445,1446,1,'2011-01-13 13:20:13',7),
 (1446,1447,1,'2011-01-13 13:20:13',7),
 (1447,1448,1,'2011-01-13 13:20:14',7),
 (1448,1449,1,'2011-01-13 13:20:14',7),
 (1449,1450,1,'2011-01-13 13:20:14',7),
 (1450,1451,1,'2011-01-13 13:20:14',7),
 (1451,1452,1,'2011-01-13 13:20:14',7),
 (1452,1453,1,'2011-01-13 13:20:14',7),
 (1453,1454,1,'2011-01-13 13:20:14',7),
 (1454,1455,1,'2011-01-13 13:20:14',7),
 (1455,1456,1,'2011-01-13 13:20:14',7),
 (1456,1457,1,'2011-01-13 13:20:14',7),
 (1457,1458,1,'2011-01-13 13:20:14',7),
 (1458,1459,1,'2011-01-13 13:20:14',7),
 (1459,1460,1,'2011-01-13 13:20:14',7),
 (1460,1461,1,'2011-01-13 13:20:14',7),
 (1461,1462,1,'2011-01-13 13:20:14',7),
 (1462,1463,1,'2011-01-13 13:20:14',7),
 (1463,1464,1,'2011-01-13 13:20:14',7),
 (1464,1465,1,'2011-01-13 13:20:15',7),
 (1465,1466,1,'2011-01-13 13:20:15',7),
 (1466,1467,1,'2011-01-13 13:20:15',7),
 (1467,1468,1,'2011-01-13 13:20:15',7),
 (1468,1469,1,'2011-01-13 13:20:15',7),
 (1469,1470,1,'2011-01-13 13:20:15',7),
 (1470,1471,1,'2011-01-13 13:20:15',17),
 (1471,1472,1,'2011-01-13 13:20:15',17),
 (1472,1473,1,'2011-01-13 13:20:15',17),
 (1473,1474,1,'2011-01-13 13:20:15',17),
 (1474,1475,1,'2011-01-13 13:20:15',17),
 (1475,1476,1,'2011-01-13 13:20:15',17),
 (1476,1477,1,'2011-01-13 13:20:15',17),
 (1477,1478,1,'2011-01-13 13:20:15',17),
 (1478,1479,1,'2011-01-13 13:20:15',17),
 (1479,1480,1,'2011-01-13 13:20:15',17),
 (1480,1481,1,'2011-01-13 13:20:15',17),
 (1481,1482,1,'2011-01-13 13:20:15',17),
 (1482,1483,1,'2011-01-13 13:20:16',17),
 (1483,1484,1,'2011-01-13 13:20:16',17),
 (1484,1485,1,'2011-01-13 13:20:16',17),
 (1485,1486,1,'2011-01-13 13:20:16',17),
 (1486,1487,1,'2011-01-13 13:20:16',17),
 (1487,1488,1,'2011-01-13 13:20:16',17),
 (1488,1489,1,'2011-01-13 13:20:16',17),
 (1489,1490,1,'2011-01-13 13:20:16',17),
 (1490,1491,1,'2011-01-13 13:20:16',17),
 (1491,1492,1,'2011-01-13 13:20:16',17),
 (1492,1493,1,'2011-01-13 13:20:16',29),
 (1493,1494,1,'2011-01-13 13:20:16',29),
 (1494,1495,1,'2011-01-13 13:20:16',29),
 (1495,1496,1,'2011-01-13 13:20:16',29),
 (1496,1497,1,'2011-01-13 13:20:16',29),
 (1497,1498,1,'2011-01-13 13:20:16',16),
 (1498,1499,1,'2011-01-13 13:20:16',16),
 (1499,1500,1,'2011-01-13 13:20:16',16),
 (1500,1501,1,'2011-01-13 13:20:16',16),
 (1501,1502,1,'2011-01-13 13:20:17',16),
 (1502,1503,1,'2011-01-13 13:20:17',16),
 (1503,1504,1,'2011-01-13 13:20:17',16),
 (1504,1505,1,'2011-01-13 13:20:17',16),
 (1505,1506,1,'2011-01-13 13:20:17',16),
 (1506,1507,1,'2011-01-13 13:20:17',16),
 (1507,1508,1,'2011-01-13 13:20:17',16),
 (1508,1509,1,'2011-01-13 13:20:17',16),
 (1509,1510,1,'2011-01-13 13:20:17',16),
 (1510,1511,1,'2011-01-13 13:20:17',16),
 (1511,1512,1,'2011-01-13 13:20:17',16),
 (1512,1513,1,'2011-01-13 13:20:17',16),
 (1513,1514,1,'2011-01-13 13:20:17',16),
 (1514,1515,1,'2011-01-13 13:20:17',16),
 (1515,1516,1,'2011-01-13 13:20:17',16),
 (1516,1517,1,'2011-01-13 13:20:17',16),
 (1517,1518,1,'2011-01-13 13:20:17',16),
 (1518,1519,1,'2011-01-13 13:20:17',16),
 (1519,1520,1,'2011-01-13 13:20:18',16),
 (1520,1521,1,'2011-01-13 13:20:18',16),
 (1521,1522,1,'2011-01-13 13:20:18',16),
 (1522,1523,1,'2011-01-13 13:20:18',16),
 (1523,1524,1,'2011-01-13 13:20:18',16),
 (1524,1525,1,'2011-01-13 13:20:18',16),
 (1525,1526,1,'2011-01-13 13:20:18',16),
 (1526,1527,1,'2011-01-13 13:20:18',16),
 (1527,1528,1,'2011-01-13 13:20:18',17),
 (1528,1529,1,'2011-01-13 13:20:18',17),
 (1529,1530,1,'2011-01-13 13:20:18',17),
 (1530,1531,1,'2011-01-13 13:20:18',17),
 (1531,1532,1,'2011-01-13 13:20:18',17),
 (1532,1533,1,'2011-01-13 13:20:18',17),
 (1533,1534,1,'2011-01-13 13:20:18',25),
 (1534,1535,1,'2011-01-13 13:20:18',25),
 (1535,1536,1,'2011-01-13 13:20:18',25),
 (1536,1537,1,'2011-01-13 13:20:19',25),
 (1537,1538,1,'2011-01-13 13:20:19',6),
 (1538,1539,1,'2011-01-13 13:20:19',6),
 (1539,1540,1,'2011-01-13 13:20:19',14),
 (1540,1541,1,'2011-01-13 13:20:19',14),
 (1541,1542,1,'2011-01-13 13:20:19',15),
 (1542,1543,1,'2011-01-13 13:20:19',15),
 (1543,1544,1,'2011-01-13 13:20:19',15),
 (1544,1545,1,'2011-01-13 13:20:19',15),
 (1545,1546,1,'2011-01-13 13:20:19',15),
 (1546,1547,1,'2011-01-13 13:20:19',15),
 (1547,1548,1,'2011-01-13 13:20:19',15),
 (1548,1549,1,'2011-01-13 13:20:19',15),
 (1549,1550,1,'2011-01-13 13:20:19',15),
 (1550,1551,1,'2011-01-13 13:20:19',15),
 (1551,1552,1,'2011-01-13 13:20:19',15),
 (1552,1553,1,'2011-01-13 13:20:19',15),
 (1553,1554,1,'2011-01-13 13:20:20',15),
 (1554,1555,1,'2011-01-13 13:20:20',15),
 (1555,1556,1,'2011-01-13 13:20:20',15),
 (1556,1557,1,'2011-01-13 13:20:20',15),
 (1557,1558,1,'2011-01-13 13:20:20',15),
 (1558,1559,1,'2011-01-13 13:20:20',15),
 (1559,1560,1,'2011-01-13 13:20:20',15),
 (1560,1561,1,'2011-01-13 13:20:20',15),
 (1561,1562,1,'2011-01-13 13:20:20',15),
 (1562,1563,1,'2011-01-13 13:20:20',15),
 (1563,1564,1,'2011-01-13 13:20:20',15),
 (1564,1565,1,'2011-01-13 13:20:20',15),
 (1565,1566,1,'2011-01-13 13:20:20',15),
 (1566,1567,1,'2011-01-13 13:20:20',15),
 (1567,1568,1,'2011-01-13 13:20:20',15),
 (1568,1569,1,'2011-01-13 13:20:20',15),
 (1569,1570,1,'2011-01-13 13:20:21',15),
 (1570,1571,1,'2011-01-13 13:20:21',30),
 (1571,1572,1,'2011-01-13 13:20:21',31),
 (1572,1573,1,'2011-01-13 13:20:21',32),
 (1573,1574,1,'2011-01-13 13:20:21',32),
 (1574,1575,1,'2011-01-13 13:20:21',32),
 (1575,1576,1,'2011-01-13 13:20:21',32),
 (1576,1577,1,'2011-01-13 13:20:21',32),
 (1577,1578,1,'2011-01-13 13:20:21',32),
 (1578,1579,1,'2011-01-13 13:20:21',32),
 (1579,1580,1,'2011-01-13 13:20:21',32),
 (1580,1581,1,'2011-01-13 13:20:21',32),
 (1581,1582,1,'2011-01-13 13:20:21',32),
 (1582,1583,1,'2011-01-13 13:20:21',32),
 (1583,1584,1,'2011-01-13 13:20:21',32),
 (1584,1585,1,'2011-01-13 13:20:21',32),
 (1585,1586,1,'2011-01-13 13:20:21',32),
 (1586,1587,1,'2011-01-13 13:20:22',32),
 (1587,1588,1,'2011-01-13 13:20:22',32),
 (1588,1589,1,'2011-01-13 13:20:22',32),
 (1589,1590,1,'2011-01-13 13:20:22',32),
 (1590,1591,1,'2011-01-13 13:20:22',32),
 (1591,1592,1,'2011-01-13 13:20:22',32),
 (1592,1593,1,'2011-01-13 13:20:22',32),
 (1593,1594,1,'2011-01-13 13:20:22',32),
 (1594,1595,1,'2011-01-13 13:20:22',32),
 (1595,1596,1,'2011-01-13 13:20:22',32),
 (1596,1597,1,'2011-01-13 13:20:22',32),
 (1597,1598,1,'2011-01-13 13:20:22',32),
 (1598,1599,1,'2011-01-13 13:20:22',9),
 (1599,1600,1,'2011-01-13 13:20:22',9),
 (1600,1601,1,'2011-01-13 13:20:22',9),
 (1601,1602,1,'2011-01-13 13:20:22',9),
 (1602,1603,1,'2011-01-13 13:20:22',9),
 (1603,1604,1,'2011-01-13 13:20:23',9),
 (1604,1605,1,'2011-01-13 13:20:23',9),
 (1605,1606,1,'2011-01-13 13:20:23',9),
 (1606,1607,1,'2011-01-13 13:20:23',9),
 (1607,1608,1,'2011-01-13 13:20:23',9),
 (1608,1609,1,'2011-01-13 13:20:23',9),
 (1609,1610,1,'2011-01-13 13:20:23',9),
 (1610,1611,1,'2011-01-13 13:20:23',9),
 (1611,1612,1,'2011-01-13 13:20:23',9),
 (1612,1613,1,'2011-01-13 13:20:23',9),
 (1613,1614,1,'2011-01-13 13:20:23',9),
 (1614,1615,1,'2011-01-13 13:20:23',9),
 (1615,1616,1,'2011-01-13 13:20:23',9),
 (1616,1617,1,'2011-01-13 13:20:23',9),
 (1617,1618,1,'2011-01-13 13:20:23',9),
 (1618,1619,1,'2011-01-13 13:20:23',9),
 (1619,1620,1,'2011-01-13 13:20:23',9),
 (1620,1621,1,'2011-01-13 13:20:24',9),
 (1621,1622,1,'2011-01-13 13:20:24',9),
 (1622,1623,1,'2011-01-13 13:20:24',9),
 (1623,1624,1,'2011-01-13 13:20:24',9),
 (1624,1625,1,'2011-01-13 13:20:24',9),
 (1625,1626,1,'2011-01-13 13:20:24',9),
 (1626,1627,1,'2011-01-13 13:20:24',9),
 (1627,1628,1,'2011-01-13 13:20:24',9),
 (1628,1629,1,'2011-01-13 13:20:24',9),
 (1629,1630,1,'2011-01-13 13:20:24',9),
 (1630,1631,1,'2011-01-13 13:20:24',9),
 (1631,1632,1,'2011-01-13 13:20:24',9),
 (1632,1633,1,'2011-01-13 13:20:24',9),
 (1633,1634,1,'2011-01-13 13:20:24',9),
 (1634,1635,1,'2011-01-13 13:20:24',9),
 (1635,1636,1,'2011-01-13 13:20:24',9),
 (1636,1637,1,'2011-01-13 13:20:24',9),
 (1637,1638,1,'2011-01-13 13:20:25',9),
 (1638,1639,1,'2011-01-13 13:20:25',9),
 (1639,1640,1,'2011-01-13 13:20:25',9),
 (1640,1641,1,'2011-01-13 13:20:25',9),
 (1641,1642,1,'2011-01-13 13:20:25',9),
 (1642,1643,1,'2011-01-13 13:20:25',9),
 (1643,1644,1,'2011-01-13 13:20:25',9),
 (1644,1645,1,'2011-01-13 13:20:25',9),
 (1645,1646,1,'2011-01-13 13:20:25',9),
 (1646,1647,1,'2011-01-13 13:20:25',9),
 (1647,1648,1,'2011-01-13 13:20:25',9),
 (1648,1649,1,'2011-01-13 13:20:25',9),
 (1649,1650,1,'2011-01-13 13:20:25',9);
INSERT INTO `site_state` (`id`,`id_site`,`is_last`,`date_write`,`id_kind_descriptor`) VALUES 
 (1650,1651,1,'2011-01-13 13:20:25',9),
 (1651,1652,1,'2011-01-13 13:20:25',9),
 (1652,1653,1,'2011-01-13 13:20:25',9),
 (1653,1654,1,'2011-01-13 13:20:25',9),
 (1654,1655,1,'2011-01-13 13:20:26',9),
 (1655,1656,1,'2011-01-13 13:20:26',9),
 (1656,1657,1,'2011-01-13 13:20:26',9),
 (1657,1658,1,'2011-01-13 13:20:26',9),
 (1658,1659,1,'2011-01-13 13:20:26',9),
 (1659,1660,1,'2011-01-13 13:20:26',9),
 (1660,1661,1,'2011-01-13 13:20:26',9),
 (1661,1662,1,'2011-01-13 13:20:26',9),
 (1662,1663,1,'2011-01-13 13:20:26',9),
 (1663,1664,1,'2011-01-13 13:20:26',9),
 (1664,1665,1,'2011-01-13 13:20:26',9),
 (1665,1666,1,'2011-01-13 13:20:26',9),
 (1666,1667,1,'2011-01-13 13:20:26',9),
 (1667,1668,1,'2011-01-13 13:20:26',9),
 (1668,1669,1,'2011-01-13 13:20:26',9),
 (1669,1670,1,'2011-01-13 13:20:26',9),
 (1670,1671,1,'2011-01-13 13:20:26',9),
 (1671,1672,1,'2011-01-13 13:20:27',9),
 (1672,1673,1,'2011-01-13 13:20:27',9),
 (1673,1674,1,'2011-01-13 13:20:27',9),
 (1674,1675,1,'2011-01-13 13:20:27',13),
 (1675,1676,1,'2011-01-13 13:20:27',13),
 (1676,1677,1,'2011-01-13 13:20:27',13),
 (1677,1678,1,'2011-01-13 13:20:27',13),
 (1678,1679,1,'2011-01-13 13:20:27',13),
 (1679,1680,1,'2011-01-13 13:20:27',13),
 (1680,1681,1,'2011-01-13 13:20:27',13),
 (1681,1682,1,'2011-01-13 13:20:27',13),
 (1682,1683,1,'2011-01-13 13:20:27',13),
 (1683,1684,1,'2011-01-13 13:20:27',13),
 (1684,1685,1,'2011-01-13 13:20:27',13),
 (1685,1686,1,'2011-01-13 13:20:27',13),
 (1686,1687,1,'2011-01-13 13:20:27',13),
 (1687,1688,1,'2011-01-13 13:20:27',13),
 (1688,1689,1,'2011-01-13 13:20:28',13),
 (1689,1690,1,'2011-01-13 13:20:28',13),
 (1690,1691,1,'2011-01-13 13:20:28',13),
 (1691,1692,1,'2011-01-13 13:20:28',13),
 (1692,1693,1,'2011-01-13 13:20:28',13),
 (1693,1694,1,'2011-01-13 13:20:28',13),
 (1694,1695,1,'2011-01-13 13:20:28',13),
 (1695,1696,1,'2011-01-13 13:20:28',13),
 (1696,1697,1,'2011-01-13 13:20:28',13),
 (1697,1698,1,'2011-01-13 13:20:28',13),
 (1698,1699,1,'2011-01-13 13:20:28',13),
 (1699,1700,1,'2011-01-13 13:20:28',13),
 (1700,1701,1,'2011-01-13 13:20:28',13),
 (1701,1702,1,'2011-01-13 13:20:28',13),
 (1702,1703,1,'2011-01-13 13:20:28',13),
 (1703,1704,1,'2011-01-13 13:20:28',13),
 (1704,1705,1,'2011-01-13 13:20:28',13),
 (1705,1706,1,'2011-01-13 13:20:29',13),
 (1706,1707,1,'2011-01-13 13:20:29',13),
 (1707,1708,1,'2011-01-13 13:20:29',13),
 (1708,1709,1,'2011-01-13 13:20:29',13),
 (1709,1710,1,'2011-01-13 13:20:29',13),
 (1710,1711,1,'2011-01-13 13:20:29',13),
 (1711,1712,1,'2011-01-13 13:20:29',13),
 (1712,1713,1,'2011-01-13 13:20:29',13),
 (1713,1714,1,'2011-01-13 13:20:29',13),
 (1714,1715,1,'2011-01-13 13:20:29',13),
 (1715,1716,1,'2011-01-13 13:20:29',13),
 (1716,1717,1,'2011-01-13 13:20:29',13),
 (1717,1718,1,'2011-01-13 13:20:29',13),
 (1718,1719,1,'2011-01-13 13:20:29',13),
 (1719,1720,1,'2011-01-13 13:20:29',13),
 (1720,1721,1,'2011-01-13 13:20:29',13),
 (1721,1722,1,'2011-01-13 13:20:29',13),
 (1722,1723,1,'2011-01-13 13:20:30',13),
 (1723,1724,1,'2011-01-13 13:20:30',13),
 (1724,1725,1,'2011-01-13 13:20:30',13),
 (1725,1726,1,'2011-01-13 13:20:30',13),
 (1726,1727,1,'2011-01-13 13:20:30',13),
 (1727,1728,1,'2011-01-13 13:20:30',13),
 (1728,1729,1,'2011-01-13 13:20:30',13),
 (1729,1730,1,'2011-01-13 13:20:30',13),
 (1730,1731,1,'2011-01-13 13:20:30',13),
 (1731,1732,1,'2011-01-13 13:20:30',13),
 (1732,1733,1,'2011-01-13 13:20:30',13),
 (1733,1734,1,'2011-01-13 13:20:30',13),
 (1734,1735,1,'2011-01-13 13:20:30',13),
 (1735,1736,1,'2011-01-13 13:20:30',13),
 (1736,1737,1,'2011-01-13 13:20:30',13),
 (1737,1738,1,'2011-01-13 13:20:30',13),
 (1738,1739,1,'2011-01-13 13:20:30',13),
 (1739,1740,1,'2011-01-13 13:20:31',13),
 (1740,1741,1,'2011-01-13 13:20:31',13),
 (1741,1742,1,'2011-01-13 13:20:31',13),
 (1742,1743,1,'2011-01-13 13:20:31',13),
 (1743,1744,1,'2011-01-13 13:20:31',13),
 (1744,1745,1,'2011-01-13 13:20:31',13),
 (1745,1746,1,'2011-01-13 13:20:31',13),
 (1746,1747,1,'2011-01-13 13:20:31',13),
 (1747,1748,1,'2011-01-13 13:20:31',13),
 (1748,1749,1,'2011-01-13 13:20:31',13),
 (1749,1750,1,'2011-01-13 13:20:31',13),
 (1750,1751,1,'2011-01-13 13:20:31',13),
 (1751,1752,1,'2011-01-13 13:20:31',13),
 (1752,1753,1,'2011-01-13 13:20:31',13),
 (1753,1754,1,'2011-01-13 13:20:31',13),
 (1754,1755,1,'2011-01-13 13:20:31',13),
 (1755,1756,1,'2011-01-13 13:20:31',13),
 (1756,1757,1,'2011-01-13 13:20:32',13),
 (1757,1758,1,'2011-01-13 13:20:32',13),
 (1758,1759,1,'2011-01-13 13:20:32',13),
 (1759,1760,1,'2011-01-13 13:20:32',13),
 (1760,1761,1,'2011-01-13 13:20:32',13),
 (1761,1762,1,'2011-01-13 13:20:32',13),
 (1762,1763,1,'2011-01-13 13:20:32',13),
 (1763,1764,1,'2011-01-13 13:20:32',13),
 (1764,1765,1,'2011-01-13 13:20:32',13),
 (1765,1766,1,'2011-01-13 13:20:32',13),
 (1766,1767,1,'2011-01-13 13:20:32',13),
 (1767,1768,1,'2011-01-13 13:20:32',13),
 (1768,1769,1,'2011-01-13 13:20:32',13),
 (1769,1770,1,'2011-01-13 13:20:32',13),
 (1770,1771,1,'2011-01-13 13:20:32',13),
 (1771,1772,1,'2011-01-13 13:20:32',13),
 (1772,1773,1,'2011-01-13 13:20:32',13),
 (1773,1774,1,'2011-01-13 13:20:33',13),
 (1774,1775,1,'2011-01-13 13:20:33',13),
 (1775,1776,1,'2011-01-13 13:20:33',13),
 (1776,1777,1,'2011-01-13 13:20:33',13),
 (1777,1778,1,'2011-01-13 13:20:33',13),
 (1778,1779,1,'2011-01-13 13:20:33',13),
 (1779,1780,1,'2011-01-13 13:20:33',13),
 (1780,1781,1,'2011-01-13 13:20:33',13),
 (1781,1782,1,'2011-01-13 13:20:33',13),
 (1782,1783,1,'2011-01-13 13:20:33',13),
 (1783,1784,1,'2011-01-13 13:20:33',13),
 (1784,1785,1,'2011-01-13 13:20:33',13),
 (1785,1786,1,'2011-01-13 13:20:33',13),
 (1786,1787,1,'2011-01-13 13:20:33',13),
 (1787,1788,1,'2011-01-13 13:20:33',13),
 (1788,1789,1,'2011-01-13 13:20:33',13),
 (1789,1790,1,'2011-01-13 13:20:33',13),
 (1790,1791,1,'2011-01-13 13:20:34',13),
 (1791,1792,1,'2011-01-13 13:20:34',13),
 (1792,1793,1,'2011-01-13 13:20:34',13),
 (1793,1794,1,'2011-01-13 13:20:34',13),
 (1794,1795,1,'2011-01-13 13:20:34',13),
 (1795,1796,1,'2011-01-13 13:20:34',13),
 (1796,1797,1,'2011-01-13 13:20:34',13),
 (1797,1798,1,'2011-01-13 13:20:34',13),
 (1798,1799,1,'2011-01-13 13:20:34',13),
 (1799,1800,1,'2011-01-13 13:20:34',13),
 (1800,1801,1,'2011-01-13 13:20:34',13),
 (1801,1802,1,'2011-01-13 13:20:34',13),
 (1802,1803,1,'2011-01-13 13:20:34',13),
 (1803,1804,1,'2011-01-13 13:20:34',13),
 (1804,1805,1,'2011-01-13 13:20:34',13),
 (1805,1806,1,'2011-01-13 13:20:34',13),
 (1806,1807,1,'2011-01-13 13:20:34',13),
 (1807,1808,1,'2011-01-13 13:20:34',13),
 (1808,1809,1,'2011-01-13 13:20:35',13),
 (1809,1810,1,'2011-01-13 13:20:35',13),
 (1810,1811,1,'2011-01-13 13:20:35',13),
 (1811,1812,1,'2011-01-13 13:20:35',13),
 (1812,1813,1,'2011-01-13 13:20:35',13),
 (1813,1814,1,'2011-01-13 13:20:35',13),
 (1814,1815,1,'2011-01-13 13:20:35',13),
 (1815,1816,1,'2011-01-13 13:20:35',13),
 (1816,1817,1,'2011-01-13 13:20:35',13),
 (1817,1818,1,'2011-01-13 13:20:35',13),
 (1818,1819,1,'2011-01-13 13:20:35',13),
 (1819,1820,1,'2011-01-13 13:20:35',13),
 (1820,1821,1,'2011-01-13 13:20:35',13),
 (1821,1822,1,'2011-01-13 13:20:35',13),
 (1822,1823,1,'2011-01-13 13:20:35',13),
 (1823,1824,1,'2011-01-13 13:20:35',13),
 (1824,1825,1,'2011-01-13 13:20:35',13),
 (1825,1826,1,'2011-01-13 13:20:36',13),
 (1826,1827,1,'2011-01-13 13:20:36',13),
 (1827,1828,1,'2011-01-13 13:20:36',13),
 (1828,1829,1,'2011-01-13 13:20:36',13),
 (1829,1830,1,'2011-01-13 13:20:36',13),
 (1830,1831,1,'2011-01-13 13:20:36',13),
 (1831,1832,1,'2011-01-13 13:20:36',13),
 (1832,1833,1,'2011-01-13 13:20:36',13),
 (1833,1834,1,'2011-01-13 13:20:36',13),
 (1834,1835,1,'2011-01-13 13:20:36',13),
 (1835,1836,1,'2011-01-13 13:20:36',13),
 (1836,1837,1,'2011-01-13 13:20:36',13),
 (1837,1838,1,'2011-01-13 13:20:36',13),
 (1838,1839,1,'2011-01-13 13:20:36',13),
 (1839,1840,1,'2011-01-13 13:20:36',13),
 (1840,1841,1,'2011-01-13 13:20:36',13),
 (1841,1842,1,'2011-01-13 13:20:36',13),
 (1842,1843,1,'2011-01-13 13:20:37',13),
 (1843,1844,1,'2011-01-13 13:20:37',13),
 (1844,1845,1,'2011-01-13 13:20:37',13),
 (1845,1846,1,'2011-01-13 13:20:37',13),
 (1846,1847,1,'2011-01-13 13:20:37',13),
 (1847,1848,1,'2011-01-13 13:20:37',13),
 (1848,1849,1,'2011-01-13 13:20:37',13),
 (1849,1850,1,'2011-01-13 13:20:37',13),
 (1850,1851,1,'2011-01-13 13:20:37',13),
 (1851,1852,1,'2011-01-13 13:20:37',13),
 (1852,1853,1,'2011-01-13 13:20:37',13),
 (1853,1854,1,'2011-01-13 13:20:37',13),
 (1854,1855,1,'2011-01-13 13:20:37',13),
 (1855,1856,1,'2011-01-13 13:20:37',13),
 (1856,1857,1,'2011-01-13 13:20:37',13),
 (1857,1858,1,'2011-01-13 13:20:37',13),
 (1858,1859,1,'2011-01-13 13:20:37',13),
 (1859,1860,1,'2011-01-13 13:20:38',13),
 (1860,1861,1,'2011-01-13 13:20:38',13),
 (1861,1862,1,'2011-01-13 13:20:38',13),
 (1862,1863,1,'2011-01-13 13:20:38',13),
 (1863,1864,1,'2011-01-13 13:20:38',13),
 (1864,1865,1,'2011-01-13 13:20:38',13),
 (1865,1866,1,'2011-01-13 13:20:38',13),
 (1866,1867,1,'2011-01-13 13:20:38',13),
 (1867,1868,1,'2011-01-13 13:20:38',13),
 (1868,1869,1,'2011-01-13 13:20:38',13),
 (1869,1870,1,'2011-01-13 13:20:38',13),
 (1870,1871,1,'2011-01-13 13:20:38',13),
 (1871,1872,1,'2011-01-13 13:20:38',13),
 (1872,1873,1,'2011-01-13 13:20:38',13),
 (1873,1874,1,'2011-01-13 13:20:38',13),
 (1874,1875,1,'2011-01-13 13:20:38',13),
 (1875,1876,1,'2011-01-13 13:20:38',13),
 (1876,1877,1,'2011-01-13 13:20:39',13),
 (1877,1878,1,'2011-01-13 13:20:39',13),
 (1878,1879,1,'2011-01-13 13:20:39',13),
 (1879,1880,1,'2011-01-13 13:20:39',13),
 (1880,1881,1,'2011-01-13 13:20:39',13),
 (1881,1882,1,'2011-01-13 13:20:39',13),
 (1882,1883,1,'2011-01-13 13:20:39',13),
 (1883,1884,1,'2011-01-13 13:20:39',13),
 (1884,1885,1,'2011-01-13 13:20:39',13),
 (1885,1886,1,'2011-01-13 13:20:39',13),
 (1886,1887,1,'2011-01-13 13:20:39',13),
 (1887,1888,1,'2011-01-13 13:20:39',13),
 (1888,1889,1,'2011-01-13 13:20:39',13),
 (1889,1890,1,'2011-01-13 13:20:39',13),
 (1890,1891,1,'2011-01-13 13:20:39',13),
 (1891,1892,1,'2011-01-13 13:20:39',13),
 (1892,1893,1,'2011-01-13 13:20:39',13),
 (1893,1894,1,'2011-01-13 13:20:39',13),
 (1894,1895,1,'2011-01-13 13:20:40',13),
 (1895,1896,1,'2011-01-13 13:20:40',13),
 (1896,1897,1,'2011-01-13 13:20:40',13),
 (1897,1898,1,'2011-01-13 13:20:40',13),
 (1898,1899,1,'2011-01-13 13:20:40',13),
 (1899,1900,1,'2011-01-13 13:20:40',13),
 (1900,1901,1,'2011-01-13 13:20:40',13),
 (1901,1902,1,'2011-01-13 13:20:40',13),
 (1902,1903,1,'2011-01-13 13:20:40',13),
 (1903,1904,1,'2011-01-13 13:20:40',13),
 (1904,1905,1,'2011-01-13 13:20:40',13),
 (1905,1906,1,'2011-01-13 13:20:40',13),
 (1906,1907,1,'2011-01-13 13:20:40',13),
 (1907,1908,1,'2011-01-13 13:20:40',13),
 (1908,1909,1,'2011-01-13 13:20:40',13),
 (1909,1910,1,'2011-01-13 13:20:40',13),
 (1910,1911,1,'2011-01-13 13:20:41',13),
 (1911,1912,1,'2011-01-13 13:20:41',13),
 (1912,1913,1,'2011-01-13 13:20:41',13),
 (1913,1914,1,'2011-01-13 13:20:41',13),
 (1914,1915,1,'2011-01-13 13:20:41',13),
 (1915,1916,1,'2011-01-13 13:20:41',13),
 (1916,1917,1,'2011-01-13 13:20:41',13),
 (1917,1918,1,'2011-01-13 13:20:41',13),
 (1918,1919,1,'2011-01-13 13:20:41',13),
 (1919,1920,1,'2011-01-13 13:20:41',13),
 (1920,1921,1,'2011-01-13 13:20:41',13),
 (1921,1922,1,'2011-01-13 13:20:41',13),
 (1922,1923,1,'2011-01-13 13:20:41',13),
 (1923,1924,1,'2011-01-13 13:20:41',13),
 (1924,1925,1,'2011-01-13 13:20:41',13),
 (1925,1926,1,'2011-01-13 13:20:41',13),
 (1926,1927,1,'2011-01-13 13:20:42',13),
 (1927,1928,1,'2011-01-13 13:20:42',13),
 (1928,1929,1,'2011-01-13 13:20:42',13),
 (1929,1930,1,'2011-01-13 13:20:42',13),
 (1930,1931,1,'2011-01-13 13:20:42',13),
 (1931,1932,1,'2011-01-13 13:20:42',13),
 (1932,1933,1,'2011-01-13 13:20:42',13),
 (1933,1934,1,'2011-01-13 13:20:42',13),
 (1934,1935,1,'2011-01-13 13:20:42',13),
 (1935,1936,1,'2011-01-13 13:20:42',13),
 (1936,1937,1,'2011-01-13 13:20:42',13),
 (1937,1938,1,'2011-01-13 13:20:42',13),
 (1938,1939,1,'2011-01-13 13:20:42',13),
 (1939,1940,1,'2011-01-13 13:20:42',13),
 (1940,1941,1,'2011-01-13 13:20:42',13),
 (1941,1942,1,'2011-01-13 13:20:42',13),
 (1942,1943,1,'2011-01-13 13:20:43',13),
 (1943,1944,1,'2011-01-13 13:20:43',13),
 (1944,1945,1,'2011-01-13 13:20:43',13),
 (1945,1946,1,'2011-01-13 13:20:43',13),
 (1946,1947,1,'2011-01-13 13:20:43',13),
 (1947,1948,1,'2011-01-13 13:20:43',13),
 (1948,1949,1,'2011-01-13 13:20:43',13),
 (1949,1950,1,'2011-01-13 13:20:43',13),
 (1950,1951,1,'2011-01-13 13:20:43',13),
 (1951,1952,1,'2011-01-13 13:20:43',13),
 (1952,1953,1,'2011-01-13 13:20:43',13),
 (1953,1954,1,'2011-01-13 13:20:43',13),
 (1954,1955,1,'2011-01-13 13:20:43',13),
 (1955,1956,1,'2011-01-13 13:20:43',13),
 (1956,1957,1,'2011-01-13 13:20:43',13),
 (1957,1958,1,'2011-01-13 13:20:43',13),
 (1958,1959,1,'2011-01-13 13:20:43',13),
 (1959,1960,1,'2011-01-13 13:20:44',13),
 (1960,1961,1,'2011-01-13 13:20:44',13),
 (1961,1962,1,'2011-01-13 13:20:44',13),
 (1962,1963,1,'2011-01-13 13:20:44',13),
 (1963,1964,1,'2011-01-13 13:20:44',13),
 (1964,1965,1,'2011-01-13 13:20:44',13),
 (1965,1966,1,'2011-01-13 13:20:44',13),
 (1966,1967,1,'2011-01-13 13:20:44',13),
 (1967,1968,1,'2011-01-13 13:20:44',13),
 (1968,1969,1,'2011-01-13 13:20:44',13),
 (1969,1970,1,'2011-01-13 13:20:44',13),
 (1970,1971,1,'2011-01-13 13:20:44',13),
 (1971,1972,1,'2011-01-13 13:20:44',13),
 (1972,1973,1,'2011-01-13 13:20:44',13),
 (1973,1974,1,'2011-01-13 13:20:44',13),
 (1974,1975,1,'2011-01-13 13:20:44',13),
 (1975,1976,1,'2011-01-13 13:20:45',13),
 (1976,1977,1,'2011-01-13 13:20:45',13),
 (1977,1978,1,'2011-01-13 13:20:45',13),
 (1978,1979,1,'2011-01-13 13:20:45',13),
 (1979,1980,1,'2011-01-13 13:20:45',13),
 (1980,1981,1,'2011-01-13 13:20:45',13),
 (1981,1982,1,'2011-01-13 13:20:45',13),
 (1982,1983,1,'2011-01-13 13:20:45',13),
 (1983,1984,1,'2011-01-13 13:20:45',13),
 (1984,1985,1,'2011-01-13 13:20:45',13),
 (1985,1986,1,'2011-01-13 13:20:45',13),
 (1986,1987,1,'2011-01-13 13:20:45',13),
 (1987,1988,1,'2011-01-13 13:20:45',13),
 (1988,1989,1,'2011-01-13 13:20:45',13),
 (1989,1990,1,'2011-01-13 13:20:46',13),
 (1990,1991,1,'2011-01-13 13:20:46',13),
 (1991,1992,1,'2011-01-13 13:20:46',13),
 (1992,1993,1,'2011-01-13 13:20:46',13),
 (1993,1994,1,'2011-01-13 13:20:46',13),
 (1994,1995,1,'2011-01-13 13:20:46',13),
 (1995,1996,1,'2011-01-13 13:20:46',13),
 (1996,1997,1,'2011-01-13 13:20:46',13),
 (1997,1998,1,'2011-01-13 13:20:46',13),
 (1998,1999,1,'2011-01-13 13:20:46',13),
 (1999,2000,1,'2011-01-13 13:20:46',13),
 (2000,2001,1,'2011-01-13 13:20:46',13),
 (2001,2002,1,'2011-01-13 13:20:46',13),
 (2002,2003,1,'2011-01-13 13:20:46',13),
 (2003,2004,1,'2011-01-13 13:20:47',13),
 (2004,2005,1,'2011-01-13 13:20:47',13),
 (2005,2006,1,'2011-01-13 13:20:47',13),
 (2006,2007,1,'2011-01-13 13:20:47',13),
 (2007,2008,1,'2011-01-13 13:20:47',13),
 (2008,2009,1,'2011-01-13 13:20:47',13),
 (2009,2010,1,'2011-01-13 13:20:47',13),
 (2010,2011,1,'2011-01-13 13:20:47',13),
 (2011,2012,1,'2011-01-13 13:20:47',13),
 (2012,2013,1,'2011-01-13 13:20:47',13),
 (2013,2014,1,'2011-01-13 13:20:47',13),
 (2014,2015,1,'2011-01-13 13:20:47',13),
 (2015,2016,1,'2011-01-13 13:20:47',13),
 (2016,2017,1,'2011-01-13 13:20:47',13),
 (2017,2018,1,'2011-01-13 13:20:47',13),
 (2018,2019,1,'2011-01-13 13:20:47',13),
 (2019,2020,1,'2011-01-13 13:20:47',13),
 (2020,2021,1,'2011-01-13 13:20:48',13),
 (2021,2022,1,'2011-01-13 13:20:48',13),
 (2022,2023,1,'2011-01-13 13:20:48',13),
 (2023,2024,1,'2011-01-13 13:20:48',13),
 (2024,2025,1,'2011-01-13 13:20:48',13),
 (2025,2026,1,'2011-01-13 13:20:48',13),
 (2026,2027,1,'2011-01-13 13:20:48',13),
 (2027,2028,1,'2011-01-13 13:20:48',13),
 (2028,2029,1,'2011-01-13 13:20:48',13),
 (2029,2030,1,'2011-01-13 13:20:48',13),
 (2030,2031,1,'2011-01-13 13:20:48',13),
 (2031,2032,1,'2011-01-13 13:20:48',13),
 (2032,2033,1,'2011-01-13 13:20:48',13),
 (2033,2034,1,'2011-01-13 13:20:48',13),
 (2034,2035,1,'2011-01-13 13:20:48',13),
 (2035,2036,1,'2011-01-13 13:20:48',13),
 (2036,2037,1,'2011-01-13 13:20:49',13),
 (2037,2038,1,'2011-01-13 13:20:49',13),
 (2038,2039,1,'2011-01-13 13:20:49',13),
 (2039,2040,1,'2011-01-13 13:20:49',13),
 (2040,2041,1,'2011-01-13 13:20:49',13),
 (2041,2042,1,'2011-01-13 13:20:49',13),
 (2042,2043,1,'2011-01-13 13:20:49',13),
 (2043,2044,1,'2011-01-13 13:20:49',13),
 (2044,2045,1,'2011-01-13 13:20:49',13),
 (2045,2046,1,'2011-01-13 13:20:49',13),
 (2046,2047,1,'2011-01-13 13:20:49',13),
 (2047,2048,1,'2011-01-13 13:20:49',13),
 (2048,2049,1,'2011-01-13 13:20:49',13),
 (2049,2050,1,'2011-01-13 13:20:49',13),
 (2050,2051,1,'2011-01-13 13:20:49',13),
 (2051,2052,1,'2011-01-13 13:20:49',13),
 (2052,2053,1,'2011-01-13 13:20:49',13),
 (2053,2054,1,'2011-01-13 13:20:50',13),
 (2054,2055,1,'2011-01-13 13:20:50',13),
 (2055,2056,1,'2011-01-13 13:20:50',13),
 (2056,2057,1,'2011-01-13 13:20:50',13),
 (2057,2058,1,'2011-01-13 13:20:50',13),
 (2058,2059,1,'2011-01-13 13:20:50',13),
 (2059,2060,1,'2011-01-13 13:20:50',13),
 (2060,2061,1,'2011-01-13 13:20:50',13),
 (2061,2062,1,'2011-01-13 13:20:50',13),
 (2062,2063,1,'2011-01-13 13:20:50',13),
 (2063,2064,1,'2011-01-13 13:20:50',13),
 (2064,2065,1,'2011-01-13 13:20:50',13),
 (2065,2066,1,'2011-01-13 13:20:50',13),
 (2066,2067,1,'2011-01-13 13:20:50',13),
 (2067,2068,1,'2011-01-13 13:20:50',13),
 (2068,2069,1,'2011-01-13 13:20:50',13),
 (2069,2070,1,'2011-01-13 13:20:51',13),
 (2070,2071,1,'2011-01-13 13:20:51',13),
 (2071,2072,1,'2011-01-13 13:20:51',13),
 (2072,2073,1,'2011-01-13 13:20:51',13),
 (2073,2074,1,'2011-01-13 13:20:51',13),
 (2074,2075,1,'2011-01-13 13:20:51',13),
 (2075,2076,1,'2011-01-13 13:20:51',13),
 (2076,2077,1,'2011-01-13 13:20:51',13),
 (2077,2078,1,'2011-01-13 13:20:51',13),
 (2078,2079,1,'2011-01-13 13:20:51',13),
 (2079,2080,1,'2011-01-13 13:20:51',13),
 (2080,2081,1,'2011-01-13 13:20:51',13),
 (2081,2082,1,'2011-01-13 13:20:51',13),
 (2082,2083,1,'2011-01-13 13:20:51',13),
 (2083,2084,1,'2011-01-13 13:20:51',13),
 (2084,2085,1,'2011-01-13 13:20:51',13),
 (2085,2086,1,'2011-01-13 13:20:52',13),
 (2086,2087,1,'2011-01-13 13:20:52',13),
 (2087,2088,1,'2011-01-13 13:20:52',13),
 (2088,2089,1,'2011-01-13 13:20:52',13),
 (2089,2090,1,'2011-01-13 13:20:52',13),
 (2090,2091,1,'2011-01-13 13:20:52',13),
 (2091,2092,1,'2011-01-13 13:20:52',13),
 (2092,2093,1,'2011-01-13 13:20:52',13),
 (2093,2094,1,'2011-01-13 13:20:52',13),
 (2094,2095,1,'2011-01-13 13:20:52',13),
 (2095,2096,1,'2011-01-13 13:20:52',13),
 (2096,2097,1,'2011-01-13 13:20:52',13),
 (2097,2098,1,'2011-01-13 13:20:52',13),
 (2098,2099,1,'2011-01-13 13:20:52',13),
 (2099,2100,1,'2011-01-13 13:20:52',13),
 (2100,2101,1,'2011-01-13 13:20:52',13),
 (2101,2102,1,'2011-01-13 13:20:52',13),
 (2102,2103,1,'2011-01-13 13:20:53',13),
 (2103,2104,1,'2011-01-13 13:20:53',13),
 (2104,2105,1,'2011-01-13 13:20:53',13),
 (2105,2106,1,'2011-01-13 13:20:53',13),
 (2106,2107,1,'2011-01-13 13:20:53',13),
 (2107,2108,1,'2011-01-13 13:20:53',13),
 (2108,2109,1,'2011-01-13 13:20:53',13),
 (2109,2110,1,'2011-01-13 13:20:53',13),
 (2110,2111,1,'2011-01-13 13:20:53',13),
 (2111,2112,1,'2011-01-13 13:20:53',13),
 (2112,2113,1,'2011-01-13 13:20:53',13),
 (2113,2114,1,'2011-01-13 13:20:53',13),
 (2114,2115,1,'2011-01-13 13:20:53',13),
 (2115,2116,1,'2011-01-13 13:20:53',13),
 (2116,2117,1,'2011-01-13 13:20:53',13),
 (2117,2118,1,'2011-01-13 13:20:53',13),
 (2118,2119,1,'2011-01-13 13:20:53',13),
 (2119,2120,1,'2011-01-13 13:20:54',13),
 (2120,2121,1,'2011-01-13 13:20:54',13),
 (2121,2122,1,'2011-01-13 13:20:54',13),
 (2122,2123,1,'2011-01-13 13:20:54',13),
 (2123,2124,1,'2011-01-13 13:20:54',13),
 (2124,2125,1,'2011-01-13 13:20:54',13),
 (2125,2126,1,'2011-01-13 13:20:54',13),
 (2126,2127,1,'2011-01-13 13:20:54',13),
 (2127,2128,1,'2011-01-13 13:20:54',13),
 (2128,2129,1,'2011-01-13 13:20:54',13),
 (2129,2130,1,'2011-01-13 13:20:54',13),
 (2130,2131,1,'2011-01-13 13:20:54',13),
 (2131,2132,1,'2011-01-13 13:20:54',13),
 (2132,2133,1,'2011-01-13 13:20:54',13),
 (2133,2134,1,'2011-01-13 13:20:54',13),
 (2134,2135,1,'2011-01-13 13:20:54',13),
 (2135,2136,1,'2011-01-13 13:20:55',13),
 (2136,2137,1,'2011-01-13 13:20:55',13),
 (2137,2138,1,'2011-01-13 13:20:55',13),
 (2138,2139,1,'2011-01-13 13:20:55',13),
 (2139,2140,1,'2011-01-13 13:20:55',13),
 (2140,2141,1,'2011-01-13 13:20:55',13),
 (2141,2142,1,'2011-01-13 13:20:55',13),
 (2142,2143,1,'2011-01-13 13:20:55',13),
 (2143,2144,1,'2011-01-13 13:20:55',13),
 (2144,2145,1,'2011-01-13 13:20:55',13),
 (2145,2146,1,'2011-01-13 13:20:55',13),
 (2146,2147,1,'2011-01-13 13:20:55',13),
 (2147,2148,1,'2011-01-13 13:20:55',13),
 (2148,2149,1,'2011-01-13 13:20:55',13),
 (2149,2150,1,'2011-01-13 13:20:55',13),
 (2150,2151,1,'2011-01-13 13:20:55',13),
 (2151,2152,1,'2011-01-13 13:20:56',13),
 (2152,2153,1,'2011-01-13 13:20:56',13),
 (2153,2154,1,'2011-01-13 13:20:56',13),
 (2154,2155,1,'2011-01-13 13:20:56',13),
 (2155,2156,1,'2011-01-13 13:20:56',13),
 (2156,2157,1,'2011-01-13 13:20:56',13),
 (2157,2158,1,'2011-01-13 13:20:56',13),
 (2158,2159,1,'2011-01-13 13:20:56',13),
 (2159,2160,1,'2011-01-13 13:20:56',13),
 (2160,2161,1,'2011-01-13 13:20:56',13),
 (2161,2162,1,'2011-01-13 13:20:56',13),
 (2162,2163,1,'2011-01-13 13:20:56',13),
 (2163,2164,1,'2011-01-13 13:20:56',13),
 (2164,2165,1,'2011-01-13 13:20:56',13),
 (2165,2166,1,'2011-01-13 13:20:56',13),
 (2166,2167,1,'2011-01-13 13:20:56',13),
 (2167,2168,1,'2011-01-13 13:20:56',13),
 (2168,2169,1,'2011-01-13 13:20:57',13),
 (2169,2170,1,'2011-01-13 13:20:57',13),
 (2170,2171,1,'2011-01-13 13:20:57',13),
 (2171,2172,1,'2011-01-13 13:20:57',13),
 (2172,2173,1,'2011-01-13 13:20:57',13),
 (2173,2174,1,'2011-01-13 13:20:57',13),
 (2174,2175,1,'2011-01-13 13:20:57',13),
 (2175,2176,1,'2011-01-13 13:20:57',13),
 (2176,2177,1,'2011-01-13 13:20:57',13),
 (2177,2178,1,'2011-01-13 13:20:57',13),
 (2178,2179,1,'2011-01-13 13:20:57',13),
 (2179,2180,1,'2011-01-13 13:20:57',13),
 (2180,2181,1,'2011-01-13 13:20:57',13),
 (2181,2182,1,'2011-01-13 13:20:57',13),
 (2182,2183,1,'2011-01-13 13:20:57',13),
 (2183,2184,1,'2011-01-13 13:20:57',13),
 (2184,2185,1,'2011-01-13 13:20:57',13),
 (2185,2186,1,'2011-01-13 13:20:58',13),
 (2186,2187,1,'2011-01-13 13:20:58',13),
 (2187,2188,1,'2011-01-13 13:20:58',13),
 (2188,2189,1,'2011-01-13 13:20:58',13),
 (2189,2190,1,'2011-01-13 13:20:58',13),
 (2190,2191,1,'2011-01-13 13:20:58',13),
 (2191,2192,1,'2011-01-13 13:20:58',13),
 (2192,2193,1,'2011-01-13 13:20:58',13),
 (2193,2194,1,'2011-01-13 13:20:58',13),
 (2194,2195,1,'2011-01-13 13:20:58',13),
 (2195,2196,1,'2011-01-13 13:20:58',13),
 (2196,2197,1,'2011-01-13 13:20:58',13),
 (2197,2198,1,'2011-01-13 13:20:58',13),
 (2198,2199,1,'2011-01-13 13:20:58',13),
 (2199,2200,1,'2011-01-13 13:20:58',13),
 (2200,2201,1,'2011-01-13 13:20:58',13),
 (2201,2202,1,'2011-01-13 13:20:58',13),
 (2202,2203,1,'2011-01-13 13:20:58',13),
 (2203,2204,1,'2011-01-13 13:20:59',13),
 (2204,2205,1,'2011-01-13 13:20:59',13),
 (2205,2206,1,'2011-01-13 13:20:59',13),
 (2206,2207,1,'2011-01-13 13:20:59',13),
 (2207,2208,1,'2011-01-13 13:20:59',13),
 (2208,2209,1,'2011-01-13 13:20:59',13),
 (2209,2210,1,'2011-01-13 13:20:59',13),
 (2210,2211,1,'2011-01-13 13:20:59',13),
 (2211,2212,1,'2011-01-13 13:20:59',13),
 (2212,2213,1,'2011-01-13 13:20:59',13),
 (2213,2214,1,'2011-01-13 13:20:59',13),
 (2214,2215,1,'2011-01-13 13:20:59',13),
 (2215,2216,1,'2011-01-13 13:20:59',13),
 (2216,2217,1,'2011-01-13 13:20:59',13),
 (2217,2218,1,'2011-01-13 13:20:59',13),
 (2218,2219,1,'2011-01-13 13:20:59',13),
 (2219,2220,1,'2011-01-13 13:20:59',13),
 (2220,2221,1,'2011-01-13 13:21:00',13),
 (2221,2222,1,'2011-01-13 13:21:00',13),
 (2222,2223,1,'2011-01-13 13:21:00',13),
 (2223,2224,1,'2011-01-13 13:21:00',13),
 (2224,2225,1,'2011-01-13 13:21:00',13),
 (2225,2226,1,'2011-01-13 13:21:00',13),
 (2226,2227,1,'2011-01-13 13:21:00',13),
 (2227,2228,1,'2011-01-13 13:21:00',13),
 (2228,2229,1,'2011-01-13 13:21:00',13),
 (2229,2230,1,'2011-01-13 13:21:00',13),
 (2230,2231,1,'2011-01-13 13:21:00',13),
 (2231,2232,1,'2011-01-13 13:21:00',13),
 (2232,2233,1,'2011-01-13 13:21:00',13),
 (2233,2234,1,'2011-01-13 13:21:00',13),
 (2234,2235,1,'2011-01-13 13:21:00',13),
 (2235,2236,1,'2011-01-13 13:21:00',13),
 (2236,2237,1,'2011-01-13 13:21:00',13),
 (2237,2238,1,'2011-01-13 13:21:01',13),
 (2238,2239,1,'2011-01-13 13:21:01',13),
 (2239,2240,1,'2011-01-13 13:21:01',13),
 (2240,2241,1,'2011-01-13 13:21:01',13),
 (2241,2242,1,'2011-01-13 13:21:01',13),
 (2242,2243,1,'2011-01-13 13:21:01',13),
 (2243,2244,1,'2011-01-13 13:21:01',13),
 (2244,2245,1,'2011-01-13 13:21:01',13),
 (2245,2246,1,'2011-01-13 13:21:01',13),
 (2246,2247,1,'2011-01-13 13:21:01',13),
 (2247,2248,1,'2011-01-13 13:21:01',13),
 (2248,2249,1,'2011-01-13 13:21:01',13),
 (2249,2250,1,'2011-01-13 13:21:01',13),
 (2250,2251,1,'2011-01-13 13:21:01',13),
 (2251,2252,1,'2011-01-13 13:21:01',13),
 (2252,2253,1,'2011-01-13 13:21:02',13),
 (2253,2254,1,'2011-01-13 13:21:02',13),
 (2254,2255,1,'2011-01-13 13:21:02',13),
 (2255,2256,1,'2011-01-13 13:21:02',13),
 (2256,2257,1,'2011-01-13 13:21:02',13),
 (2257,2258,1,'2011-01-13 13:21:02',13),
 (2258,2259,1,'2011-01-13 13:21:02',13),
 (2259,2260,1,'2011-01-13 13:21:02',13),
 (2260,2261,1,'2011-01-13 13:21:02',13),
 (2261,2262,1,'2011-01-13 13:33:39',3),
 (2262,2263,1,'2011-01-13 13:33:39',25),
 (2263,2264,1,'2011-01-13 13:33:39',17),
 (2264,2265,1,'2011-01-13 13:33:39',13),
 (2265,2266,1,'2011-01-13 13:33:39',15),
 (2266,2267,1,'2011-01-13 13:33:39',14),
 (2267,2268,1,'2011-01-13 13:33:39',13),
 (2268,2269,1,'2011-01-13 13:33:39',13),
 (2269,2270,1,'2011-01-13 13:33:39',7),
 (2270,2271,1,'2011-01-13 13:33:40',24),
 (2271,2272,1,'2011-01-13 13:33:40',24),
 (2272,2273,1,'2011-01-13 13:33:40',14),
 (2273,2274,1,'2011-01-13 13:33:40',24),
 (2274,2275,1,'2011-01-13 13:33:40',6),
 (2275,2276,1,'2011-01-13 13:33:40',26),
 (2276,2277,1,'2011-01-13 13:33:40',13),
 (2277,2278,1,'2011-01-13 13:33:41',4),
 (2278,2279,1,'2011-01-13 13:33:41',4),
 (2279,2280,1,'2011-01-13 13:33:41',4),
 (2280,2281,1,'2011-01-13 13:33:41',4),
 (2281,2282,1,'2011-01-13 13:33:41',4),
 (2282,2283,1,'2011-01-13 13:33:41',4),
 (2283,2284,1,'2011-01-13 13:33:41',4),
 (2284,2285,1,'2011-01-13 13:33:41',4),
 (2285,2286,1,'2011-01-13 13:33:41',4),
 (2286,2287,1,'2011-01-13 13:33:41',4),
 (2287,2288,1,'2011-01-13 13:33:41',4),
 (2288,2289,1,'2011-01-13 13:33:41',4),
 (2289,2290,1,'2011-01-13 13:33:41',4),
 (2290,2291,1,'2011-01-13 13:33:41',4),
 (2291,2292,1,'2011-01-13 13:33:41',4),
 (2292,2293,1,'2011-01-13 13:33:41',4),
 (2293,2294,1,'2011-01-13 13:33:41',4),
 (2294,2295,1,'2011-01-13 13:33:41',4),
 (2295,2296,1,'2011-01-13 13:33:42',4),
 (2296,2297,1,'2011-01-13 13:33:42',4),
 (2297,2298,1,'2011-01-13 13:33:42',4),
 (2298,2299,1,'2011-01-13 13:33:42',4),
 (2299,2300,1,'2011-01-13 13:33:42',4),
 (2300,2301,1,'2011-01-13 13:33:42',4),
 (2301,2302,1,'2011-01-13 13:33:42',4),
 (2302,2303,1,'2011-01-13 13:33:42',4),
 (2303,2304,1,'2011-01-13 13:33:42',4),
 (2304,2305,1,'2011-01-13 13:33:42',4),
 (2305,2306,1,'2011-01-13 13:33:42',4),
 (2306,2307,1,'2011-01-13 13:33:42',4),
 (2307,2308,1,'2011-01-13 13:33:42',4),
 (2308,2309,1,'2011-01-13 13:33:42',4),
 (2309,2310,1,'2011-01-13 13:33:42',4),
 (2310,2311,1,'2011-01-13 13:33:42',4),
 (2311,2312,1,'2011-01-13 13:33:42',4),
 (2312,2313,1,'2011-01-13 13:33:42',4),
 (2313,2314,1,'2011-01-13 13:33:42',4),
 (2314,2315,1,'2011-01-13 13:33:42',4),
 (2315,2316,1,'2011-01-13 13:33:42',4),
 (2316,2317,1,'2011-01-13 13:33:42',4),
 (2317,2318,1,'2011-01-13 13:33:43',4),
 (2318,2319,1,'2011-01-13 13:33:43',4),
 (2319,2320,1,'2011-01-13 13:33:43',4),
 (2320,2321,1,'2011-01-13 13:33:43',4),
 (2321,2322,1,'2011-01-13 13:33:43',4),
 (2322,2323,1,'2011-01-13 13:33:43',4),
 (2323,2324,1,'2011-01-13 13:33:43',4),
 (2324,2325,1,'2011-01-13 13:33:43',4),
 (2325,2326,1,'2011-01-13 13:33:43',4),
 (2326,2327,1,'2011-01-13 13:33:43',4),
 (2327,2328,1,'2011-01-13 13:33:43',4),
 (2328,2329,1,'2011-01-13 13:33:43',4),
 (2329,2330,1,'2011-01-13 13:33:43',4),
 (2330,2331,1,'2011-01-13 13:33:43',4),
 (2331,2332,1,'2011-01-13 13:33:43',4),
 (2332,2333,1,'2011-01-13 13:33:43',4),
 (2333,2334,1,'2011-01-13 13:33:44',4),
 (2334,2335,1,'2011-01-13 13:33:44',4),
 (2335,2336,1,'2011-01-13 13:33:44',4),
 (2336,2337,1,'2011-01-13 13:33:44',4),
 (2337,2338,1,'2011-01-13 13:33:44',4),
 (2338,2339,1,'2011-01-13 13:33:44',4),
 (2339,2340,1,'2011-01-13 13:33:44',4),
 (2340,2341,1,'2011-01-13 13:33:44',4),
 (2341,2342,1,'2011-01-13 13:33:44',4),
 (2342,2343,1,'2011-01-13 13:33:44',4),
 (2343,2344,1,'2011-01-13 13:33:44',4),
 (2344,2345,1,'2011-01-13 13:33:44',4),
 (2345,2346,1,'2011-01-13 13:33:44',4),
 (2346,2347,1,'2011-01-13 13:33:44',4),
 (2347,2348,1,'2011-01-13 13:33:44',4),
 (2348,2349,1,'2011-01-13 13:33:44',4),
 (2349,2350,1,'2011-01-13 13:33:44',4),
 (2350,2351,1,'2011-01-13 13:33:44',4),
 (2351,2352,1,'2011-01-13 13:33:45',4),
 (2352,2353,1,'2011-01-13 13:33:45',4),
 (2353,2354,1,'2011-01-13 13:33:45',4),
 (2354,2355,1,'2011-01-13 13:33:45',4),
 (2355,2356,1,'2011-01-13 13:33:45',4),
 (2356,2357,1,'2011-01-13 13:33:45',4),
 (2357,2358,1,'2011-01-13 13:33:45',7),
 (2358,2359,1,'2011-01-13 13:33:45',7),
 (2359,2360,1,'2011-01-13 13:33:45',7),
 (2360,2361,1,'2011-01-13 13:33:45',7),
 (2361,2362,1,'2011-01-13 13:33:45',7),
 (2362,2363,1,'2011-01-13 13:33:45',7),
 (2363,2364,1,'2011-01-13 13:33:45',7),
 (2364,2365,1,'2011-01-13 13:33:45',7),
 (2365,2366,1,'2011-01-13 13:33:45',7),
 (2366,2367,1,'2011-01-13 13:33:45',7),
 (2367,2368,1,'2011-01-13 13:33:45',7),
 (2368,2369,1,'2011-01-13 13:33:46',7),
 (2369,2370,1,'2011-01-13 13:33:46',7),
 (2370,2371,1,'2011-01-13 13:33:47',16),
 (2371,2372,1,'2011-01-13 13:33:47',16),
 (2372,2373,1,'2011-01-13 13:33:47',16),
 (2373,2374,1,'2011-01-13 13:33:47',16),
 (2374,2375,1,'2011-01-13 13:33:47',16),
 (2375,2376,1,'2011-01-13 13:33:47',16),
 (2376,2377,1,'2011-01-13 13:33:47',25),
 (2377,2378,1,'2011-01-13 13:33:47',15),
 (2378,2379,1,'2011-01-13 13:33:47',30),
 (2379,2380,1,'2011-01-13 13:33:47',30),
 (2380,2381,1,'2011-01-13 13:33:47',9),
 (2381,2382,1,'2011-01-13 13:33:47',9),
 (2382,2383,1,'2011-01-13 13:33:47',9),
 (2383,2384,1,'2011-01-13 13:33:47',9),
 (2384,2385,1,'2011-01-13 13:33:48',13),
 (2385,2386,1,'2011-01-13 13:33:48',13),
 (2386,2387,1,'2011-01-13 13:33:48',13),
 (2387,2388,1,'2011-01-13 13:33:48',13),
 (2388,2389,1,'2011-01-13 13:33:48',13),
 (2389,2390,1,'2011-01-13 13:33:48',13),
 (2390,2391,1,'2011-01-13 13:33:48',13),
 (2391,2392,1,'2011-01-13 13:33:48',13),
 (2392,2393,1,'2011-01-13 13:33:48',13),
 (2393,2394,1,'2011-01-13 13:33:48',13),
 (2394,2395,1,'2011-01-13 13:33:48',13),
 (2395,2396,1,'2011-01-13 13:33:48',13),
 (2396,2397,1,'2011-01-13 13:33:48',13),
 (2397,2398,1,'2011-01-13 13:33:48',13),
 (2398,2399,1,'2011-01-13 13:33:48',13),
 (2399,2400,1,'2011-01-13 13:33:48',13),
 (2400,2401,1,'2011-01-13 13:33:49',13),
 (2401,2402,1,'2011-01-13 13:33:49',13),
 (2402,2403,1,'2011-01-13 13:33:49',13),
 (2403,2404,1,'2011-01-13 13:33:49',13),
 (2404,2405,1,'2011-01-13 13:33:50',13),
 (2405,2406,1,'2011-01-13 13:33:50',13),
 (2406,2407,1,'2011-01-13 13:33:50',13);
/*!40000 ALTER TABLE `site_state` ENABLE KEYS */;


--
-- Definition of table `sites`
--

DROP TABLE IF EXISTS `sites`;
CREATE TABLE `sites` (
  `id` int(10) unsigned NOT NULL AUTO_INCREMENT,
  `address` varchar(255) NOT NULL,
  PRIMARY KEY (`id`)
) ENGINE=InnoDB AUTO_INCREMENT=2408 DEFAULT CHARSET=cp1251;

--
-- Dumping data for table `sites`
--

/*!40000 ALTER TABLE `sites` DISABLE KEYS */;
INSERT INTO `sites` (`id`,`address`) VALUES 
 (3,'allo.ua'),
 (7,'a.ua'),
 (8,'ebk.kiev.ua'),
 (9,'electro-trade.com.ua'),
 (10,'eletek.ua'),
 (11,'elmir.ua'),
 (12,'eltop.com.ua'),
 (13,'erge-technics.com'),
 (14,'eto-on.com.ua'),
 (15,'f-stop.com.ua'),
 (16,'gamershop.com.ua'),
 (17,'gpsplaneta.com.ua'),
 (18,'gradus.net.ua'),
 (19,'gtx.com.ua'),
 (20,'hdplayer.com.ua'),
 (21,'hd-systems.com.ua'),
 (22,'hiend.kiev.ua'),
 (23,'hotbox.com.ua'),
 (24,'htc-care.com.ua'),
 (25,'i-metro.com.ua'),
 (26,'incosoft.ua'),
 (27,'intermobil.com.ua'),
 (28,'isale.com.ua'),
 (29,'itstolica.com'),
 (30,'koho.com.ua'),
 (31,'laptopmag.com.ua'),
 (32,'lavochka.org'),
 (33,'legko.in.ua'),
 (34,'mabilka.com.ua'),
 (35,'mac.in.ua'),
 (36,'makkabim.com'),
 (37,'maxmobil.shopium.ua'),
 (38,'mirelli.kiev.ua'),
 (39,'mirok.com.ua'),
 (40,'mixera.com.ua'),
 (41,'mobihelp.com.ua'),
 (42,'mobilelux.com.ua.'),
 (43,'mobillion.com.ua'),
 (44,'mystore.com.ua'),
 (45,'nanoteh.com.ua'),
 (46,'nbook.com.ua'),
 (47,'notebooker.ua'),
 (48,'nout.ua'),
 (49,'nuvi.com.ua'),
 (50,'onto.com.ua'),
 (51,'opticsplanet.com.ua'),
 (52,'podzakaz.com.ua'),
 (53,'pro100ra.com.ua'),
 (54,'probel.com.ua'),
 (55,'proficlimate.com.ua'),
 (56,'pro-teplo.com.ua'),
 (57,'pspmarket.com'),
 (58,'rubin.com.ua'),
 (59,'sale.kiev.ua'),
 (60,'satio.com.ua'),
 (61,'semafor.com.ua'),
 (62,'sezone.com.ua'),
 (63,'sharks.com.ua'),
 (64,'shop.april.in.ua'),
 (65,'shop.skif-s.com.ua'),
 (66,'shop.sony.ua'),
 (67,'shop-rubin.com.ua'),
 (68,'skirda.net'),
 (69,'smotri.bigbord.net'),
 (70,'sonyplaza.com.ua'),
 (71,'supercomp.kiev.ua'),
 (72,'svobodatechno.com.ua'),
 (73,'t-a.com.ua'),
 (74,'technomart.net.ua'),
 (75,'tehnos.com.ua'),
 (76,'tehnoshop.ua'),
 (77,'teka-ua.com'),
 (78,'tera.com.ua'),
 (79,'texnohouse.com.ua'),
 (80,'top-shop.lviv.ua'),
 (81,'top-ua.com.ua'),
 (82,'tovarovoz.com'),
 (83,'tv-lad.com.ua'),
 (84,'typhoon.com.ua'),
 (85,'ukrainecopy.7910.org'),
 (86,'ukrclimat.com'),
 (87,'ukr-shop.com.ua'),
 (88,'umtoner.com.ua'),
 (89,'vaiostore.com.ua'),
 (90,'valera.in.ua'),
 (91,'vipproduct.net'),
 (92,'vmv.kiev.ua'),
 (93,'100ye.com.ua'),
 (94,'2000.com.ua'),
 (95,'7sim7.com'),
 (96,'abc-ua.com'),
 (97,'alsoft.com.ua'),
 (98,'antal-plus.com.ua'),
 (99,'aport.in.ua'),
 (100,'april.in.ua'),
 (101,'aquanet.com.ua'),
 (102,'arkada-bt.com'),
 (103,'artsoft.ua'),
 (104,'arum.com.ua'),
 (105,'a-savida.kiev.ua'),
 (106,'asn.com.ua'),
 (107,'atomag.com'),
 (108,'avermedia.org'),
 (109,'avg-market.com.ua'),
 (110,'bestbuy.com.ua'),
 (111,'bosch-ua.com.ua'),
 (112,'bt.com.ua'),
 (113,'bt.fotomag.com.ua'),
 (114,'btstars.kiev.ua'),
 (115,'buyonline.com.ua'),
 (116,'carambus.com.ua'),
 (117,'cifra.ua'),
 (118,'combinat.com.ua'),
 (119,'compart.com.ua'),
 (120,'compico.com.ua'),
 (121,'comvek.com.ua'),
 (122,'cs.com.ua'),
 (123,'c-shop.com.ua'),
 (124,'deshevshe.ua'),
 (125,'devicom.ua'),
 (126,'digihome.com.ua'),
 (127,'drimm.com.ua'),
 (128,'e.nis.ua'),
 (129,'efront.com.ua'),
 (130,'eldom.com.ua'),
 (131,'electech.com.ua'),
 (132,'elfor.kiev.ua'),
 (133,'elixir.kiev.ua'),
 (134,'eurocopy.com.ua'),
 (135,'europc.com.ua'),
 (136,'e-vitrina.com.ua'),
 (137,'flash-market.com.ua'),
 (138,'fotousb.com.ua'),
 (139,'freebee.7910.org'),
 (140,'giperon.com'),
 (141,'gpsgarmin.com.ua'),
 (142,'greenwoods.com.ua'),
 (143,'hifiaudio.com.ua'),
 (144,'hi-tech.in.ua'),
 (145,'hotmag.com.ua'),
 (146,'hot-water.com.ua'),
 (147,'htcstore.com.ua'),
 (148,'htpc.in.ua'),
 (149,'iland.ua'),
 (150,'ingress.ua'),
 (151,'intersed.kiev.ua'),
 (152,'interstar.ua'),
 (153,'invid-pro.com.ua'),
 (154,'is-shop.com.ua'),
 (155,'itbox.ua'),
 (156,'itformat.com.ua'),
 (157,'itishop.com.ua'),
 (158,'itkiev.com'),
 (159,'itline.com.ua'),
 (160,'itstar.ua'),
 (161,'it-tehno.com.ua'),
 (162,'kalina.com.ua'),
 (163,'kit.kiev.ua'),
 (164,'kladovka.com.ua'),
 (165,'koba.ua'),
 (166,'komp-s.com.ua'),
 (167,'kypi.com.ua'),
 (168,'lds.com.ua'),
 (169,'liderltd.com.ua'),
 (170,'logicom.kiev.ua'),
 (171,'megalavka.com.ua'),
 (172,'mizer.com.ua'),
 (173,'mobilizer.ua'),
 (174,'mobimarket.ua'),
 (175,'modshop.com.ua'),
 (176,'mrr.com.ua'),
 (177,'muk.ua'),
 (178,'muraha.com.ua'),
 (179,'nkt.ua'),
 (180,'ochag-tele.com'),
 (181,'oldgold.com.ua'),
 (182,'org.net.ua'),
 (183,'panasonic-ua.net'),
 (184,'paparazzi.in.ua'),
 (185,'payless.com.ua'),
 (186,'pcforsage.com.ua'),
 (187,'pcland.com.ua'),
 (188,'periscope.com.ua'),
 (189,'photo-start.com.ua'),
 (190,'playland.com.ua'),
 (191,'portativka.com'),
 (192,'pozitiv-m.com.ua'),
 (193,'premia.com.ua'),
 (194,'promtovary.com.ua'),
 (195,'pro-store.kiev.ua'),
 (196,'pulya-shop.com.ua'),
 (197,'pvp.kiev.ua'),
 (198,'qutrus.com'),
 (199,'rmt.net.ua'),
 (200,'rsvit.com.ua'),
 (201,'rulit.com.ua'),
 (202,'sanford.kiev.ua'),
 (203,'sfera.in.ua'),
 (204,'siemens-online.com.ua'),
 (205,'sliderman.com.ua'),
 (206,'slig.com.ua'),
 (207,'smartbee.com.ua'),
 (208,'softmart.ua'),
 (209,'sony-it.com.ua'),
 (210,'sony-reader.in.ua'),
 (211,'sputnic.com.ua'),
 (212,'step.kiev.ua'),
 (213,'sticom.kiev.ua'),
 (214,'super.com.ua'),
 (215,'svyaznoy.com.ua'),
 (216,'system-a.com.ua'),
 (217,'technarium.com.ua'),
 (218,'technoferma.com.ua'),
 (219,'technogorod.com'),
 (220,'technohouse.biz'),
 (221,'technolider.com.ua'),
 (222,'technopolis.com.ua'),
 (223,'technoport.kiev.ua'),
 (224,'tehnomag.kiev.ua'),
 (225,'tehnotorg.com.ua'),
 (226,'teledom.com.ua'),
 (227,'telstar.com.ua'),
 (228,'teplolux.ua'),
 (229,'t-home.com.ua'),
 (230,'toshonado.com'),
 (231,'trinitech.com.ua'),
 (232,'uit.net.ua'),
 (233,'up.kiev.ua'),
 (234,'utc.co.ua'),
 (235,'vicont.com.ua'),
 (236,'vilka.ua'),
 (237,'voipstore.com.ua'),
 (238,'vspishka.net.ua'),
 (239,'weby.com.ua'),
 (240,'xel.com.ua'),
 (241,'x-star.com.ua'),
 (242,'x-store.com.ua'),
 (243,'yabloko.biz.ua'),
 (244,'yourstore.com.ua'),
 (245,' http:'),
 (246,'au.com.ua'),
 (247,'dlinkshop.com.ua'),
 (248,'kotel.org.ua'),
 (249,'mstore.com.ua'),
 (250,'naparnik.com.ua'),
 (251,'nofelet.in.ua'),
 (252,'pandora.in.ua'),
 (253,'psp-pspgo.com.ua'),
 (254,'rozetka.ua'),
 (255,'semerka.com.ua'),
 (256,'tvdshop.com.ua'),
 (257,'abc-market.com.ua'),
 (258,'asktrade.com.ua'),
 (259,'laptop.com.ua'),
 (260,'nabook.com.ua'),
 (261,'navitech.kiev.ua'),
 (262,'stylus.com.ua'),
 (263,'shopping.com.ua'),
 (264,'technoplaza.com.ua'),
 (265,'technotop.com.ua'),
 (266,'xtrade.kiev.ua'),
 (267,'0problem.com.ua'),
 (268,'3giphone.com.ua'),
 (269,'4emodan.kiev.ua'),
 (270,'airmarket.com.ua'),
 (271,'airwater.com.ua'),
 (272,'allnout.com.ua'),
 (273,'artcool.com.ua'),
 (274,'abuys.ua'),
 (275,'blackstone.com.ua'),
 (276,'chitalka.kiev.ua'),
 (277,'cifrosvit.com.ua'),
 (278,'climate.kiev.ua'),
 (279,'elvis.kiev.ua'),
 (280,'euromart.com.ua'),
 (281,'hd1080.com.ua'),
 (282,'iphone3g.org.ua'),
 (283,'iphones3g.com.ua'),
 (284,'karno.ua'),
 (285,'lakmus.ua'),
 (286,'light-shop.com.ua'),
 (287,'macstore.org.ua'),
 (288,'mobalex.com.ua'),
 (289,'pixma.com.ua'),
 (290,'s-a.kiev.ua'),
 (291,'soberisam.com'),
 (292,'vip-mobile.mobi'),
 (293,'amis.org.ua'),
 (294,'air.in.ua'),
 (295,'auto-tuning.in.ua'),
 (296,'diwo.com.ua'),
 (297,'eko.net.ua'),
 (298,'expert-auto.com.ua'),
 (299,'ferum.com.ua'),
 (300,'fram95.com.ua'),
 (301,'imperial.kiev.ua'),
 (302,'insit.com.ua'),
 (303,'mast.kiev.ua'),
 (304,'kupitut.com.ua'),
 (305,'kupi-deshevle.com.ua'),
 (306,'modim.com.ua'),
 (307,'mobila-ua.com'),
 (308,'newgsm.com.ua'),
 (309,'printeroff.net'),
 (310,'prohlada.com.ua'),
 (311,'sdl.com.ua'),
 (312,'shop.sven.ua'),
 (313,'svmobi.com.ua'),
 (314,'tehnomix.com.ua'),
 (315,'teplomontag.com.ua'),
 (316,'teplodar.com.ua'),
 (317,'texnostar.com.ua'),
 (318,'tpe.kiev.ua'),
 (319,'yares.ua'),
 (320,'wfshop.kiev.ua'),
 (321,'alterair.com.ua'),
 (322,'commr.com.ua'),
 (323,'07.ru'),
 (324,'100watt.com.ua'),
 (325,'aircomfort.com.ua'),
 (326,'aladin.com.ua'),
 (327,'antiradarov.net'),
 (328,'comdeluxe.com.ua'),
 (329,'domotronika.com.ua'),
 (330,'elmart.com.ua'),
 (331,'iclub.in.ua'),
 (332,'iphone.org.ua'),
 (333,'limpopo.com.ua'),
 (334,'service-it.kiev.ua'),
 (335,'ts.lviv.ua'),
 (336,'tt.ua'),
 (337,'ua.morele.net'),
 (338,'avtofarsh.com.ua'),
 (339,'axionit.kiev.ua'),
 (340,'cyfra.com.ua'),
 (341,'esms.com.ua'),
 (342,'flash-elektronika.com.ua'),
 (343,'navigator.ua'),
 (344,'net-safari.com'),
 (345,'pawn.com.ua'),
 (346,'pcexpert.com.ua'),
 (347,'technokray.com'),
 (348,'technosite.kiev.ua'),
 (349,'tv-project.com.ua'),
 (350,'tzone.com.ua'),
 (351,'x-comp.com.ua'),
 (352,'xshop.com.ua'),
 (353,'0572.com.ua'),
 (354,'tehshop.com.ua'),
 (355,'130.com.ua'),
 (356,'agama.kiev.ua'),
 (357,'3dplay.com.ua'),
 (358,'alfa-fenix.com.ua'),
 (359,'autokit.kiev.ua'),
 (360,'atori.com.ua'),
 (361,'avoska.biz.ua'),
 (362,'citrum.com.ua'),
 (363,'camcorders.com.ua'),
 (364,'cyber-tek.kiev.ua'),
 (365,'cordini.com.ua'),
 (366,'vint.com.ua'),
 (367,'adoria-shop.net'),
 (368,'atlant.ua'),
 (369,'portaplas.com.ua'),
 (370,'porto.com.ua'),
 (371,'clubmac.kiev.ua'),
 (372,'1brovary.com.ua'),
 (373,'224.com.ua'),
 (374,'4elements.in.ua'),
 (375,'absolutua.com'),
 (376,'actsia.com'),
 (377,'akaba.com.ua'),
 (378,'akerman.com.ua'),
 (379,'akviss.com.ua'),
 (380,'allshop.kiev.ua'),
 (381,'alma2k.kiev.ua'),
 (382,'alphatech.com.ua'),
 (383,'andromeda.net.ua'),
 (384,'antena.com.ua'),
 (385,'appliance.shoplive.com.ua'),
 (386,'ariston-ua.com'),
 (387,'ateks.com.ua'),
 (388,'atlant-ua.com'),
 (389,'avtocomfort.com.ua'),
 (390,'avtrade.com.ua'),
 (391,'azhiotazh.com.ua'),
 (392,'azvuk.ua'),
 (393,'bant.com.ua'),
 (394,'battup.com.ua'),
 (395,'befree.kiev.ua'),
 (396,'best-optics.com.ua'),
 (397,'bigmag.biz.ua'),
 (398,'bmcable.com'),
 (399,'boom.net.ua'),
 (400,'bosch-kiev.com.ua'),
 (401,'b-t.kiev.ua'),
 (402,'btcomfort.com.ua'),
 (403,'btplus.com.ua'),
 (404,'bt-shop.com.ua'),
 (405,'btstile.com.ua'),
 (406,'cata-ua.com'),
 (407,'cdma-trade.com.ua'),
 (408,'cifrolend.com.ua'),
 (409,'cityshop.net.ua'),
 (410,'climatmarka.com.ua'),
 (411,'climat-s.com'),
 (412,'colibriua.com'),
 (413,'comfortshop.com.ua'),
 (414,'comline.com.ua'),
 (415,'comport.in.ua'),
 (416,'cordi.com.ua'),
 (417,'daikin-ua.net'),
 (418,'diant.kiev.ua'),
 (419,'digishop.com.ua'),
 (420,'digital.in.ua'),
 (421,'digitalvideo.com.ua'),
 (422,'domashniy-kinoteatr.com.ua'),
 (423,'dom-market.com.ua'),
 (424,'dyson-shop.com'),
 (425,'dyson-ua.com'),
 (426,'e34.com.ua'),
 (427,'edam.com.ua'),
 (428,'edemkvam.com.ua'),
 (429,'e-home.com.ua'),
 (430,'ekoklimat.com.ua'),
 (431,'eldoradocentr.kiev.ua'),
 (432,'electrotorg.com.ua'),
 (433,'electrovoz.com.ua'),
 (434,'elfor.ua'),
 (435,'emix.com.ua'),
 (436,'eplus.kiev.ua'),
 (437,'eps.kiev.ua'),
 (438,'evrotel.com.ua'),
 (439,'first-line.kiev.ua'),
 (440,'fixer.com.ua'),
 (441,'flashki.kiev.ua'),
 (442,'forcom.kiev.ua'),
 (443,'forsale.com.ua'),
 (444,'fotostop.com.ua'),
 (445,'fotox.com.ua'),
 (446,'gamepost.com.ua'),
 (447,'gcomputers.com.ua'),
 (448,'giperon.ua'),
 (449,'gorenje-ua.com'),
 (450,'graymo.com.ua'),
 (451,'hacker.ua'),
 (452,'haier-ua.com'),
 (453,'hilink.com.ua'),
 (454,'hi-star.com.ua'),
 (455,'hlebopechka.kiev.ua'),
 (456,'hlebopechki.kiev.ua'),
 (457,'homestore.com.ua'),
 (458,'ihop.com.ua'),
 (459,'i-mart.com.ua'),
 (460,'indesit-ua.com'),
 (461,'inkiev.com.ua'),
 (462,'internetmarket.kiev.ua'),
 (463,'ion.ua'),
 (464,'ipodshop.com.ua'),
 (465,'istok.kiev.ua'),
 (466,'itcity.com.ua'),
 (467,'itcyfra.net'),
 (468,'it-select.com.ua'),
 (469,'jera-ua.com'),
 (470,'kaiser-ua.com'),
 (471,'kievgas.com.ua'),
 (472,'kinofoto.tv'),
 (473,'kkshop.com.ua'),
 (474,'kooperator.com.ua'),
 (475,'kruche.net.ua'),
 (476,'lavka.kiev.ua'),
 (477,'lentiaev.net'),
 (478,'lg-ua.com'),
 (479,'lg-ua.net'),
 (480,'liebherr-ua.com'),
 (481,'linecom.kiev.ua'),
 (482,'marketus.com.ua'),
 (483,'masteraudio.com.ua'),
 (484,'medex.com.ua'),
 (485,'megabite.com.ua'),
 (486,'meloch.com.ua'),
 (487,'microstore.com.ua'),
 (488,'miele-ua.com'),
 (489,'mirbt.com.ua'),
 (490,'mitsubishi-heavy.net.ua'),
 (491,'mitsubishi-ua.com'),
 (492,'mkp.kiev.ua'),
 (493,'mobimania.kiev.ua'),
 (494,'msr.kiev.ua'),
 (495,'m-store.com.ua'),
 (496,'new-torg.com.ua'),
 (497,'newworld.co.ua'),
 (498,'nord-ua.net'),
 (499,'novostar.net'),
 (500,'ntools.com.ua'),
 (501,'nuzhno.com.ua'),
 (502,'panasonic-ua.com'),
 (503,'panflat.com.ua'),
 (504,'pda-news.net'),
 (505,'pilesos.kiev.ua'),
 (506,'plazzma.prom.ua'),
 (507,'proxlada.com.ua'),
 (508,'pspclub.com.ua'),
 (509,'pspmarket.com.ua'),
 (510,'pyle-sos.kiev.ua'),
 (511,'pyramida-ua.com'),
 (512,'randl.com.ua'),
 (513,'samsung-ua.com'),
 (514,'samsung-ua.net'),
 (515,'santehnika.ua'),
 (516,'segment-service.com.ua'),
 (517,'servik.com.ua'),
 (518,'shop.gratis.com.ua'),
 (519,'shop.pcforsage.com.ua'),
 (520,'shop-prior.com.ua'),
 (521,'soloshop.com.ua'),
 (522,'soner.com.ua'),
 (523,'sony-reader.com.ua'),
 (524,'sotmarket.com.ua'),
 (525,'sova-shop.com.ua'),
 (526,'starstore.com.ua'),
 (527,'sunport.com.ua'),
 (528,'t4k.com.ua'),
 (529,'taxfree.com.ua'),
 (530,'tdd.com.ua'),
 (531,'technobazar.kiev.ua'),
 (532,'technogrand.com.ua'),
 (533,'technosila.com.ua'),
 (534,'technounity.com.ua'),
 (535,'tehnika.ltd.ua'),
 (536,'tehno.com.ua'),
 (537,'tehno.kiev.ua'),
 (538,'tehnobrend.com.ua'),
 (539,'tehnocity.kiev.ua'),
 (540,'tehnogroup.com.ua'),
 (541,'tehnohata.ua'),
 (542,'tehno-store.com.ua'),
 (543,'tehnosvit.com.ua'),
 (544,'tel.in.ua'),
 (545,'telemarket.com.ua'),
 (546,'teplobud.com.ua'),
 (547,'teploprofi.com.ua'),
 (548,'terabyte.kiev.ua'),
 (549,'terios.com.ua'),
 (550,'texnosvit.com.ua'),
 (551,'topcomfort.com.ua'),
 (552,'toshiba-ua.net'),
 (553,'trixi.com.ua'),
 (554,'tshop.net.ua'),
 (555,'tvplaneta.com.ua'),
 (556,'ucrf.com.ua'),
 (557,'ukrclimate.com.ua'),
 (558,'ukrmobile.com.ua'),
 (559,'unikom.com.ua'),
 (560,'vasap.com.ua'),
 (561,'video-ochki.com.ua'),
 (562,'vkladovke.com.ua'),
 (563,'whirlpool-ua.com'),
 (564,'whitebox.com.ua'),
 (565,'100k.com.ua'),
 (566,'1in.com.ua'),
 (567,'acs.net.ua'),
 (568,'agsat.com.ua'),
 (569,'aksmarket.com.ua'),
 (570,'alant.com.ua'),
 (571,'alsi.com.ua'),
 (572,'altas.com.ua'),
 (573,'aport.kiev.ua'),
 (574,'aspark.com.ua'),
 (575,'astech.com.ua'),
 (576,'asteks.com.ua'),
 (577,'batareyka.com.ua'),
 (578,'bkt.com.ua'),
 (579,'bm.com.ua'),
 (580,'bt.dinstex.com.ua'),
 (581,'btpriisk.com.ua'),
 (582,'cdma-mobile.com'),
 (583,'cdma-mobile.net'),
 (584,'cen.net.ua'),
 (585,'challenge.kiev.ua'),
 (586,'ciframir.com.ua'),
 (587,'comtrading.ua'),
 (588,'cost.com.ua'),
 (589,'creation.kiev.ua'),
 (590,'c-tech.com.ua'),
 (591,'daikin-ua.com.ua'),
 (592,'denon.com.ua'),
 (593,'digitalframe.com.ua'),
 (594,'dinstex.com.ua'),
 (595,'diport.com.ua'),
 (596,'dmarket.com.ua'),
 (597,'domotech.kiev.ua'),
 (598,'dtrade.com.ua'),
 (599,'electromag.com.ua'),
 (600,'elsys.kiev.ua'),
 (601,'exoticmobile.com.ua'),
 (602,'flashtrade.com.ua'),
 (603,'fotoman.com.ua'),
 (604,'fotomost.com.ua'),
 (605,'fullhouse.com.ua'),
 (606,'gb.ua'),
 (607,'gelezka.kiev.ua'),
 (608,'germes.in.ua'),
 (609,'ggshop.com.ua'),
 (610,'grand.ua'),
 (611,'iline.in.ua'),
 (612,'incosoft.com.ua'),
 (613,'ipod-apple.com.ua'),
 (614,'itformat.kiev.ua'),
 (615,'joseph.kiev.ua'),
 (616,'kgb.kiev.ua'),
 (617,'kievmarket.com.ua'),
 (618,'kipit.com.ua'),
 (619,'kpiservice.com.ua'),
 (620,'ktc.com.ua'),
 (621,'loras.com.ua'),
 (622,'maf.com.ua'),
 (623,'mc-trade.kiev.ua'),
 (624,'mediamart.com.ua'),
 (625,'mirit.com.ua'),
 (626,'mitsubishi-ua.net'),
 (627,'mobil-house.com.ua'),
 (628,'mobiman.com.ua'),
 (629,'mobitech.com.ua'),
 (630,'multi.com.ua'),
 (631,'mvclimate.com.ua'),
 (632,'mvideo.kiev.ua'),
 (633,'newmart.com.ua'),
 (634,'notebooki.com.ua'),
 (635,'notebookshop.com.ua'),
 (636,'numberone.kiev.ua'),
 (637,'pc-hard.com.ua'),
 (638,'photoboom.com.ua'),
 (639,'pioneru.com.ua'),
 (640,'pixelplus.com.ua'),
 (641,'pleer.kiev.ua'),
 (642,'pobytova.kiev.ua'),
 (643,'pristavki.ua'),
 (644,'pro100r.com.ua'),
 (645,'progress-sound.com'),
 (646,'radiola.com.ua'),
 (647,'raznotorg.com.ua'),
 (648,'rodnik.in.ua'),
 (649,'satmaster.kiev.ua'),
 (650,'seldom.com.ua'),
 (651,'sewing.kiev.ua'),
 (652,'sis-tema.com.ua'),
 (653,'skidka.com.ua'),
 (654,'skytel.com.ua'),
 (655,'s-mobile.com.ua'),
 (656,'softservice.com.ua'),
 (657,'soft-shop.com.ua'),
 (658,'soundplanet.com.ua'),
 (659,'spark.ua'),
 (660,'sticom.net.ua'),
 (661,'super-market.kiev.ua'),
 (662,'svitbt.com.ua'),
 (663,'te.com.ua'),
 (664,'technodom.kiev.ua'),
 (665,'technogorod.com.ua'),
 (666,'technopark.ua'),
 (667,'techsales.kiev.ua'),
 (668,'tehnohit.com.ua'),
 (669,'tehnoman.kiev.ua'),
 (670,'teplahata.com.ua'),
 (671,'teploresurs.com.ua'),
 (672,'tolstoy.com.ua'),
 (673,'ton.kiev.ua'),
 (674,'tpobut.com'),
 (675,'tradestar.com.ua'),
 (676,'uatehno.com.ua'),
 (677,'umapalata.com.ua'),
 (678,'upas.kiev.ua'),
 (679,'vataga.com.ua'),
 (680,'videotech.com.ua'),
 (681,'vilka.com.ua'),
 (682,'xcomp.kiev.ua'),
 (683,'xclusive.com.ua'),
 (684,'xolodilnik.kiev.ua'),
 (685,'zanussi-ua.com'),
 (686,'permyco.kiev.ua'),
 (687,'a-trade.ua'),
 (688,'eurocomfort.com.ua'),
 (689,'technika.kiev.ua'),
 (690,'tehnogarant.com.ua '),
 (691,'bt.kiev.ua '),
 (692,'tehnotrade.com.ua '),
 (693,'kucha.com.ua'),
 (694,'btmax.com.ua'),
 (695,'tehnoshop.com.ua '),
 (696,'freeon.com.ua '),
 (697,'dezhevle.net'),
 (698,'katran-s.kiev.ua '),
 (699,'e-m.kiev.ua'),
 (700,'chibis.ua'),
 (701,'002.kiev.ua'),
 (702,'101.net.ua'),
 (703,'1palladium.com.ua'),
 (704,'3kita.net'),
 (705,'707.com.ua'),
 (706,'abrand.com.ua'),
 (707,'adelan.kiev.ua'),
 (708,'buytut.com'),
 (709,'a-trade.com.ua'),
 (710,'asvtrade.com.ua'),
 (711,'automusic.net.ua'),
 (712,'avtoprogress.com.ua'),
 (713,'avtozvuk.ua'),
 (714,'bosch-ukraine.com.ua'),
 (715,'bt.hi-tech.com.ua'),
 (716,'chist.com.ua'),
 (717,'climateplus.com.ua'),
 (718,'clean-bt.com.ua'),
 (719,'climatica.com.ua'),
 (720,'cyfrovychok.ua'),
 (721,'delon.com.ua'),
 (722,'dipro.com.ua'),
 (723,'duhovka.kiev.ua'),
 (724,'elektromir.net.ua'),
 (725,'e-market.kiev.ua'),
 (726,'emporium.com.ua'),
 (727,'bosch-siemens.com.ua'),
 (728,'etehnika.com.ua'),
 (729,'flash-card.com.ua'),
 (730,'gps.com.ua'),
 (731,'gpsworld.com.ua'),
 (732,'kolibri.com.ua'),
 (733,'kompro.com.ua'),
 (734,'laptoper.com.ua'),
 (735,'kym.com.ua'),
 (736,'kotel-boiler.com.ua'),
 (737,'kievgaz.com.ua'),
 (738,'listar.com.ua'),
 (739,'kramnica.com'),
 (740,'mobi-lux.com.ua'),
 (741,'macbox.com.ua'),
 (742,'mobiliti.com.ua'),
 (743,'motormusic.kiev.ua'),
 (744,'moyo.com.ua'),
 (745,'nasvyazi.com.ua'),
 (746,'nkt.com.ua'),
 (747,'newbest.org.ua'),
 (748,'onoff.com.ua'),
 (749,'optovichok.net.ua'),
 (750,'planetagps.com'),
 (751,'procity.com.ua'),
 (752,'promobitel.com'),
 (753,'protoria.ua'),
 (754,'radiocom.com.ua'),
 (755,'repka.ua'),
 (756,'setka.ua'),
 (757,'shopochem.com.ua'),
 (758,'skladof.com.ua'),
 (759,'st.ua'),
 (760,'sotex.com.ua'),
 (761,'store.natakir.org.ua'),
 (762,'superprice.com.ua'),
 (763,'supertehnika.com.ua'),
 (764,'sweetprice.com.ua'),
 (765,'technolife.kiev.ua'),
 (766,'tehnokomfort.com.ua'),
 (767,'tehnoroom.com.ua'),
 (768,'tehnoinet.com.ua'),
 (769,'tehnohaza.kiev.ua'),
 (770,'tehnobit.com.ua'),
 (771,'technotema.com'),
 (772,'technoline.com.ua'),
 (773,'tehnoulica.com.ua'),
 (774,'telekvartal.com.ua'),
 (775,'tehnoyarmarok.bigbord.net'),
 (776,'telemob.com.ua'),
 (777,'texliniya.com.ua'),
 (778,'toptorg.com.ua'),
 (779,'torgline.com.ua'),
 (780,'torzhok.com.ua'),
 (781,'uniquestore.com.ua'),
 (782,'vipproduct.com.ua'),
 (783,'vodonagrevateli.com.ua'),
 (784,'vodopad.kiev.ua'),
 (785,'vodovorot.com.ua'),
 (786,'voltex.com.ua'),
 (787,'vybire.com.ua'),
 (788,'winauto.in.ua'),
 (789,'24.com.ua'),
 (790,'aidatreyd.com.ua'),
 (791,'autoaudio.com.ua'),
 (792,'automusic.com.ua'),
 (793,'auvrora.com'),
 (794,'avshop.kiev.ua'),
 (795,'b2.com.ua'),
 (796,'fotomag.com.ua'),
 (797,'city.com.ua'),
 (798,'cyfromir.com.ua'),
 (799,'dexline.com.ua'),
 (800,'digi.com.ua'),
 (801,'digiman.com.ua'),
 (802,'digita.com.ua'),
 (803,'drobak.com.ua'),
 (804,'eldorado.com.ua'),
 (805,'electrohata.kiev.ua'),
 (806,'electromarket.com.ua'),
 (807,'foto.ua'),
 (808,'fotos.ua'),
 (809,'fotosale.com.ua'),
 (810,'gadgetstyle.com.ua'),
 (811,'gsm-ka.com.ua'),
 (812,'goodmarket.com.ua'),
 (813,'itop.com.ua'),
 (814,'island.com.ua'),
 (815,'instep.com.ua'),
 (816,'leader.net.ua'),
 (817,'mexter.com.ua'),
 (818,'maximart.net'),
 (819,'magazin.com.ua'),
 (820,'mkbt.com.ua'),
 (821,'mshara.com.ua'),
 (822,'mshop.kiev.ua'),
 (823,'notus.com.ua'),
 (824,'photo.ua'),
 (825,'portamix.com.ua'),
 (826,'technomir.com.ua'),
 (827,'technosell.com.ua'),
 (828,'telemag.com.ua'),
 (829,'telephone.net.ua'),
 (830,'transformer.ua'),
 (831,'t-trade.com.ua'),
 (832,'zumer.com.ua'),
 (833,'autosayt.com.ua'),
 (834,'bestsound.kiev.ua'),
 (835,'b-smart.com.ua'),
 (836,'bt-land.com.ua'),
 (837,'delonghi-market.com'),
 (838,'displanet.com.ua'),
 (839,'digistok.com.ua'),
 (840,'dom5.com.ua'),
 (841,'elektrod.in.ua'),
 (842,'domino-shop.com.ua'),
 (843,'3ona51.com'),
 (844,'fialca.com.ua'),
 (845,'fotoshop.ua'),
 (846,'e-on.ua'),
 (847,'gpsgarmin.kiev.ua'),
 (848,'hadros.com.ua'),
 (849,'iphone.in.ua'),
 (850,'happybuy.com.ua'),
 (851,'it-sklad.in.ua'),
 (852,'kaktys.com.ua'),
 (853,'komora.com.ua'),
 (854,'lcdshop.com.ua'),
 (855,'lcd-tochka.kiev.ua'),
 (856,'liebherr.kiev.ua'),
 (857,'liebherr-shop.com.ua'),
 (858,'microclimat.com.ua'),
 (859,'mir-audio.com.ua'),
 (860,'mirka.com.ua'),
 (861,'medialider.com.ua'),
 (862,'mobihata.kiev.ua'),
 (863,'mobiice.com.ua'),
 (864,'mobilife.com.ua'),
 (865,'mobisklad.com.ua'),
 (866,'mzona.kiev.ua'),
 (867,'nevo.com.ua'),
 (868,'notebook.ua'),
 (869,'novatek.com.ua'),
 (870,'osminog.com.ua'),
 (871,'pandashop.com.ua'),
 (872,'perestrojka.com.ua'),
 (873,'profitrade.kiev.ua'),
 (874,'pro-holod.kiev.ua'),
 (875,'prometei.com.ua'),
 (876,'robotronic.com.ua'),
 (877,'santik.com.ua'),
 (878,'shara.ua'),
 (879,'shop.kenwood.ua'),
 (880,'sho.com.ua'),
 (881,'siemens-ukraine.com.ua'),
 (882,'sofi.kiev.ua'),
 (883,'speedway.in.ua'),
 (884,'superok.com.ua'),
 (885,'syndyk.kiev.ua'),
 (886,'tehnodomik.com.ua'),
 (887,'telek.net.ua'),
 (888,'texnolux.com'),
 (889,'tehnobest.com'),
 (890,'topbt.com.ua'),
 (891,'usa-techniks.com.ua'),
 (892,'vareos.com.ua'),
 (893,'viptrade.com.ua'),
 (894,'vstroyka.net.ua'),
 (895,'webshara.com.ua'),
 (896,'044.com.ua'),
 (897,'acdc.kiev.ua'),
 (898,'best-shot.com.ua'),
 (899,'belkashop.com.ua'),
 (900,'avmix.com.ua'),
 (901,'cbm.com.ua'),
 (902,'ciscosb.com.ua'),
 (903,'cifrovik.com.ua'),
 (904,'climatshop.com.ua'),
 (905,'e-trading.com.ua'),
 (906,'e-on.com.ua'),
 (907,'fortyna.com.ua'),
 (908,'gefest.com.ua'),
 (909,'ibit.com.ua'),
 (910,'igromarket.com.ua'),
 (911,'portativ.org.ua'),
 (912,'kam.in.ua'),
 (913,'it-shop.co.ua'),
 (914,'itkom.com.ua'),
 (915,'megastar.com.ua'),
 (916,'megabyte.kiev.ua'),
 (917,'matrix.ua'),
 (918,'mirmobilok.com.ua'),
 (919,'mobiplus.com.ua'),
 (920,'mobitrade.ua'),
 (921,'mobidrive.com.ua'),
 (922,'neotrade.com.ua'),
 (923,'nazakaz.com.ua'),
 (924,'plazmatex.com.ua'),
 (925,'phoneline.com.ua'),
 (926,'panasonic-plaza.ua'),
 (927,'optimart.ua'),
 (928,'profi777.com.ua'),
 (929,'shop.diawest.com'),
 (930,'sermobile.com.ua'),
 (931,'slig.kiev.ua'),
 (932,'sonymarket.com.ua'),
 (933,'sklad-bt.com.ua'),
 (934,'soundmaster.com.ua'),
 (935,'stealthcomp.com'),
 (936,'technozuk.com.ua'),
 (937,'tehnostar.com.ua'),
 (938,'telex.com.ua'),
 (939,'tehnomix.kiev.ua'),
 (940,'telik.com.ua'),
 (941,'topmobila.com.ua'),
 (942,'toxic.com.ua'),
 (943,'viptehnika.com.ua'),
 (944,'videosvit.com.ua'),
 (945,'vectra.com.ua'),
 (946,'xshop.ua'),
 (947,'vtochku.com.ua'),
 (948,'xolodok.com.ua'),
 (949,'100amper.com.ua'),
 (950,'220.ua'),
 (951,'54321.com.ua'),
 (952,'abcphoto.com.ua'),
 (953,'all-in-one.kiev.ua'),
 (954,'akonta.com.ua'),
 (955,'avplusbt.com.ua'),
 (956,'avshop.ua'),
 (957,'avt.co.ua'),
 (958,'bazuka.com.ua'),
 (959,'boneco-ua.com'),
 (960,'bytovka.net'),
 (961,'bonvous.com.ua'),
 (962,'digilla.com.ua'),
 (963,'cooltools.com.ua'),
 (964,'all-service.com.ua'),
 (965,'audiosystems.com.ua'),
 (966,'bestonthenet.com.ua'),
 (967,'bt-trade.kiev.ua'),
 (968,'comnet.kiev.ua'),
 (969,'ita.net.ua'),
 (970,'karcher-yuventa.com'),
 (971,'leega-k.com.ua'),
 (972,'macforless.com.ua'),
 (973,'pauchok.com.ua'),
 (974,'pele.com.ua'),
 (975,'ser.com.ua'),
 (976,'teplotochka.com.ua'),
 (977,'tovarnadom.com.ua'),
 (978,'trade-lux.com'),
 (979,'videoprof.com.ua'),
 (980,'mtr.com.ua'),
 (981,'bestconnection.com.ua'),
 (982,'cofevarka.com.ua'),
 (983,'eshop.co.ua'),
 (984,'kavovarka.com.ua'),
 (985,'rasko.com.ua'),
 (986,'chif.com.ua'),
 (987,'chisto-karcher.com'),
 (988,'goodok.com.ua'),
 (989,'veta-tc.com.ua'),
 (990,'moneta.com.ua'),
 (991,'nu-da.com.ua'),
 (992,'altalux.com.ua'),
 (993,'eletorg.com.ua'),
 (994,'forint.kiev.ua'),
 (995,'coolershop.com.ua'),
 (996,'nighthunter.com.ua'),
 (997,'clio.net.ua'),
 (998,'coffee-break.com.ua'),
 (999,'coffeemaster.com.ua'),
 (1000,'comos.ru'),
 (1001,'compsale.com.ua'),
 (1002,'compshop.com.ua'),
 (1003,'comsoft.kiev.ua'),
 (1004,'cutty-sark.kiev.ua'),
 (1005,'digital-eye.kiev.ua'),
 (1006,'domcoffee.com.ua'),
 (1007,'domofon.kiev.ua'),
 (1008,'domoshop.com.ua'),
 (1009,'dvcomp.kiev.ua'),
 (1010,'e-consulting.com.ua'),
 (1011,'fara.org.ua'),
 (1012,'flashmobile.com.ua'),
 (1013,'folgat.ua'),
 (1014,'gps-order.com'),
 (1015,'magazino.com.ua'),
 (1016,'m4u.com.ua'),
 (1017,'newstyle.com.ua'),
 (1018,'satvision.com.ua'),
 (1019,'scout.biz.ua'),
 (1020,'softkey.ua'),
 (1021,'stargof.com.ua'),
 (1022,'styletime.com.ua'),
 (1023,'tehnika.in.ua'),
 (1024,'tonometr.com.ua'),
 (1025,'topshop.kiev.ua'),
 (1026,'uashop.com.ua'),
 (1027,'uct-trade.com'),
 (1028,'ukostra.com.ua'),
 (1029,'ukrtech.com'),
 (1030,'unibind.name'),
 (1031,'unitek.com.ua'),
 (1032,'vertucopy.com.ua'),
 (1033,'veta.co.ua'),
 (1034,'yees.cd'),
 (1035,'12v.kiev.ua'),
 (1036,'2a.net.ua'),
 (1037,'4travel.com.ua'),
 (1038,'all-tyres.com.ua'),
 (1039,'antivirus.biz.ua'),
 (1040,'aquapex.com.ua'),
 (1041,'ariadna.kiev.ua'),
 (1042,'astroscope.com.ua'),
 (1043,'atl.ua'),
 (1044,'automobilis.com.ua'),
 (1045,'av-cables.com.ua'),
 (1046,'avtoshina.com.ua'),
 (1047,'bar-code.com.ua'),
 (1048,'battery.net.ua'),
 (1049,'boatservice.com.ua'),
 (1050,'boschtools.com.ua'),
 (1051,'bysat.com.ua'),
 (1052,'cam.biz.ua'),
 (1053,'coffeeindustry.com.ua'),
 (1054,'dimkavi.com.ua'),
 (1055,'elitshina.com.ua'),
 (1056,'espresso-shop.com.ua'),
 (1057,'expertauto.com.ua'),
 (1058,'generator.net.ua'),
 (1059,'gumanova.com.ua'),
 (1060,'hotei.com.ua'),
 (1061,'kolesiko.com.ua'),
 (1062,'liganova.kiev.ua'),
 (1063,'luxshina.com.ua'),
 (1064,'mastershin.com.ua'),
 (1065,'mirbez.com.ua'),
 (1066,'n-coffee.com.ua'),
 (1067,'oasiswater.com.ua'),
 (1068,'officemarket.com.ua'),
 (1069,'promt.com.ua'),
 (1070,'proshina.com.ua'),
 (1071,'qubictele.com'),
 (1072,'radius.com.ua'),
 (1073,'rezina.cc'),
 (1074,'rezina.ua'),
 (1075,'saeco.in.ua'),
 (1076,'skladshin.in.ua'),
 (1077,'softstore.com.ua'),
 (1078,'specialist.co.ua'),
 (1079,'strument.com.ua'),
 (1080,'topshoptv.com.ua'),
 (1081,'vilima95.com.ua'),
 (1082,'911ua.com'),
 (1083,'klokol.kiev.ua'),
 (1084,'terrasport.com.ua'),
 (1085,'bestcom.net.ua'),
 (1086,'ggear.com.ua'),
 (1087,'itelltd.kiev.ua'),
 (1088,'mobisport.bigbord.net'),
 (1089,'tehnodesign.com.ua'),
 (1090,'100hz.com.ua'),
 (1091,'100.ua'),
 (1092,'1-incom.com.ua'),
 (1093,'activehobby.com.ua'),
 (1094,'advis.com.ua'),
 (1095,'alekol.com.ua'),
 (1096,'allsoft.com.ua'),
 (1097,'alltools.com.ua'),
 (1098,'ariana.com.ua'),
 (1099,'atstorg.ru'),
 (1100,'azurit.com.ua'),
 (1101,'baden.ua'),
 (1102,'bbk.ua'),
 (1103,'bestway.in.ua'),
 (1104,'carsound.com.ua'),
 (1105,'cases.kiev.ua'),
 (1106,'cdma.bizmir.net'),
 (1107,'cdmasvit.com'),
 (1108,'citytime.com.ua'),
 (1109,'conditioner-service.kiev.ua'),
 (1110,'delux.com.ua'),
 (1111,'diskoff.net'),
 (1112,'domateplo.com.ua'),
 (1113,'domix.com.ua'),
 (1114,'dreambox.com.ua'),
 (1115,'e-battery.com.ua'),
 (1116,'electrodom.com.ua'),
 (1117,'eliks.com'),
 (1118,'fantazer.kiev.ua'),
 (1119,'flagman.kiev.ua'),
 (1120,'focal.com.ua'),
 (1121,'foto-shop.com.ua'),
 (1122,'gloria.com.ua'),
 (1123,'g-market.com.ua'),
 (1124,'harman.com.ua'),
 (1125,'hifi-salon.com.ua'),
 (1126,'metros.com.ua'),
 (1127,'i-gamer.com.ua'),
 (1128,'ingress.com.ua'),
 (1129,'iphonestore.com.ua'),
 (1130,'karcher-ovcharoff.com.ua'),
 (1131,'karcher-vitlant.com.ua'),
 (1132,'klondaik.com.ua'),
 (1133,'klondayk.com.ua'),
 (1134,'liebherr-online.com.ua'),
 (1135,'maxiland.com.ua'),
 (1136,'mbel.com.ua'),
 (1137,'mediamall.ru'),
 (1138,'mediatech.com.ua'),
 (1139,'meteomaster.com.ua'),
 (1140,'micron.kiev.ua'),
 (1141,'minimoyka.com'),
 (1142,'mir3g.com.ua'),
 (1143,'mirtex.com.ua'),
 (1144,'mobility.com.ua'),
 (1145,'music-hall.com.ua'),
 (1146,'mypda.com.ua'),
 (1147,'navitech.com.ua'),
 (1148,'newmarket.com.ua'),
 (1149,'newtechnology.com.ua'),
 (1150,'nofelet.net.ua'),
 (1151,'office-market.kiev.ua'),
 (1152,'oner.com.ua'),
 (1153,'online-market.com.ua'),
 (1154,'petrovka.ua'),
 (1155,'podorozhnik.com.ua'),
 (1156,'provod.net.ua'),
 (1157,'pylesos.kiev.ua'),
 (1158,'redkost.com.ua'),
 (1159,'rentgame.com.ua'),
 (1160,'sew.kiev.ua'),
 (1161,'shop.topdj.ua'),
 (1162,'shop-gsm.net'),
 (1163,'signalka.kiev.ua'),
 (1164,'skysat.com.ua'),
 (1165,'sobi.com.ua'),
 (1166,'svitpokupok.com'),
 (1167,'sv-techno.com.ua'),
 (1168,'tchernovaudio.com'),
 (1169,'technocontinent.com'),
 (1170,'technolife.in.ua'),
 (1171,'technolink.com.ua'),
 (1172,'tehnobaza.com.ua'),
 (1173,'tehnotek.com.ua'),
 (1174,'teplolife.com.ua'),
 (1175,'teplovoda.com'),
 (1176,'texnovit.com.ua'),
 (1177,'tic.kiev.ua'),
 (1178,'tv-ua.com'),
 (1179,'uni-market.com.ua'),
 (1180,'vashsputnik.com'),
 (1181,'vip-torg.com.ua'),
 (1182,'volume.com.ua'),
 (1183,'ene-tech.com.ua'),
 (1184,'yamahashop.com.ua'),
 (1185,'ua-foto.com'),
 (1186,'galanz.kiev.ua'),
 (1187,'ibservice.com.ua'),
 (1188,'galex-game.com.ua'),
 (1189,'gsc.com.ua'),
 (1190,'pridbay.com.ua'),
 (1191,'inksystem.com.ua'),
 (1192,'luxgroups.com.ua'),
 (1193,'mobtelphone.com'),
 (1194,'nebesa.com'),
 (1195,'panicprice.com.ua'),
 (1196,'primenet.ua'),
 (1197,'promel.com.ua'),
 (1198,'seta.net.ua'),
 (1199,'smart60.kiev.ua'),
 (1200,'softlist.com.ua'),
 (1201,'sputnikovoe.com'),
 (1202,'syst.com.ua'),
 (1203,'todos.com.ua'),
 (1204,'videos.com.ua'),
 (1205,'vlr.com.ua'),
 (1206,'zaskos.kiev.ua'),
 (1207,'ziko.kiev.ua'),
 (1208,'absolut.ua'),
 (1209,'aerogrill.com.ua'),
 (1210,'alloxa.com'),
 (1211,'array.com.ua'),
 (1212,'dvm.kiev.ua'),
 (1213,'irobot.kiev.ua'),
 (1214,'kyocerashop.kiev.ua'),
 (1215,'labaz.ua'),
 (1216,'laptopbattery.com.ua'),
 (1217,'machouse.ua'),
 (1218,'masterdigital.com.ua'),
 (1219,'promobile.com.ua'),
 (1220,'store.mpxsys.com.ua'),
 (1221,'storeboy.com.ua'),
 (1222,'topgame.com.ua'),
 (1223,'anycool-kdi.com.ua'),
 (1224,'apple-plaza.com.ua'),
 (1225,'3anet.com.ua'),
 (1226,'accstore.net'),
 (1227,'accumulator.in.ua'),
 (1228,'akym.com.ua'),
 (1229,'allsoft.ua'),
 (1230,'anycool.in.ua'),
 (1231,'apple-online.com.ua'),
 (1232,'autocon.com.ua'),
 (1233,'autofishka.com.ua'),
 (1234,'avserv.kiev.ua'),
 (1235,'avtosound.in.ua'),
 (1236,'avtostudio.com.ua'),
 (1237,'axxa.com.ua'),
 (1238,'babykreslo.com'),
 (1239,'bizon.com.ua'),
 (1240,'bud-line.com.ua'),
 (1241,'carsolutions.com.ua'),
 (1242,'cenoshara.com.ua'),
 (1243,'c-group.com.ua'),
 (1244,'colorlife.com.ua'),
 (1245,'darinet.com.ua'),
 (1246,'decibel.com.ua'),
 (1247,'develop-mfp.com.ua'),
 (1248,'diawest.net.ua'),
 (1249,'dicomp.com.ua'),
 (1250,'dizelek.com.ua'),
 (1251,'dolce-gusto.ua'),
 (1252,'domofone.com.ua'),
 (1253,'e-p-s.com.ua'),
 (1254,'ets.biz.ua'),
 (1255,'extra-avto.com.ua'),
 (1256,'gps-ck.com.ua'),
 (1257,'hitavto.com.ua'),
 (1258,'hotstore.com.ua'),
 (1259,'gamestop.com.ua'),
 (1260,'idream.com.ua'),
 (1261,'image-ua.com'),
 (1262,'in-green.com.ua'),
 (1263,'ipadstore.org.ua'),
 (1264,'janome.in.ua'),
 (1265,'krainashin.com'),
 (1266,'krona-papir.com.ua'),
 (1267,'labaz.com.ua'),
 (1268,'lpfm.com.ua'),
 (1269,'lucky-print.com.ua'),
 (1270,'luxgroup.com.ua'),
 (1271,'mar.prom.ua'),
 (1272,'med-magazin.com.ua'),
 (1273,'minimoyka.kiev.ua'),
 (1274,'mkt.kiev.ua'),
 (1275,'mvp.com.ua'),
 (1276,'nashcar.com.ua'),
 (1277,'netlink.com.ua'),
 (1278,'nets.com.ua'),
 (1279,'northwall.com.ua'),
 (1280,'podushka.com.ua'),
 (1281,'posuddeluxe.ua'),
 (1282,'premium-systems.com.ua'),
 (1283,'pricerevolution.com.ua'),
 (1284,'print-service.com.ua'),
 (1285,'proxis.com.ua'),
 (1286,'pyli-net.com.ua'),
 (1287,'ramteh.com.ua'),
 (1288,'remsoft.com.ua'),
 (1289,'right-print.com.ua'),
 (1290,'service.patron.ua'),
 (1291,'shop.expertauto.com.ua'),
 (1292,'shop.vm.ua'),
 (1293,'sitek.kiev.ua'),
 (1294,'sit-ua.net'),
 (1295,'spender.com.ua'),
 (1296,'stark.kiev.ua'),
 (1297,'techlinewheels.com.ua'),
 (1298,'teplo.com'),
 (1299,'teplotehno.com'),
 (1300,'unimag.net.ua'),
 (1301,'v-home.com.ua'),
 (1302,'videoplus.org.ua'),
 (1303,'webauto.com.ua'),
 (1304,'wortmann.com.ua'),
 (1305,'wpc.kiev.ua'),
 (1306,'12v.in.ua'),
 (1307,'1server.com.ua'),
 (1308,'22-32.com.ua'),
 (1309,'3g-modem.net.ua'),
 (1310,'adventure.com.ua'),
 (1311,'agatis.biz'),
 (1312,'akvilon-energy.com.ua'),
 (1313,'alga.com.ua'),
 (1314,'algor.com.ua'),
 (1315,'all4printers.com'),
 (1316,'allbatt.com'),
 (1317,'allprolamp.com.ua'),
 (1318,'avante.com.ua'),
 (1319,'avi-market.com'),
 (1320,'avistagroup.kiev.ua'),
 (1321,'av-pro.com.ua'),
 (1322,'avtoradosti.com.ua'),
 (1323,'azimut.com.ua'),
 (1324,'b2b.in.ua'),
 (1325,'basis-ua.com'),
 (1326,'best-service.kiev.ua'),
 (1327,'brat.com.ua'),
 (1328,'buybag.com.ua'),
 (1329,'bvm.kiev.ua'),
 (1330,'cafe-coffee.kiev.ua'),
 (1331,'cdma-shop.com.ua'),
 (1332,'certtone.ua'),
 (1333,'cerus.com.ua'),
 (1334,'cgu.kiev.ua'),
 (1335,'cms.kiev.ua'),
 (1336,'coryphae.ua'),
 (1337,'cross-service.com.ua'),
 (1338,'darrom.com.ua'),
 (1339,'data-com.com.ua'),
 (1340,'domosad.com.ua'),
 (1341,'dsm-trade.com.ua'),
 (1342,'dsr.co.ua'),
 (1343,'e-battery.kiev.ua'),
 (1344,'ecko.net.ua'),
 (1345,'electroland.com.ua'),
 (1346,'electromotor.com.ua'),
 (1347,'elliscom.kiev.ua'),
 (1348,'energoport.com.ua'),
 (1349,'enter.in.ua'),
 (1350,'entry.kiev.ua'),
 (1351,'eos.com.ua'),
 (1352,'erc.ua'),
 (1353,'esperanto.od.ua'),
 (1354,'etc.com.ua'),
 (1355,'euroindex.ua'),
 (1356,'evm.in.ua'),
 (1357,'ex.com.ua'),
 (1358,'fenixred.com.ua'),
 (1359,'flora.com.ua'),
 (1360,'fortex.kiev.ua'),
 (1361,'fortgroup.kiev.ua'),
 (1362,'freshlightstudio.com'),
 (1363,'georg.com.ua'),
 (1364,'giftec.com.ua'),
 (1365,'goodzone.com.ua'),
 (1366,'gorgany.com'),
 (1367,'gpsukraine.net'),
 (1368,'grandbud.com.ua'),
 (1369,'hdplayers.com.ua'),
 (1370,'hdtv-zone.com.ua'),
 (1371,'hotshop.kiev.ua'),
 (1372,'ics-tech.kiev.ua'),
 (1373,'igrashki.com.ua'),
 (1374,'infoplus.kiev.ua'),
 (1375,'infotrade.com.ua'),
 (1376,'inksystem.biz'),
 (1377,'inktec.ua'),
 (1378,'inpc.com.ua'),
 (1379,'integra.kiev.ua'),
 (1380,'integrator-tele.com'),
 (1381,'interactiveklass.com.ua'),
 (1382,'intersv.com.ua'),
 (1383,'ionia.com.ua'),
 (1384,'itbiz.com.ua'),
 (1385,'it-resources.com.ua'),
 (1386,'itsar.com.ua'),
 (1387,'kinofoto.com.ua'),
 (1388,'klondayk.ua'),
 (1389,'konicaminolta.com.ua'),
 (1390,'krisla.com.ua'),
 (1391,'laxmi.com.ua'),
 (1392,'leater.com'),
 (1393,'maclove.com.ua'),
 (1394,'macservice.com.ua'),
 (1395,'masterservice.com.ua'),
 (1396,'master-service.com.ua'),
 (1397,'mdk.kiev.ua'),
 (1398,'megaprint.com.ua'),
 (1399,'meregi.kiev.ua'),
 (1400,'mik.com.ua'),
 (1401,'mirelectro.kiev.ua'),
 (1402,'mobishara.com.ua'),
 (1403,'navimart.com.ua'),
 (1404,'nbs.com.ua'),
 (1405,'nesatec.com'),
 (1406,'nevada.com.ua'),
 (1407,'odicom.com.ua'),
 (1408,'odnako.com.ua'),
 (1409,'okta.com.ua'),
 (1410,'onix.kiev.ua'),
 (1411,'originalam.net'),
 (1412,'otc.com.ua'),
 (1413,'pim.org.ua'),
 (1414,'pirit.com.ua'),
 (1415,'podorozhnik.ua'),
 (1416,'polisk.kiev.ua'),
 (1417,'posudy.net'),
 (1418,'printerok.com.ua'),
 (1419,'printservis.kiev.ua'),
 (1420,'projectorshop.com.ua'),
 (1421,'proton.com.ua'),
 (1422,'proz.com.ua'),
 (1423,'reader.ua'),
 (1424,'realcolor.com.ua'),
 (1425,'resetters.com'),
 (1426,'roks.com.ua'),
 (1427,'romax.com.ua'),
 (1428,'rql.com.ua'),
 (1429,'saturn-data.com'),
 (1430,'savona.net.ua'),
 (1431,'scc.com.ua'),
 (1432,'scs.ua'),
 (1433,'sewmir.com.ua'),
 (1434,'softcom.ua'),
 (1435,'soliton.com.ua'),
 (1436,'sonet.kiev.ua'),
 (1437,'soyuz-t.com.ua'),
 (1438,'sport-co.com.ua'),
 (1439,'sportik.com.ua'),
 (1440,'srs.kiev.ua'),
 (1441,'starcom-trade.com.ua'),
 (1442,'store-apple.com.ua'),
 (1443,'stroymagazin.com.ua'),
 (1444,'techno-buy.com.ua'),
 (1445,'techtochka.com'),
 (1446,'teleskopi.com.ua'),
 (1447,'terraprint.kiev.ua'),
 (1448,'tip-top.in.ua'),
 (1449,'tpolis.com'),
 (1450,'tsu.com.ua'),
 (1451,'tverdis.com.ua'),
 (1452,'ua-server.net'),
 (1453,'uasoft.com.ua'),
 (1454,'ukrcolor.com'),
 (1455,'ultracs.kiev.ua'),
 (1456,'unidata.com.ua'),
 (1457,'utaks.com.ua'),
 (1458,'uttc.com.ua'),
 (1459,'vaiography.com'),
 (1460,'vdmais.kiev.ua'),
 (1461,'verstak.com.ua'),
 (1462,'vismas.kiev.ua'),
 (1463,'vox-line.net'),
 (1464,'vsetyt.com.ua'),
 (1465,'vtc.com.ua'),
 (1466,'world-paper.com.ua'),
 (1467,'worldvision.com.ua'),
 (1468,'yug.com.ua'),
 (1469,'zosimoff.com.ua'),
 (1470,'zavgar.com.ua'),
 (1471,'deshevshe.net.ua'),
 (1472,'fs.spin-w.com'),
 (1473,'kgu.com.ua'),
 (1474,'magnitola.com'),
 (1475,'mega-market.com.ua'),
 (1476,'teplolub.com.ua'),
 (1477,'tp-link.com.ua'),
 (1478,'cyfralux.com.ua'),
 (1479,'fotomax.com.ua'),
 (1480,'gala-nt.kiev.ua'),
 (1481,'gamezone.com.ua'),
 (1482,'laym.com.ua'),
 (1483,'megabyte.com.ua'),
 (1484,'neotronik.kiev.ua'),
 (1485,'techhome.kiev.ua'),
 (1486,'it-spectrum.com.ua'),
 (1487,'it-trade.kiev.ua'),
 (1488,'comp.com.ua'),
 (1489,'dkt.ua'),
 (1490,'mobikon.com'),
 (1491,'texnoua.com'),
 (1492,'realair.com.ua'),
 (1493,'brandline.com.ua'),
 (1494,'klaster.kiev.ua'),
 (1495,'pc-kiev.com'),
 (1496,'ankor.biz'),
 (1497,'dtr.kiev.ua'),
 (1498,'elektron.in.ua'),
 (1499,'rix.com.ua'),
 (1500,'shop.agatis.biz'),
 (1501,'bluefilters.ua'),
 (1502,'jin.com.ua'),
 (1503,'miaclimate.com.ua'),
 (1504,'mobiles.net.ua'),
 (1505,'mobistyle.com.ua'),
 (1506,'autostudio.com.ua'),
 (1507,'comelplus.com.ua'),
 (1508,'comserv.kiev.ua'),
 (1509,'info-tech.com.ua'),
 (1510,'js.com.ua'),
 (1511,'kibersport.kiev.ua'),
 (1512,'lexol.com.ua'),
 (1513,'alltels.com.ua'),
 (1514,'food-service.com.ua'),
 (1515,'aintegral.com.ua'),
 (1516,'penat.com.ua'),
 (1517,'diss7.kiev.ua'),
 (1518,'technoopt.com.ua'),
 (1519,'l-d.com.ua'),
 (1520,'mirmt.com'),
 (1521,'5kop.com.ua'),
 (1522,'climatrade.com.ua'),
 (1523,'itkiev.net.ua'),
 (1524,'mobimarket.com.ua'),
 (1525,'cyfroslav.com.ua'),
 (1526,'sotamarket.com.ua'),
 (1527,'proteh.com.ua'),
 (1528,'bit-a.com'),
 (1529,'chisto.ua'),
 (1530,'chistomarket.com'),
 (1531,'chisto-tehnika.com'),
 (1532,'ibasta.ua'),
 (1533,'003.com.ua'),
 (1534,'ibs.ua'),
 (1535,'katalog.biz.ua'),
 (1536,'shoptraffic.com.ua'),
 (1537,'delovar.com.ua'),
 (1538,'avb.com.ua'),
 (1539,'amir.com.ua'),
 (1540,'digex.com.ua'),
 (1541,'iva.com.ua'),
 (1542,'artikul.com.ua'),
 (1543,'deshevlenet.net'),
 (1544,'electrohit.kiev.ua'),
 (1545,'mobile.dinstex.com.ua'),
 (1546,'playland.com.ua.'),
 (1547,'terashop.com.ua'),
 (1548,'intermarket.com.ua'),
 (1549,'mobilproff.com.ua'),
 (1550,'tehnovip.com'),
 (1551,'e-tehnika.kiev.ua'),
 (1552,'zik.kiev.ua'),
 (1553,'nextgame.com.ua'),
 (1554,'etm.com.ua'),
 (1555,'koshik.com.ua'),
 (1556,'avt-t.at.ua'),
 (1557,'bazarit.com.ua'),
 (1558,'bikemaster.kiev.ua'),
 (1559,'boombook.com.ua'),
 (1560,'brilliantsystem.com.ua'),
 (1561,'diawest.webasyst.net'),
 (1562,'shop.interstar.ua'),
 (1563,'techline.com.ua'),
 (1564,'tehnoshara.com'),
 (1565,'foryou.com.ua'),
 (1566,'merlin-digital.com.ua'),
 (1567,'promregion.com.ua'),
 (1568,'shoplive.com.ua'),
 (1569,'syntex.com.ua'),
 (1570,'systemnik.net.ua'),
 (1571,'laki.kiev.ua'),
 (1572,'sanmarco.com.ua'),
 (1573,'220v.com.ua'),
 (1574,'123market.com.ua'),
 (1575,'a-computer.com.ua'),
 (1576,'allbatt.com.ua'),
 (1577,'battstore.com.ua'),
 (1578,'corason.ua'),
 (1579,'mayak-online.kiev.ua'),
 (1580,'msc.com.ua'),
 (1581,'plazmalux.com.ua'),
 (1582,'pozvoni.kiev.ua'),
 (1583,'rdv.com.ua'),
 (1584,'sdvd.com.ua'),
 (1585,'skymarket.ua'),
 (1586,'dno.com.ua'),
 (1587,'karcher.ua'),
 (1588,'pc-up.kiev.ua'),
 (1589,'pnp.kiev.ua'),
 (1590,'teplo-holod.com.ua'),
 (1591,'umix.kiev.ua'),
 (1592,'avtomusic.com.ua'),
 (1593,'digis.com.ua'),
 (1594,'elitelaptop.com.ua'),
 (1595,'kivin.com.ua'),
 (1596,'shnur.com.ua'),
 (1597,'mshop.in.ua'),
 (1598,'e-lampa.com.ua'),
 (1599,'all-gsm.com.ua'),
 (1600,'chako.ua'),
 (1601,'pegas.dp.ua'),
 (1602,'satsale.net'),
 (1603,'newshop.dn.ua'),
 (1604,'nbsony.ru'),
 (1605,'supercomp.com.ua'),
 (1606,'veta.ua'),
 (1607,'a-mobile.com.ua'),
 (1608,'1024.kiev.ua'),
 (1609,'1236.com.ua'),
 (1610,'24na7.com.ua'),
 (1611,'7560000.com.ua'),
 (1612,'amax.com.ua'),
 (1613,'atlant-holod.com.ua'),
 (1614,'automedia.com.ua'),
 (1615,'avn.net.ua'),
 (1616,'benatton.com.ua'),
 (1617,'bombashop.com.ua'),
 (1618,'bonaspect.com'),
 (1619,'dako-pc.com'),
 (1620,'elittehnika.com'),
 (1621,'everest.ua'),
 (1622,'gelezako.com'),
 (1623,'itf-shop.com.ua'),
 (1624,'it-max.com.ua'),
 (1625,'it-sales.com.ua'),
 (1626,'lvt.ucoz.ua'),
 (1627,'mafon.ua'),
 (1628,'mambuk.com'),
 (1629,'mbt.in.ua'),
 (1630,'megaopt.com'),
 (1631,'mobilki.com.ua'),
 (1632,'moygorod.com.ua'),
 (1633,'ndim.ru'),
 (1634,'neo.kh.ua'),
 (1635,'new-technika.com.ua'),
 (1636,'nokia6300.com.ua'),
 (1637,'paleta.com.ua'),
 (1638,'roznica.com.ua'),
 (1639,'shop.rim2000.ua'),
 (1640,'shop.wmu.zt.ua'),
 (1641,'slim-market.com.ua'),
 (1642,'stinol.ua'),
 (1643,'stis.in.ua'),
 (1644,'tehnoart.com.ua'),
 (1645,'teplopolis.com.ua'),
 (1646,'teplota.com.ua'),
 (1647,'tvmarket.com.ua'),
 (1648,'uamobile.com.ua'),
 (1649,'usb.ua'),
 (1650,'vavilon-shop.com.ua'),
 (1651,'winmax.com.ua'),
 (1652,'99.kh.ua'),
 (1653,'compfor.ru'),
 (1654,'cubik.biz'),
 (1655,'dumping.com.ua'),
 (1656,'euroteh.od.ua'),
 (1657,'fleshka.in.ua'),
 (1658,'itmag.com.ua'),
 (1659,'lanmarket.net'),
 (1660,'marktrade.com.ua'),
 (1661,'mladuke.com.ua'),
 (1662,'mobilizator.com.ua'),
 (1663,'mobilla.com.ua'),
 (1664,'oreshki.com.ua'),
 (1665,'pcshop.com.ua'),
 (1666,'planeta-igr.com.ua'),
 (1667,'plaza.kh.ua'),
 (1668,'print-image.com'),
 (1669,'shop.nord.ua'),
 (1670,'so-sklada.od.ua'),
 (1671,'toltec.com.ua'),
 (1672,'toster.com.ua'),
 (1673,'yadro.ws'),
 (1674,'yadro.in.ua'),
 (1675,'electro-venik.com.ua'),
 (1676,'freezer.com.ua'),
 (1677,'shop.acolyte.com.ua'),
 (1678,'technobee.com.ua'),
 (1679,'veterok.com.ua'),
 (1680,'apeks.kiev.ua'),
 (1681,'delta23.kiev.ua'),
 (1682,'kt.kiev.ua'),
 (1683,'vipmobila.com.ua'),
 (1684,'computerplus.com.ua'),
 (1685,'10izmerenie.com.ua'),
 (1686,'alfaport.com.ua'),
 (1687,'azon.com.ua'),
 (1688,'centurion.in.ua'),
 (1689,'climatic.com.ua'),
 (1690,'egoods.kiev.ua'),
 (1691,'flashcard.net.ua'),
 (1692,'fotolit.com.ua'),
 (1693,'hdv.com.ua'),
 (1694,'imy.com.ua'),
 (1695,'kavahata.com.ua'),
 (1696,'magnitola.com.ua'),
 (1697,'onlybest.com.ua'),
 (1698,'simply-buy.com.ua'),
 (1699,'tehno7.com.ua'),
 (1700,'termolux.com.ua'),
 (1701,'vivo.com.ua'),
 (1702,'yabadaba.com.ua'),
 (1703,'attribute.com.ua'),
 (1704,'autoelectronics.com.ua'),
 (1705,'aviter.kiev.ua'),
 (1706,'avpult.com.ua'),
 (1707,'avtorytet.vs.x.kiev.ua'),
 (1708,'avtotovar.net'),
 (1709,'aztec.com.ua'),
 (1710,'barometr.com.ua'),
 (1711,'bbk-shop.com.ua'),
 (1712,'bcs-market.com'),
 (1713,'beri.kiev.ua'),
 (1714,'best-shopping.com.ua'),
 (1715,'bestmobile.com.ua'),
 (1716,'bioclimat.com.ua'),
 (1717,'bit-tehnika.com'),
 (1718,'bitex.com.ua'),
 (1719,'bitovuha.com.ua'),
 (1720,'bluetooth.net.ua'),
 (1721,'bongo.com.ua'),
 (1722,'boombox.kiev.ua'),
 (1723,'bocsh-ua.com'),
 (1724,'bravo.co.ua'),
 (1725,'bt-market.com.ua'),
 (1726,'bt-print.com.ua'),
 (1727,'burunduk.com.ua'),
 (1728,'buyok.com.ua'),
 (1729,'bytovka.net.ua'),
 (1730,'shop.byttehnika.ua'),
 (1731,'callme.com.ua'),
 (1732,'cdline.kiev.ua'),
 (1733,'cdma-ukraine.com.ua'),
 (1734,'censoteh.com.ua'),
 (1735,'cf.com.ua'),
 (1736,'ciferus.net'),
 (1737,'cifrotex.com.ua'),
 (1738,'city-market.com.ua'),
 (1739,'climatmarket.com.ua'),
 (1740,'coffeeman.kiev.ua'),
 (1741,'compirbis.kiev.ua'),
 (1742,'condortex.intwaystore.com'),
 (1743,'converse.com.ua'),
 (1744,'cto-ua.com'),
 (1745,'damp.kiev.ua'),
 (1746,'dashaus.com.ua'),
 (1747,'dechevle.net'),
 (1748,'deltastore.com.ua'),
 (1749,'deminox.com.ua'),
 (1750,'dgpro.com.ua'),
 (1751,'dstore.com.ua'),
 (1752,'digitall.kiev.ua'),
 (1753,'digitalland.com.ua'),
 (1754,'digitalshop.com.ua'),
 (1755,'digium.kiev.ua'),
 (1756,'domotechnika.com'),
 (1757,'domovoy-shop.com.ua'),
 (1758,'dostatok.pp.net.ua'),
 (1759,'dsl-electronics.com'),
 (1760,'dvrzshop.com.ua'),
 (1761,'e-pokupka.com.ua'),
 (1762,'e-planeta.com.ua'),
 (1763,'e-shop.kiev.ua'),
 (1764,'e-toshiba.co.ua'),
 (1765,'ebest.com.ua'),
 (1766,'ebk.com.ua'),
 (1767,'ecomp.com.ua'),
 (1768,'econom.kiev.ua'),
 (1769,'edera.com.ua'),
 (1770,'intelekt.kiev.ua'),
 (1771,'ekomart.com.ua'),
 (1772,'elbitrade.com'),
 (1773,'electroline.kiev.ua'),
 (1774,'element.com.ua'),
 (1775,'elitemarket.com.ua'),
 (1776,'elitinform.com.ua'),
 (1777,'elkort.com.ua'),
 (1778,'elnet.net.ua'),
 (1779,'else.com.ua'),
 (1780,'elynx.com.ua'),
 (1781,'emobil.kiev.ua'),
 (1782,'eneolit.com'),
 (1783,'ensign-technology.com'),
 (1784,'protecta.kiev.ua'),
 (1785,'erada.kiev.ua'),
 (1786,'es-tehnika.com.ua'),
 (1787,'esse.net.ua'),
 (1788,'euromag.com.ua'),
 (1789,'europlus.com.ua'),
 (1790,'exo-online.com.ua'),
 (1791,'fagor-shop.com.ua'),
 (1792,'fenixshop.com.ua'),
 (1793,'fi4a.com'),
 (1794,'filter.net.ua'),
 (1795,'flashka.kiev.ua'),
 (1796,'forcar.com.ua'),
 (1797,'fotik.com.ua'),
 (1798,'fotolux.com.ua'),
 (1799,'fotovid.com.ua'),
 (1800,'foxtrade.com.ua'),
 (1801,'frion.com.ua'),
 (1802,'g-com.kiev.ua'),
 (1803,'gadgets.com.ua'),
 (1804,'gigant.com.ua'),
 (1805,'gippopo.com.ua'),
 (1806,'globaldigital.com.ua'),
 (1807,'goodz.com.ua'),
 (1808,'goof.com.ua'),
 (1809,'gps-online.com.ua'),
 (1810,'gpsexpress.com.ua'),
 (1811,'gpspro.com.ua'),
 (1812,'grandstore.com.ua'),
 (1813,'gtsgroup.com.ua'),
 (1814,'gvozd.com.ua'),
 (1815,'hardshop.com.ua'),
 (1816,'tehnokrat.com.ua'),
 (1817,'hits.com.ua'),
 (1818,'ht-store.com.ua'),
 (1819,'shop.ukrgame.net'),
 (1820,'svitrozvag.com.ua'),
 (1821,'mobisport.com.ua'),
 (1822,'mobi-sion.com'),
 (1823,'mobiland.kiev.ua'),
 (1824,'fraktal.kiev.ua'),
 (1825,'imei.kiev.ua'),
 (1826,'imey.lnd.kiev.ua'),
 (1827,'infotel.pp.net.ua'),
 (1828,'d-ingvar.kiev.ua'),
 (1829,'inox.com.ua'),
 (1830,'interma.com.ua'),
 (1831,'interstore.com.ua'),
 (1832,'iphone3g-europe.com'),
 (1833,'iphone-3g.com.ua'),
 (1834,'iqhouse.kiev.ua'),
 (1835,'ira1.com.ua'),
 (1836,'irs.com.ua'),
 (1837,'istarhd.com.ua'),
 (1838,'it-land.com.ua'),
 (1839,'it-shop.com.ua'),
 (1840,'it-tehnika.com.ua'),
 (1841,'itbolit.com.ua'),
 (1842,'itoffice.com.ua'),
 (1843,'itsoul.com.ua'),
 (1844,'megabuy.ua'),
 (1845,'jelezyaka.com'),
 (1846,'joe.com.ua'),
 (1847,'kamera.net.ua'),
 (1848,'kamkom.kiev.ua'),
 (1849,'tovarnyak.com.ua'),
 (1850,'karman.in.ua'),
 (1851,'karpovsoft.kiev.ua'),
 (1852,'keyport.com.ua'),
 (1853,'kievtorg.kiev.ua'),
 (1854,'kiloom.com'),
 (1855,'kingshop.com.ua'),
 (1856,'kit.tac.kiev.ua'),
 (1857,'koala.com.ua'),
 (1858,'kofemarket.com.ua'),
 (1859,'kofeplaza.com.ua'),
 (1860,'kralya.com.ua'),
 (1861,'kyivshop.com'),
 (1862,'kyivstarshop.net'),
 (1863,'laffka.com'),
 (1864,'laptop.net.ua'),
 (1865,'laxi.kiev.ua'),
 (1866,'laykoni.com'),
 (1867,'lcd.net.ua'),
 (1868,'lenovo-shop.com.ua'),
 (1869,'leoton.kiev.ua'),
 (1870,'levite.com.ua'),
 (1871,'lks.com.ua'),
 (1872,'lpt.com.ua'),
 (1873,'ltm.com.ua'),
 (1874,'market.lundlay.com.ua'),
 (1875,'lux-tech.com.ua'),
 (1876,'luxmobile.kiev.ua'),
 (1877,'luxwifi.com.ua'),
 (1878,'m-zone.com.ua'),
 (1879,'mabilka.org.ua'),
 (1880,'magazin4eg.kiev.ua'),
 (1881,'market24.com.ua'),
 (1882,'marx.com.ua'),
 (1883,'matriza.kiev.ua'),
 (1884,'maximal.com.ua'),
 (1885,'maxis.com.ua'),
 (1886,'maxtrade.com.ua'),
 (1887,'mcomp.com.ua'),
 (1888,'megapixel.com.ua'),
 (1889,'megaport.com.ua'),
 (1890,'megazon.com.ua'),
 (1891,'mercurius.com.ua'),
 (1892,'meteorit.com.ua'),
 (1893,'mgp.net.ua'),
 (1894,'microsell.ua'),
 (1895,'million.com.ua'),
 (1896,'minimarket.in.ua'),
 (1897,'mirmt.com.ua'),
 (1898,'mirtechno.com.ua'),
 (1899,'mnenado.com.ua'),
 (1900,'mobatt.kiev.ua'),
 (1901,'mobeeline.com.ua'),
 (1902,'mobidream.com.ua'),
 (1903,'mobiguru.com.ua'),
 (1904,'mobik.kiev.ua'),
 (1905,'mobilas.org'),
 (1906,'mobileshop.com.ua'),
 (1907,'mobilfart.com.ua'),
 (1908,'mobiline.com.ua'),
 (1909,'mobiliner.net.ua'),
 (1910,'mobiliti.net.ua'),
 (1911,'mobimax.com.ua'),
 (1912,'mobiplay.com.ua'),
 (1913,'mobishop.net.ua'),
 (1914,'mobiteh.com.ua'),
 (1915,'mobizona.com.ua'),
 (1916,'mobos.com.ua'),
 (1917,'mp3sound.com.ua'),
 (1918,'mu.com.ua'),
 (1919,'myiphone.com.ua'),
 (1920,'nabaze.com'),
 (1921,'nanomarket.com.ua'),
 (1922,'nbook.net.ua'),
 (1923,'nedorogo.com.ua'),
 (1924,'slyhaju.com.ua'),
 (1925,'netsale.kiev.ua'),
 (1926,'netshoping.com.ua'),
 (1927,'nikanet.com.ua'),
 (1928,'nobox.com.ua'),
 (1929,'nofrost.com.ua'),
 (1930,'notebookov.net.ua'),
 (1931,'notebooks.in.ua'),
 (1932,'notebooks.net.ua'),
 (1933,'oazis.com.ua'),
 (1934,'olitex.com.ua'),
 (1935,'onclick.com.ua'),
 (1936,'orion-kiev.com'),
 (1937,'ostrovok.com.ua'),
 (1938,'technowinner.com.ua'),
 (1939,'homestore.org.ua'),
 (1940,'parktronic.com.ua'),
 (1941,'photo-video.ua'),
 (1942,'plasma-shop.com.ua'),
 (1943,'plasmaxima.com'),
 (1944,'plaza-ua.com'),
 (1945,'plazma.in.ua'),
 (1946,'plazma.tv'),
 (1947,'plazzma.com.ua'),
 (1948,'pleer.com.ua'),
 (1949,'pleer.net.ua'),
 (1950,'plus1.com.ua'),
 (1951,'pokupay.kiev.ua'),
 (1952,'pokupka.net.ua'),
 (1953,'pokypaj.com.ua'),
 (1954,'pralka.kiev.ua'),
 (1955,'price-mobile.com.ua'),
 (1956,'prombaza.com.ua'),
 (1957,'prosto.com.ua'),
 (1958,'pulsar.ua'),
 (1959,'qsoft.com.ua'),
 (1960,'radiomarket.com.ua'),
 (1961,'radiorynok.com'),
 (1962,'radioterminal.com.ua'),
 (1963,'rainbowua.com.ua'),
 (1964,'reazone.com.ua'),
 (1965,'revers.com.ua'),
 (1966,'ringoo.com.ua'),
 (1967,'ronex.com.ua'),
 (1968,'s-i-m.com.ua'),
 (1969,'salecomputers.com.ua'),
 (1970,'saleua.com'),
 (1971,'samobyt.com.ua'),
 (1972,'sandem.com.ua'),
 (1973,'sato.kiev.ua'),
 (1974,'savanna.kiev.ua'),
 (1975,'senator.com.ua'),
 (1976,'shar.com.ua'),
 (1977,'shop911.com.ua'),
 (1978,'shopforyou.com.ua'),
 (1979,'shoponline.kiev.ua'),
 (1980,'silent.com.ua'),
 (1981,'silverwapa.at.ua'),
 (1982,'sim-ka.kiev.ua'),
 (1983,'sion.com.ua'),
 (1984,'s-kiev.com'),
 (1985,'skat.com.ua'),
 (1986,'slavco.com.ua'),
 (1987,'novekolo.biz'),
 (1988,'smarto.com.ua'),
 (1989,'smobi.com.ua'),
 (1990,'sobaka.ua'),
 (1991,'sonos.com.ua'),
 (1992,'sony-land.com.ua'),
 (1993,'sony-shop.com.ua'),
 (1994,'sonytrade.com.ua'),
 (1995,'sproot.com.ua'),
 (1996,'sprut.com.ua'),
 (1997,'star-com.com.ua'),
 (1998,'starmobile.com.ua'),
 (1999,'step.com.ua'),
 (2000,'svistok.com.ua'),
 (2001,'tb.net.ua'),
 (2002,'techlife.com.ua'),
 (2003,'technica.com.ua'),
 (2004,'techno-tv.com.ua'),
 (2005,'technocenter.kiev.ua'),
 (2006,'technoera.com.ua'),
 (2007,'technofabrica.com.ua'),
 (2008,'technomix.com.ua'),
 (2009,'technoplus.com.ua'),
 (2010,'technozoom.ru'),
 (2011,'techomag.kiev.ua'),
 (2012,'techsvit.com.ua'),
 (2013,'teh.com.ua'),
 (2014,'tehnica.net.ua'),
 (2015,'tehnika.kievshop.biz'),
 (2016,'tehno-sale.com.ua'),
 (2017,'tehnoclub.com.ua'),
 (2018,'tehnoliga.com.ua'),
 (2019,'tehnolux.com.ua'),
 (2020,'tehnomag.com.ua'),
 (2021,'tehnopolus.com.ua'),
 (2022,'tehnosota.com.ua'),
 (2023,'telegraph.com.ua'),
 (2024,'televideo.com.ua'),
 (2025,'tellhouse.com.ua'),
 (2026,'teplosvit.net.ua'),
 (2027,'test.com.ua'),
 (2028,'test-98.com'),
 (2029,'texno-ostrov.com.ua'),
 (2030,'ticom.com.ua'),
 (2031,'tlink.com.ua'),
 (2032,'topprise.kiev.ua'),
 (2033,'tora.com.ua'),
 (2034,'torba.net.ua'),
 (2035,'torgivlya.com'),
 (2036,'tovaroff.com'),
 (2037,'tpzs.net'),
 (2038,'tranzistor.net.ua'),
 (2039,'triostar.com.ua'),
 (2040,'tvt.com.ua'),
 (2041,'tvtrade.ru'),
 (2042,'ua-electronics.com'),
 (2043,'uacdma.kiev.ua'),
 (2044,'uadigital.com'),
 (2045,'uasony.com'),
 (2046,'uastore.net'),
 (2047,'ukr-gsm.com.ua'),
 (2048,'ukra.com.ua'),
 (2049,'ukrtechno.com'),
 (2050,'ultra-pc.kiev.ua'),
 (2051,'umal.kiev.ua'),
 (2052,'unishop.kiev.ua'),
 (2053,'uragan.com.ua'),
 (2054,'urta.com.ua'),
 (2055,'vaillant.ua'),
 (2056,'valkor.com.ua'),
 (2057,'variant.ua'),
 (2058,'vdome.com.ua'),
 (2059,'vertulux.com.ua'),
 (2060,'vesdom.kiev.ua'),
 (2061,'vibis.com.ua'),
 (2062,'videoproject.ua'),
 (2063,'viptechnology.com.ua'),
 (2064,'vitech.com.ua'),
 (2065,'voicetelcom.com'),
 (2066,'vstroenka.com.ua'),
 (2067,'vstroyka.net'),
 (2068,'vstroyki.com.ua'),
 (2069,'vtshop.com.ua'),
 (2070,'webpokupka.com.ua'),
 (2071,'websale.com.ua'),
 (2072,'webtrade.com.ua'),
 (2073,'wellmax.com.ua'),
 (2074,'whathifi.biz'),
 (2075,'whirlpool-shop.com.ua'),
 (2076,'winmart.com.ua'),
 (2077,'winwordexcel.com'),
 (2078,'x-fi.com.ua'),
 (2079,'x-shop.com.ua'),
 (2080,'xgrand.com.ua'),
 (2081,'xmobile.com.ua'),
 (2082,'shop.xoro.co.ua'),
 (2083,'yamaha-hifi.kiev.ua'),
 (2084,'eddiee.intwaystore.com'),
 (2085,'yumal.com'),
 (2086,'zahodi.com.ua'),
 (2087,'zebra-mobile.com.ua'),
 (2088,'zevsmarket.com.ua'),
 (2089,'zmobile.com.ua'),
 (2090,'zonamix.com.ua'),
 (2091,'shop.evroset.ua'),
 (2092,'edt.kiev.ua'),
 (2093,'e-a.com.ua'),
 (2094,'dovira.in.ua'),
 (2095,'domino-el.com.ua'),
 (2096,'delotehniki.com.ua'),
 (2097,'e-moe.biz'),
 (2098,'vse-e.kiev.ua'),
 (2099,'012.com.ua'),
 (2100,'1000tovarov.com'),
 (2101,'10ka.kiev.ua'),
 (2102,'24shop.kiev.ua'),
 (2103,'2paul.net'),
 (2104,'2plus2.org.ua'),
 (2105,'4caraudio-ua.com.ua'),
 (2106,'abcshop.com.ua'),
 (2107,'abc-techno.com'),
 (2108,'aistrade.com.ua'),
 (2109,'alex-soft.com.ua'),
 (2110,'alhit.com.ua'),
 (2111,'allcd.kiev.ua'),
 (2112,'all-for-you.com.ua'),
 (2113,'all-it.com.ua'),
 (2114,'altamix.com.ua'),
 (2115,'amatti.com.ua'),
 (2116,'amera.com.ua'),
 (2117,'antario.com.ua'),
 (2118,'anubis.in.ua'),
 (2119,'apelsin-shop.com.ua'),
 (2120,'applestore.com.ua'),
 (2121,'arax.com.ua'),
 (2122,'ariston-shop.com.ua'),
 (2123,'arttechno.com.ua'),
 (2124,'astronom.com.ua'),
 (2125,'atix.com.ua'),
 (2126,'ava.kiev.ua'),
 (2127,'avp.com.ua'),
 (2128,'bazzza.com.ua'),
 (2129,'bristek.com'),
 (2130,'byttehnika.ua'),
 (2131,'canonshop.com.ua'),
 (2132,'digitshop.com.ua'),
 (2133,'dinkom.com.ua'),
 (2134,'e.sit-ua.com'),
 (2135,'e-karcher.com.ua'),
 (2136,'energomir.com.ua'),
 (2137,'evrotehnika.com.ua'),
 (2138,'expresso.com.ua'),
 (2139,'folgat.com'),
 (2140,'fozzyshop.com'),
 (2141,'globalbt.com.ua'),
 (2142,'gts-group.com.ua'),
 (2143,'hi-tech-city.com.ua'),
 (2144,'hqmobile.ru'),
 (2145,'imey.kiev.ua'),
 (2146,'it-opt.com.ua'),
 (2147,'karcher-ua.net'),
 (2148,'karefan.com.ua'),
 (2149,'kupi-tv.in.ua'),
 (2150,'macbay.com.ua'),
 (2151,'megazon.kiev.ua'),
 (2152,'mimic.com.ua'),
 (2153,'mobyline.info'),
 (2154,'prikypi.net'),
 (2155,'samprint.kiev.ua'),
 (2156,'shoppy.com.ua'),
 (2157,'simka.kiev.ua'),
 (2158,'sitech.kiev.ua'),
 (2159,'smartstore.com.ua'),
 (2160,'smart-tech.kiev.ua'),
 (2161,'tech-mix.com.ua'),
 (2162,'techno-world.ru'),
 (2163,'tech-shop.kiev.ua'),
 (2164,'tehnomania.com.ua'),
 (2165,'test-20.09'),
 (2166,'vaillant-shop.com.ua'),
 (2167,'vendor.com.ua'),
 (2168,'vkorzine.com.ua'),
 (2169,'vmoydom.com'),
 (2170,'whirlpool-shop.co.ua'),
 (2171,'7sim.mobi'),
 (2172,'aivo.com.ua'),
 (2173,'aladdin.kiev.ua'),
 (2174,'aquacom.kiev.ua'),
 (2175,'avoska.kiev.ua'),
 (2176,'avtorytet.kiev.ua'),
 (2177,'vsedladoma.kiev.ua'),
 (2178,'7.brinkster.com'),
 (2179,'yukona.com.ua'),
 (2180,'vipstyle.kiev.ua'),
 (2181,'koba.com.ua'),
 (2182,'kievplasma.com.ua'),
 (2183,'inavto.com.ua'),
 (2184,'digiland.com.ua'),
 (2185,'domkomforta.kiev.ua'),
 (2186,'fenix-mobile.com'),
 (2187,'klix.com.ua'),
 (2188,'kybik.com.ua'),
 (2189,'milla.ua'),
 (2190,'mobix.com.ua'),
 (2191,'pobuttehnika.kiev.ua'),
 (2192,'tehnika.com'),
 (2193,'batareika.kiev.ua'),
 (2194,'comland.org.ua'),
 (2195,'intech.kiev.ua'),
 (2196,'ira.com.ua'),
 (2197,'m1.com.ua'),
 (2198,'megalex.com.ua'),
 (2199,'tbm.kiev.ua'),
 (2200,'ali-baba.com.ua'),
 (2201,'tehnobit.uaprom.net'),
 (2202,'teplos.com.ua'),
 (2203,'99.kiev.ua'),
 (2204,'tehnoferma.com.ua'),
 (2205,'elzone.com.ua'),
 (2206,'thebestprice.com.ua'),
 (2207,'starcom.com.ua'),
 (2208,'ukrprice.com'),
 (2209,'4home.in.ua'),
 (2210,'asus-store.com.ua'),
 (2211,'avtoinstal.com.ua'),
 (2212,'goodtyres.kiev.ua'),
 (2213,'hardnew.com'),
 (2214,'hlibosvit.com.ua'),
 (2215,'host-plus.kiev.ua'),
 (2216,'htc4you.com.ua'),
 (2217,'info@ultrahorizont.com.ua'),
 (2218,'ip-pbx.in.ua'),
 (2219,'itgalaxy.com.ua'),
 (2220,'katran-c.kiev.ua'),
 (2221,'mega-info.org'),
 (2222,'supermagazin.com.ua'),
 (2223,'tehnotrade.ua'),
 (2224,'viatek.kiev.ua'),
 (2225,'webix.us'),
 (2226,'220v.kiev.ua'),
 (2227,'3kita.com.ua'),
 (2228,'acolyte.com.ua'),
 (2229,'active-life.net.ua'),
 (2230,'algorithm.ua'),
 (2231,'android.com.ua'),
 (2232,'apex.kiev.ua'),
 (2233,'bmp-market.com'),
 (2234,'bobina.com.ua'),
 (2235,'diatrade.com.ua'),
 (2236,'doit.ua'),
 (2237,'e-magazine.kiev.ua'),
 (2238,'emark.com.ua'),
 (2239,'enterline.com.ua'),
 (2240,'exit.com.ua'),
 (2241,'fol.com.ua'),
 (2242,'gamingoods.com.ua'),
 (2243,'garmingps.com.ua'),
 (2244,'gestetner.com.ua'),
 (2245,'hiend.com.ua'),
 (2246,'hitachishop.ru'),
 (2247,'kalio.com.ua'),
 (2248,'megaportal.kiev.ua'),
 (2249,'mobizvon.com'),
 (2250,'nash-tel.com'),
 (2251,'newhome.com.ua'),
 (2252,'notebooks.ks.ua'),
 (2253,'nttsystem.com.ua'),
 (2254,'rikkon.com.ua'),
 (2255,'robinzon.in.ua'),
 (2256,'tehno-dom.com.ua'),
 (2257,'tehnotrio.com.ua'),
 (2258,'tvoe.com.ua'),
 (2259,'xim.com.ua'),
 (2260,'xorta.com.ua'),
 (2261,'freeprint.in.ua'),
 (2262,'set.ua'),
 (2263,'express-shop.com.ua'),
 (2264,'ecom.net.ua'),
 (2265,'grid-line.com.ua'),
 (2266,'rbkiev.com.ua'),
 (2267,'itatech.com.ua'),
 (2268,'memos.com.ua'),
 (2269,'royalshop.com.ua'),
 (2270,'store.iland.com.ua'),
 (2271,'arka-hitech.com.ua'),
 (2272,'telefonchik.kiev.ua'),
 (2273,'tv-lcd.com.ua'),
 (2274,'comp.gross.com.ua'),
 (2275,'compass.ua'),
 (2276,'navicon.com.ua'),
 (2277,'sonyshop.kiev.ua'),
 (2278,'5ok.com.ua'),
 (2279,'590.com.ua'),
 (2280,'5star.com.ua'),
 (2281,'all-trade.in.ua'),
 (2282,'avmarket.com.ua'),
 (2283,'attis.ua'),
 (2284,'cesar.com.ua'),
 (2285,'dewevle.net.ua'),
 (2286,'iguan.ua'),
 (2287,'inet-market.com.ua'),
 (2288,'innotec.com.ua'),
 (2289,'kt-group.com.ua'),
 (2290,'megatorg.com.ua'),
 (2291,'pikmarket.kiev.ua'),
 (2292,'protoria.com.ua'),
 (2293,'tehnozon.com.ua'),
 (2294,'technix.com.ua'),
 (2295,'audiovideomir.com.ua'),
 (2296,'avento.com.ua'),
 (2297,'begalet.com.ua'),
 (2298,'foxmart.com.ua'),
 (2299,'foxtrot.com.ua'),
 (2300,'citrus.ua'),
 (2301,'computerland.kiev.ua'),
 (2302,'coolmart.com.ua'),
 (2303,'datamart.com.ua'),
 (2304,'elman.com.ua'),
 (2305,'freeshop.com.ua'),
 (2306,'gsl.ua'),
 (2307,'hi-tech.com.ua'),
 (2308,'izona.com.ua'),
 (2309,'karamelka.com.ua'),
 (2310,'mobilluck.com.ua'),
 (2311,'mtrade.com.ua'),
 (2312,'novatrade.com.ua'),
 (2313,'ozone.com.ua'),
 (2314,'portativ.ua'),
 (2315,'sokol.ua'),
 (2316,'stereosvit.ua'),
 (2317,'techno-oasis.com.ua'),
 (2318,'tehno-mart.com.ua'),
 (2319,'videocom.com.ua'),
 (2320,'plasma-lcd.com.ua'),
 (2321,'allprojectors.com.ua'),
 (2322,'all-shop.com.ua'),
 (2323,'abtech.kiev.ua'),
 (2324,'cezar.ua'),
 (2325,'comtrading.com.ua'),
 (2326,'e7.com.ua'),
 (2327,'deltacom.com.ua'),
 (2328,'karre.com.ua'),
 (2329,'holodok.com.ua'),
 (2330,'panasonic-shop.kiev.ua'),
 (2331,'pokupai.mobi'),
 (2332,'sanford.com.ua'),
 (2333,'tcshop.com.ua'),
 (2334,'tehkom.com.ua'),
 (2335,'tehniks.com.ua'),
 (2336,'tehnocenter.com.ua'),
 (2337,'tehnohata.com'),
 (2338,'uth.com.ua'),
 (2339,'y.ua'),
 (2340,'datamag.com.ua'),
 (2341,'inet-mag.com.ua'),
 (2342,'ibuy.com.ua'),
 (2343,'eurotehnica.kiev.ua'),
 (2344,'droid.kiev.ua'),
 (2345,'digital-box.com.ua'),
 (2346,'ebuy.com.ua'),
 (2347,'mirpristavok.com.ua'),
 (2348,'mobihouse.com.ua'),
 (2349,'pin-code.kiev.ua'),
 (2350,'technoprestige.com.ua'),
 (2351,'tehnoage.com'),
 (2352,'technostyle.com.ua'),
 (2353,'amber.ua'),
 (2354,'bomber.com.ua'),
 (2355,'alfa-mr.kiev.ua'),
 (2356,'tvoydom.net'),
 (2357,'buy.ua'),
 (2358,'kfz.kiev.ua'),
 (2359,'ukrtexzbut.com.ua'),
 (2360,'bestshopping.com.ua'),
 (2361,'bvshop.com.ua'),
 (2362,'dicota.com.ua'),
 (2363,'elbitrade.com.ua'),
 (2364,'genesisua.com'),
 (2365,'itonline.com.ua'),
 (2366,'technoplanet.com.ua'),
 (2367,'x-type.com.ua'),
 (2368,'copier-centre.kiev.ua'),
 (2369,'netcom.ks.ua'),
 (2370,'skyservice.com.ua'),
 (2371,'itbox.in.ua'),
 (2372,'audiomagazin.com.ua'),
 (2373,'a-techno.com.ua'),
 (2374,'ctline.com.ua'),
 (2375,'hi-tek.com.ua'),
 (2376,'s-mart.com.ua'),
 (2377,'100ye.ua'),
 (2378,'p-host.com.ua'),
 (2379,'eshopping.com.ua'),
 (2380,'copoka.com.ua'),
 (2381,'fleshca.com.ua'),
 (2382,'dimarson.com.ua'),
 (2383,'ecam.com.ua'),
 (2384,'abv.com.ua'),
 (2385,'city-price.com'),
 (2386,'dom-komfort.com.ua'),
 (2387,'e-zone.com.ua'),
 (2388,'ficus.com.ua'),
 (2389,'garnitura.com.ua'),
 (2390,'hit-market.com.ua'),
 (2391,'itcomp.com.ua'),
 (2392,'acula.com.ua'),
 (2393,'misu.com.ua'),
 (2394,'navalom.com.ua'),
 (2395,'noteon.com.ua'),
 (2396,'realshop.com.ua'),
 (2397,'sos.ua'),
 (2398,'diawest.com'),
 (2399,'digimarket.kiev.ua'),
 (2400,'mrnout.com.ua'),
 (2401,'avicom.kiev.ua'),
 (2402,'braun-shop.com.ua'),
 (2403,'servertrade.kiev.ua'),
 (2404,'mytech.com.ua'),
 (2405,'it-solution.com.ua'),
 (2406,'hi-fi.net.ua'),
 (2407,'mir-pokupok.com.ua');
/*!40000 ALTER TABLE `sites` ENABLE KEYS */;


--
-- Definition of table `user_history`
--

DROP TABLE IF EXISTS `user_history`;
CREATE TABLE `user_history` (
  `id` int(10) unsigned NOT NULL AUTO_INCREMENT,
  `id_user` int(10) unsigned NOT NULL,
  `date_write` timestamp NOT NULL DEFAULT CURRENT_TIMESTAMP,
  PRIMARY KEY (`id`)
) ENGINE=InnoDB DEFAULT CHARSET=cp1251;

--
-- Dumping data for table `user_history`
--

/*!40000 ALTER TABLE `user_history` DISABLE KEYS */;
/*!40000 ALTER TABLE `user_history` ENABLE KEYS */;


--
-- Definition of table `users`
--

DROP TABLE IF EXISTS `users`;
CREATE TABLE `users` (
  `id` int(10) unsigned NOT NULL AUTO_INCREMENT,
  `user_name` varchar(45) NOT NULL,
  `user_password` varchar(45) NOT NULL,
  `user_nick` varchar(45) NOT NULL,
  PRIMARY KEY (`id`)
) ENGINE=InnoDB AUTO_INCREMENT=11 DEFAULT CHARSET=cp1251;

--
-- Dumping data for table `users`
--

/*!40000 ALTER TABLE `users` DISABLE KEYS */;
INSERT INTO `users` (`id`,`user_name`,`user_password`,`user_nick`) VALUES 
 (10,'technik','technik','technik');
/*!40000 ALTER TABLE `users` ENABLE KEYS */;




/*!40101 SET SQL_MODE=@OLD_SQL_MODE */;
/*!40014 SET FOREIGN_KEY_CHECKS=@OLD_FOREIGN_KEY_CHECKS */;
/*!40014 SET UNIQUE_CHECKS=@OLD_UNIQUE_CHECKS */;
/*!40101 SET CHARACTER_SET_CLIENT=@OLD_CHARACTER_SET_CLIENT */;
/*!40101 SET CHARACTER_SET_RESULTS=@OLD_CHARACTER_SET_RESULTS */;
/*!40101 SET COLLATION_CONNECTION=@OLD_COLLATION_CONNECTION */;
/*!40101 SET CHARACTER_SET_CLIENT=@OLD_CHARACTER_SET_CLIENT */;
